# Blender v2.80 (sub 75) OBJ File: ''
# www.blender.org
mtllib viking_room.mtl
o mesh_all1_Texture1_0
v -2.123922 0.425984 -1.649272
v -2.123922 1.175243 1.920234
v -2.123922 1.240704 -1.175941
v -2.123922 -0.442921 -1.227462
v -2.123922 -0.372052 1.920238
v 4.453858 -3.186882 1.909853
v 2.340218 -0.698247 1.909853
v 2.340218 -3.186882 1.909853
v 4.453858 4.116008 1.909849
v 2.340218 4.116008 1.909849
v 2.340218 1.360258 1.909853
v -2.133122 4.116008 1.909849
v 0.171108 1.360258 1.909853
v 0.171108 4.116008 1.909849
v -1.312972 1.480374 -1.458336
v -1.312972 1.467504 -1.833727
v -1.312972 1.269929 -1.576032
v -1.312972 -0.650776 -1.458617
v -1.312972 -0.449521 -1.578762
v -1.312972 -0.644476 -1.806732
v -1.851377 0.062804 -0.518542
v -1.677317 0.066424 -0.518427
v -2.003932 0.146669 -0.515922
v -1.864902 0.712174 -0.498242
v -1.538282 0.631934 -0.500752
v -1.690837 0.715799 -0.498127
v -1.205147 -2.316696 -2.686037
v -1.481892 -2.345356 -2.686037
v -0.928397 -2.345356 -2.686037
v -1.205147 3.153364 -2.686041
v -0.928397 3.182024 -2.686041
v -1.481892 3.182024 -2.686041
v 3.568608 -2.316696 -2.686037
v 3.291863 -2.345356 -2.686037
v 3.845358 -2.345356 -2.686037
v -0.712267 -2.264306 -0.912452
v -0.765772 -2.152121 -0.912452
v -1.194292 -2.148226 -0.912452
v -1.697987 -2.286031 -0.912452
v -1.635847 -2.152961 -0.912452
v -1.194292 -2.148226 -0.227342
v -1.697987 -2.286031 -0.227342
v -1.635847 -2.152961 -0.227342
v -0.712267 -2.264306 -0.227342
v -0.765772 -2.152121 -0.227342
v 4.053323 -2.424501 -0.912452
v 3.999818 -2.312321 -0.912452
v 3.571298 -2.308426 -0.912452
v 3.067603 -2.446226 -0.912452
v 3.129743 -2.313161 -0.912452
v 3.571298 -2.308426 -0.227342
v 3.067603 -2.446226 -0.227342
v 3.129743 -2.313161 -0.227342
v 4.053323 -2.424501 -0.227342
v 3.999818 -2.312321 -0.227342
v -0.710802 3.100974 -0.912456
v -1.192827 2.984894 -0.912456
v -0.764302 2.988789 -0.912456
v -1.696517 3.122694 -0.912456
v -1.634382 2.989629 -0.912456
v -1.192827 2.984893 -0.227346
v -1.634382 2.989628 -0.227346
v -1.696522 3.122694 -0.227346
v -0.710802 3.100974 -0.227346
v -0.764302 2.988789 -0.227346
v -1.521987 -1.774646 -0.154617
v -1.394517 -1.774646 -0.053192
v -1.521987 -1.774646 -0.053192
v -1.521987 -1.902071 -0.154617
v -1.521987 -1.902071 -0.053192
v -1.394517 -1.902071 -0.053192
v -1.521987 -0.868441 -0.154617
v -1.394517 -0.868441 -0.053192
v -1.521987 -0.868441 -0.053192
v -1.521987 -0.995861 -0.154617
v -1.521987 -0.995861 -0.053192
v -1.394517 -0.995861 -0.053192
v -1.521987 1.806044 -0.146362
v -1.394517 1.806044 -0.062682
v -1.521987 1.806044 -0.062682
v -1.521987 1.669259 -0.146362
v -1.521987 1.669259 -0.062682
v -1.394517 1.669259 -0.062682
v -1.521987 2.730489 -0.146361
v -1.394517 2.730489 -0.062681
v -1.521987 2.730489 -0.062681
v -1.521987 2.593744 -0.146361
v -1.521987 2.593744 -0.062681
v -1.394517 2.593744 -0.062681
v -0.628927 1.135469 0.824203
v -0.583242 1.178289 0.813713
v -0.573347 1.239564 0.791788
v -0.724962 1.317739 0.743384
v -0.770647 1.274919 0.753873
v -0.780537 1.213644 0.775798
v -0.559472 -0.236141 0.803963
v -0.622342 -0.236866 0.793428
v -0.671227 -0.275536 0.771418
v -0.611967 -0.436246 0.722808
v -0.549097 -0.435521 0.733343
v -0.500217 -0.396851 0.755358
v -0.472672 -1.334546 1.231298
v -0.495852 -1.429996 1.207888
v -0.398082 -1.395316 1.198628
v -0.662582 1.202754 0.597403
v -0.662817 1.203204 0.514518
v -0.694402 1.261419 0.565428
v -0.589497 -0.313586 0.646478
v -0.589322 -0.313906 0.586868
v -0.566152 -0.355526 0.623488
v -0.593267 -0.315681 0.646478
v -0.569917 -0.357621 0.623488
v -0.593082 -0.315996 0.586868
v -1.491272 1.240704 -1.175941
v -1.491272 0.425984 -1.649272
v -2.123922 0.425984 -1.649272
v -2.123922 1.240704 -1.175941
v -1.491272 1.175243 1.920234
v -1.491272 1.240704 -1.175941
v -2.123922 1.240704 -1.175941
v -2.123922 1.175243 1.920234
v -1.491272 -0.442921 -1.227462
v -1.491272 -0.372052 1.920238
v -2.123922 -0.372052 1.920238
v -2.123922 -0.442921 -1.227462
v -1.491272 -2.581806 1.897498
v -1.491272 -0.372052 1.920238
v -1.491272 -0.442921 -1.227462
v -1.491272 -2.516331 -1.320697
v -1.491272 1.240704 -1.175941
v -1.491272 1.175243 1.920234
v -1.491272 3.383468 1.948264
v -1.491272 3.339414 -1.288491
v -1.491272 2.724774 -2.080936
v -1.491272 2.185284 -2.366522
v -1.491272 0.425984 -1.649272
v -1.491272 0.430394 -2.403142
v -1.491272 -1.369731 -2.377102
v 3.426368 -2.905882 1.905893
v -0.945002 -2.905882 1.915168
v -0.948077 -2.905881 -2.148507
v 3.423298 -2.905881 -2.157772
v 3.113378 -2.563106 -2.339762
v 3.113378 -2.563106 -1.922607
v 2.211453 -2.563106 -1.821282
v 2.211453 -2.563106 -2.238437
v 1.034843 -2.563106 -1.922607
v 1.034843 -2.563106 -2.339762
v -0.041897 -2.563106 -1.846612
v -0.041897 -2.563106 -2.263767
v -0.758067 -2.563106 -1.922607
v -0.758067 -2.563106 -2.339762
v -0.991872 -0.029556 -0.090182
v -0.974097 -0.043221 0.032933
v -0.915817 -0.043221 0.032933
v -0.898047 -0.029556 -0.090182
v -0.898047 0.128519 -0.012937
v -0.915817 0.051344 0.089778
v -0.974097 0.051344 0.089778
v -0.991872 0.128519 -0.012937
v -1.038782 0.049484 -0.051557
v -0.898047 -0.029556 -0.090182
v -0.851132 0.049484 -0.051557
v -0.898047 0.128519 -0.012937
v -0.991872 0.128519 -0.012937
v -0.862942 -0.000186 0.454643
v -0.912237 0.118414 0.587818
v -0.880617 0.050349 0.543763
v -1.022737 -0.000186 0.454643
v -1.005062 0.050349 0.543763
v -0.973442 0.118414 0.587818
v -0.976962 -0.165871 0.180263
v -1.022737 -0.280211 0.348163
v -0.862942 -0.280211 0.348163
v -0.908717 -0.165871 0.180263
v -1.022737 -0.280211 0.348163
v -1.005062 -0.298141 0.310668
v -0.880617 -0.298141 0.310668
v -0.862942 -0.280211 0.348163
v -1.044332 1.183969 0.657103
v -1.044332 1.205589 0.517518
v -1.014847 1.252514 0.548223
v -0.943482 1.173159 0.726893
v -1.044332 1.183969 0.657103
v -1.014847 1.237214 0.646998
v -0.842632 1.183969 0.657103
v -0.943482 1.173159 0.726893
v -0.943482 1.229564 0.696383
v -0.872117 1.237214 0.646998
v -0.842632 1.205589 0.517518
v -0.842632 1.183969 0.657103
v -0.872117 1.237214 0.646998
v -0.872117 1.252514 0.548223
v -0.943482 1.216399 0.447723
v -0.842632 1.205589 0.517518
v -0.872117 1.252514 0.548223
v -0.943482 1.260164 0.498838
v -1.044332 1.205589 0.517518
v -0.943482 1.216399 0.447723
v -0.943482 1.260164 0.498838
v -1.014847 1.252514 0.548223
v -0.872117 1.237214 0.646998
v -0.943482 1.229564 0.696383
v -0.943482 1.260164 0.498838
v -0.872117 1.252514 0.548223
v -1.014847 1.252514 0.548223
v -1.014847 1.237214 0.646998
v -0.867657 0.122579 0.202718
v -0.897237 0.111769 0.219378
v -0.943482 0.128664 0.193343
v -0.943482 0.150284 0.160038
v -0.867657 -0.160956 0.034338
v -0.897237 -0.164166 0.054803
v -0.897237 -0.174216 0.118788
v -0.867657 -0.177426 0.139248
v -0.897237 0.077979 0.271443
v -0.943482 -0.179236 0.150773
v -0.943482 -0.185661 0.191698
v -0.867657 0.067169 0.288098
v -0.943482 0.039464 0.330783
v -0.943482 0.061079 0.297478
v -0.943482 -0.185661 0.191698
v -0.989727 -0.174216 0.118783
v -1.019312 -0.177426 0.139248
v -0.943482 0.039464 0.330783
v -1.019312 0.067169 0.288098
v -0.989727 0.077979 0.271443
v -0.943482 0.061079 0.297478
v -0.989727 -0.164166 0.054803
v -1.019312 -0.160956 0.034338
v -1.019312 0.122579 0.202718
v -0.989727 0.111769 0.219378
v -0.943482 -0.159146 0.022813
v -0.943482 -0.152716 -0.018112
v -0.943482 0.150284 0.160038
v -0.943482 0.128664 0.193343
v -0.943482 -0.152716 -0.018112
v -0.943482 -0.159146 0.022813
v -0.875662 1.111064 0.517773
v -0.842632 1.183969 0.657103
v -0.842632 1.205589 0.517518
v -0.875662 1.096524 0.611643
v -0.943482 1.089254 0.658583
v -0.943482 1.173159 0.726893
v -0.842632 1.183969 0.657103
v -0.943482 1.089254 0.658583
v -1.011302 1.096524 0.611643
v -1.044332 1.183969 0.657103
v -0.943482 1.173159 0.726893
v -1.011302 1.096524 0.611643
v -1.011302 1.111064 0.517773
v -1.044332 1.205589 0.517518
v -1.044332 1.183969 0.657103
v -1.011302 1.111064 0.517773
v -0.943482 1.216399 0.447723
v -1.044332 1.205589 0.517518
v -0.943482 1.118334 0.470843
v -0.875662 1.111064 0.517773
v -0.842632 1.205589 0.517518
v -0.943482 -0.259591 -0.110867
v -1.031252 -0.284336 -0.056152
v -1.031252 -0.333831 0.053273
v -0.943482 -0.358581 0.107983
v -0.625752 -0.202711 1.125208
v -0.620697 0.034419 1.125203
v -0.620697 0.034419 0.884958
v -1.228082 -0.208051 0.841723
v -1.231452 0.052224 0.884958
v -1.231452 0.052224 1.125203
v -1.228082 -0.208051 1.125208
v -0.619012 0.839214 1.125203
v -0.627437 1.054973 1.125203
v -0.627437 1.053414 0.854333
v -0.619012 0.839214 0.884953
v -1.223022 0.844554 0.884953
v -1.243247 1.044294 1.125203
v -1.223022 0.844554 1.125203
v -0.870507 0.146404 0.568513
v -0.870507 0.321789 0.544528
v -0.870507 0.350649 0.474538
v -0.870507 0.154584 0.409983
v -0.870507 0.350649 0.474538
v -1.000607 0.350649 0.474538
v -1.000607 0.154584 0.409983
v -1.000607 0.146404 0.568513
v -1.000607 0.321789 0.544528
v -0.870507 0.321789 0.544528
v -0.870507 0.146404 0.568513
v -1.000607 0.146404 0.568513
v -0.870507 0.146404 0.568513
v -0.870507 0.154584 0.409983
v -1.000607 0.154584 0.409983
v -0.870507 0.641254 0.695158
v -0.870507 0.860294 0.684158
v -0.870507 0.853879 0.607793
v -0.870507 0.650369 0.574813
v -0.870507 0.650369 0.574813
v -0.870507 0.853879 0.607793
v -1.000607 0.853879 0.607793
v -1.000607 0.650369 0.574813
v -1.000607 0.641254 0.695158
v -1.000607 0.860294 0.684153
v -0.870507 0.860294 0.684158
v -0.870507 0.641254 0.695158
v -0.870507 0.860294 0.684158
v -1.000607 0.860294 0.684153
v -1.000607 0.853879 0.607793
v -0.870507 0.853879 0.607793
v -1.000607 0.641254 0.695158
v -0.870507 0.650369 0.574813
v -1.000607 0.650369 0.574813
v -1.301997 1.046419 -0.281422
v -1.301997 1.367639 -0.318202
v -1.557487 1.367639 -0.266332
v -1.557487 1.046419 -0.229557
v -1.557387 1.087534 0.132283
v -1.557387 1.345809 0.167218
v -1.298822 1.345809 0.201793
v -1.298822 1.087534 0.166863
v -1.349872 -0.520861 1.139473
v -1.349872 -0.304151 1.141468
v -1.349872 -0.333201 -0.117502
v -1.349872 -0.500491 -0.107872
v -1.349872 -0.303226 -1.199937
v -1.349872 -0.509686 -1.177767
v -1.359337 1.302399 1.126873
v -1.359337 1.274159 -0.072807
v -1.359337 1.138409 -0.083782
v -1.359337 1.321779 -1.177771
v -1.359337 1.115319 -1.199942
v -1.536587 -0.405161 0.051503
v -1.536587 1.213254 -0.006792
v -1.536587 1.217184 -0.160687
v -1.536587 -0.420291 -0.186332
v -1.536587 -0.420291 -0.186332
v -1.536587 1.217184 -0.160687
v -2.131412 1.217184 -0.160687
v -2.131412 -0.420291 -0.186332
v -2.131412 -0.405161 0.051503
v -2.131412 1.213254 -0.006792
v -1.536587 1.213254 -0.006792
v -1.536587 -0.405161 0.051503
v -1.301997 -0.271711 -0.280832
v -1.557487 -0.271711 -0.228967
v -1.557487 -0.592931 -0.265742
v -1.301997 -0.592931 -0.317612
v -1.557387 -0.312826 0.132873
v -1.298822 -0.312826 0.167448
v -1.298822 -0.571101 0.202388
v -1.557387 -0.571101 0.167808
v 0.171108 -0.698247 1.909853
v 0.171108 -3.186882 1.909853
v 0.171108 4.116008 2.457694
v -2.133122 4.116008 2.457694
v -2.133122 4.116008 1.909849
v 0.171108 4.116008 1.909849
v 2.340218 4.116008 2.457694
v 2.340218 4.116008 1.909849
v 4.453858 4.116008 2.457699
v 4.453858 4.116008 1.909849
v -2.133122 -3.186882 2.457698
v 0.171108 -3.186882 2.457698
v 0.171108 -3.186882 1.909853
v -2.133122 -3.186882 1.909853
v 2.340218 -3.186882 2.457698
v 2.340218 -3.186882 1.909853
v 4.453858 -3.186882 1.909853
v -2.133122 -3.186882 1.909853
v -2.133122 -3.186882 2.457698
v -2.133122 -3.186882 1.909853
v -2.133122 4.116008 1.909849
v -2.133122 4.116008 2.457694
v 4.453858 -3.186882 1.909853
v 4.453858 -3.186882 2.457703
v 4.453858 4.116008 2.457699
v 4.453858 4.116008 1.909849
v -1.493842 1.701809 -1.403761
v -1.342772 1.701809 -1.403761
v -1.342772 1.671449 -1.371212
v -1.493842 1.671449 -1.371212
v -1.342772 1.701809 -1.403761
v -1.342772 1.655914 -1.710986
v -1.342772 1.499974 -1.543782
v -1.342772 1.671449 -1.371212
v -1.493842 1.671449 -1.371212
v -1.342772 1.671449 -1.371212
v -1.342772 1.499974 -1.543782
v -1.493842 1.499974 -1.543782
v -1.493842 1.655914 -1.710986
v -1.342772 1.655914 -1.710986
v -1.342772 1.701809 -1.403761
v -1.493842 1.701809 -1.403761
v -1.493842 -0.853476 -1.361402
v -1.493842 -0.823116 -1.328852
v -1.342772 -0.823116 -1.328852
v -1.342772 -0.853476 -1.361402
v -1.342772 -0.853476 -1.361402
v -1.342772 -0.823116 -1.328852
v -1.342772 -0.651641 -1.501422
v -1.342772 -0.807581 -1.668627
v -1.493842 -0.823116 -1.328852
v -1.493842 -0.651641 -1.501422
v -1.342772 -0.651641 -1.501422
v -1.342772 -0.823116 -1.328852
v -1.493842 -0.807581 -1.668627
v -1.493842 -0.853476 -1.361402
v -1.342772 -0.853476 -1.361402
v -1.342772 -0.807581 -1.668627
v -1.312972 1.429484 -1.154226
v -1.312972 1.260809 -1.433311
v -1.312972 1.025859 -1.340542
v -1.312972 1.035629 -1.143507
v -1.312972 1.693289 -1.712012
v -1.312972 1.670554 -1.815917
v -1.312972 1.337064 -1.956732
v -1.312972 1.095659 -1.728987
v -1.312972 -0.585931 -1.123762
v -1.312972 -0.196821 -1.164387
v -1.312972 -0.190481 -1.386487
v -1.312972 -0.436476 -1.430742
v -1.312972 -0.817071 -1.767127
v -1.312972 -0.281946 -1.674342
v -1.312972 -0.414196 -1.944782
v -1.312972 0.420239 -1.852277
v -1.312972 0.415664 -1.516847
v -1.498512 1.260809 -1.433311
v -1.498512 1.025859 -1.340542
v -1.312972 1.025859 -1.340542
v -1.312972 1.260809 -1.433311
v -1.498512 1.269929 -1.576032
v -1.498512 1.260809 -1.433311
v -1.312972 1.260809 -1.433311
v -1.312972 1.269929 -1.576032
v -1.498512 1.693289 -1.712012
v -1.498512 1.670554 -1.815917
v -1.312972 1.670554 -1.815917
v -1.312972 1.693289 -1.712012
v -1.498512 1.337064 -1.956732
v -1.498512 1.095659 -1.728987
v -1.312972 1.095659 -1.728987
v -1.312972 1.337064 -1.956732
v -1.498512 1.095659 -1.728987
v -1.498512 1.269929 -1.576032
v -1.312972 1.269929 -1.576032
v -1.312972 1.095659 -1.728987
v -1.498512 1.025859 -1.340542
v -1.498512 0.420239 -1.852277
v -1.312972 0.420239 -1.852277
v -1.312972 1.025859 -1.340542
v -1.498512 -0.190481 -1.386487
v -1.498512 -0.436476 -1.430742
v -1.312972 -0.436476 -1.430742
v -1.312972 -0.190481 -1.386487
v -1.498512 -0.817071 -1.767127
v -1.498512 -0.835131 -1.656602
v -1.312972 -0.835131 -1.656602
v -1.312972 -0.817071 -1.767127
v -1.498512 -0.449521 -1.578762
v -1.498512 -0.281946 -1.674342
v -1.312972 -0.281946 -1.674342
v -1.312972 -0.449521 -1.578762
v -1.498512 -0.281946 -1.674342
v -1.498512 -0.414196 -1.944782
v -1.312972 -0.414196 -1.944782
v -1.312972 -0.281946 -1.674342
v -1.388667 0.308604 -0.050757
v -1.381137 0.388369 -0.000787
v -1.429337 0.393564 -0.265592
v -1.427782 0.283959 -0.268737
v -1.430892 0.503169 -0.262457
v -1.456282 0.307614 -0.038447
v -1.448752 0.387379 0.011523
v -1.381137 0.388369 -0.000787
v -1.388667 0.308604 -0.050757
v -1.448752 0.387379 0.011523
v -1.458577 0.469014 -0.033822
v -1.390957 0.470004 -0.046132
v -1.381137 0.388369 -0.000787
v -1.390957 0.470004 -0.046132
v -1.458577 0.469014 -0.033822
v -1.498507 0.502179 -0.250142
v -1.430892 0.503169 -0.262457
v -1.456282 0.307614 -0.038447
v -1.388667 0.308604 -0.050757
v -1.427782 0.283959 -0.268737
v -1.495397 0.282969 -0.256427
v -1.444492 0.309059 -0.510842
v -2.013832 0.622039 -0.501057
v -2.097727 0.469539 -0.505827
v -2.094102 0.295544 -0.511262
v -1.528387 0.156564 -0.515612
v -1.448117 0.483059 -0.505407
v -1.546417 3.323439 0.085874
v -0.832232 3.323439 0.085874
v -0.832232 3.074069 0.085874
v -1.546417 3.074069 0.085874
v -1.546417 -2.486771 0.085878
v -1.546417 -2.237401 0.085878
v -0.832232 -2.237401 0.085878
v -0.832232 -2.486771 0.085878
v 3.314903 -2.042166 0.939043
v 3.700648 -1.999606 0.939043
v 3.856663 -1.644256 0.939043
v 3.626928 -1.331471 0.939043
v 3.241183 -1.374036 0.939043
v 3.085168 -1.729381 0.939043
v -0.735957 1.974399 0.939038
v -0.754752 2.362028 0.939039
v -1.099847 2.539568 0.939039
v -1.426152 2.329473 0.939039
v -1.407352 1.941844 0.939038
v -1.062257 1.764304 0.939038
v -1.008907 -0.982451 -0.454947
v -1.014777 -0.991096 -0.415447
v -0.937012 -1.040701 -0.406602
v -0.928992 -1.028886 -0.460597
v -1.145097 -1.616996 -0.295812
v -1.005392 -1.560631 -0.298677
v -1.050127 -1.477091 -0.935122
v -1.189832 -1.533461 -0.932257
v -0.890402 -1.500626 -0.386422
v -0.923147 -1.439471 -0.852337
v -1.304827 -1.593466 -0.844512
v -1.272077 -1.654616 -0.378597
v -1.364297 -1.641031 -0.695392
v -0.830927 -1.453056 -0.535547
v -0.842917 -1.430671 -0.706082
v 1.396423 0.407854 1.129388
v 1.369873 0.330669 1.143308
v 1.363688 0.178489 0.552483
v 1.369873 0.330669 1.143308
v 1.424328 0.270479 1.159688
v 1.453688 0.079009 0.579553
v 1.363688 0.178489 0.552483
v 1.424328 0.270479 1.159688
v 1.505328 0.287474 1.162143
v 1.587563 0.107099 0.583618
v 1.453688 0.079009 0.579553
v 1.531878 0.364659 1.148228
v 1.477423 0.424849 1.131843
v 1.541443 0.334149 0.533538
v 1.631443 0.234669 0.560608
v 1.477423 0.424849 1.131843
v 1.396423 0.407854 1.129388
v 1.407568 0.306059 0.529468
v 1.541443 0.334149 0.533538
v 1.407568 0.306059 0.529468
v 1.363688 0.178489 0.552483
v 1.453688 0.079009 0.579553
v 1.587563 0.107099 0.583618
v 1.631443 0.234669 0.560608
v 1.541443 0.334149 0.533538
v -0.014867 2.632458 1.166794
v 0.119013 3.269588 1.166794
v 0.119013 3.269588 1.037729
v -0.014867 2.632458 1.037729
v -0.014867 2.632458 1.037729
v -0.318017 3.348849 0.952239
v -0.451892 2.711724 0.952239
v -0.451892 2.711724 0.952239
v -0.318017 3.348849 0.952239
v -0.318017 3.348849 1.166794
v -0.451892 2.711724 1.166794
v 0.119013 3.269588 1.166794
v -0.318017 3.348849 1.166794
v -0.318017 3.348849 0.952239
v 0.119013 3.269588 1.037729
v -0.451892 2.711724 1.166794
v -0.014867 2.632458 1.166794
v -0.014867 2.632458 1.037729
v -0.451892 2.711724 0.952239
v -0.502397 2.480528 1.647264
v 1.322458 2.149564 1.647269
v 1.322458 2.149564 1.261694
v -0.502397 2.480528 1.261694
v -0.277082 3.552798 1.261694
v 1.547773 3.221833 1.261694
v 1.547773 3.221833 1.647269
v -0.277082 3.552798 1.647264
v -0.277082 3.552798 1.647264
v -0.502397 2.480528 1.647264
v -0.502397 2.480528 1.261694
v -0.277082 3.552798 1.261694
v 0.590843 3.389314 1.549024
v 1.334433 3.254454 1.549024
v 1.414448 3.635249 1.537604
v 0.670858 3.770113 1.537604
v 0.670858 3.770113 1.537604
v 1.414448 3.635249 1.537604
v 1.414448 3.635249 1.653499
v 0.670858 3.770113 1.653499
v 0.670858 3.770113 1.653499
v 1.414448 3.635249 1.653499
v 1.334433 3.254454 1.642549
v 0.590843 3.389314 1.642549
v 1.334433 3.254454 1.642549
v 1.414448 3.635249 1.653499
v 1.414448 3.635249 1.537604
v 1.334433 3.254454 1.549024
v 0.734683 3.575414 1.935034
v 1.276488 3.477149 1.935034
v 1.324848 3.468374 1.629149
v 0.686323 3.584183 1.629149
v 0.713383 3.712978 1.629149
v 1.351913 3.597168 1.629149
v 1.303553 3.605939 1.935034
v 0.761743 3.704208 1.935034
v 1.276488 3.477149 1.935034
v 1.303553 3.605939 1.935034
v 1.351913 3.597168 1.629149
v 1.324848 3.468374 1.629149
v 0.761743 3.704208 1.935034
v 0.734683 3.575414 1.935034
v 0.686323 3.584183 1.629149
v 0.713383 3.712978 1.629149
v -0.602277 2.341419 1.935903
v 1.397713 1.978683 1.935903
v 1.411928 2.046319 1.642669
v -0.588062 2.409054 1.642669
v -0.588062 2.409054 1.642669
v 1.411928 2.046319 1.642669
v 1.678943 3.317053 1.642669
v -0.321047 3.679783 1.642669
v -0.321047 3.679783 1.642669
v 1.678943 3.317053 1.642669
v 1.693158 3.384689 1.935904
v 1.397713 1.978683 1.935903
v 1.693158 3.384689 1.935904
v 1.678943 3.317053 1.642669
v 1.411928 2.046319 1.642669
v -0.306832 3.747419 1.935904
v -0.602277 2.341419 1.935903
v -0.588062 2.409054 1.642669
v -0.321047 3.679783 1.642669
v -0.558162 2.458049 1.319554
v 1.393223 2.104133 1.344649
v 1.393223 2.104133 1.163679
v -0.558162 2.458049 1.163679
v 1.393223 2.104133 1.163679
v 1.634158 3.250749 1.163679
v -0.317222 3.604663 1.163679
v -0.317222 3.604663 1.163679
v 1.634158 3.250749 1.163679
v 1.634158 3.250749 1.344649
v -0.317222 3.604663 1.319554
v -0.317222 3.604663 1.319554
v 1.634158 3.250749 1.344649
v 1.393223 2.104133 1.344649
v -0.558162 2.458049 1.319554
v -0.317222 3.604663 1.319554
v -0.558162 2.458049 1.319554
v -0.558162 2.458049 1.163679
v -0.317222 3.604663 1.163679
v 1.175218 -2.591017 1.382733
v 1.335868 -2.529567 1.382733
v 1.335868 -2.529567 1.155968
v 1.175218 -2.591017 1.155968
v 1.409698 -1.906066 1.141513
v 1.550213 -1.509161 1.109013
v 1.420968 -1.463876 1.101343
v 1.280453 -1.860786 1.133843
v 1.202723 -1.748346 1.121428
v 1.289568 -1.503046 1.101343
v 1.541098 -1.866901 1.141513
v 1.624458 -1.758246 1.133843
v 1.627943 -1.621601 1.121428
v 1.427393 -2.008237 1.010673
v 1.348568 -2.000091 1.010673
v 1.357678 -2.030642 1.010673
v 1.412233 -2.036281 1.010673
v 1.287068 -2.050066 1.010673
v 1.315113 -2.065227 1.010673
v 1.278923 -2.128891 1.010673
v 1.309473 -2.119781 1.010673
v 1.328898 -2.190392 1.010673
v 1.344063 -2.162346 1.010673
v 1.407723 -2.198537 1.010673
v 1.398618 -2.167987 1.010673
v 1.469223 -2.148561 1.010673
v 1.441183 -2.133402 1.010673
v 1.469223 -2.148561 1.010673
v 1.477373 -2.069736 1.010673
v 1.446818 -2.078841 1.010673
v 1.441183 -2.133402 1.010673
v 0.858803 -1.376826 1.317988
v 0.864518 -1.557306 1.317988
v 0.864518 -1.557306 1.145303
v 0.858803 -1.376826 1.145303
v 1.656233 -1.419232 1.941433
v 1.224588 -1.490016 1.275543
v 0.959343 -1.535361 1.275543
v 1.443578 -1.455586 1.941433
v 1.224183 -1.379241 1.275543
v 1.655808 -1.302442 1.941433
v 1.443153 -1.338797 1.941433
v 0.958943 -1.424591 1.275543
v 1.443153 -1.338797 1.941433
v 1.443578 -1.455586 1.941433
v 0.959343 -1.535361 1.275543
v 0.958943 -1.424591 1.275543
v 1.224183 -1.379241 1.275543
v 1.224588 -1.490016 1.275543
v 1.656233 -1.419232 1.941433
v 1.655808 -1.302442 1.941433
v 1.035833 -1.504032 1.941433
v 1.249878 -1.472337 1.941433
v 1.737158 -1.397887 1.275543
v 1.470183 -1.437421 1.275543
v 1.466253 -1.353796 1.275543
v 1.733228 -1.314256 1.275543
v 1.245738 -1.384167 1.941433
v 1.031693 -1.415861 1.941433
v 1.245738 -1.384167 1.941433
v 1.733228 -1.314256 1.275543
v 1.737158 -1.397887 1.275543
v 1.249878 -1.472337 1.941433
v 1.466253 -1.353796 1.275543
v 1.031693 -1.415861 1.941433
v 1.035833 -1.504032 1.941433
v 1.470183 -1.437421 1.275543
v 1.739558 -2.242376 1.941433
v 1.308018 -2.313527 1.275543
v 1.042843 -2.359087 1.275543
v 1.526953 -2.278902 1.941433
v 1.307823 -2.203461 1.275543
v 1.739353 -2.126327 1.941433
v 1.526748 -2.162856 1.941433
v 1.042648 -2.249022 1.275543
v 1.526748 -2.162856 1.941433
v 1.526953 -2.278902 1.941433
v 1.042843 -2.359087 1.275543
v 1.042648 -2.249022 1.275543
v 1.307823 -2.203461 1.275543
v 1.308018 -2.313527 1.275543
v 1.739558 -2.242376 1.941433
v 1.739353 -2.126327 1.941433
v 1.119698 -2.328991 1.941433
v 1.333458 -2.296342 1.941433
v 1.820108 -2.219792 1.275543
v 1.553488 -2.260517 1.275543
v 1.550313 -2.179407 1.275543
v 1.816933 -2.138682 1.275543
v 1.330108 -2.210821 1.941433
v 1.116348 -2.243476 1.941433
v 1.330108 -2.210821 1.941433
v 1.816933 -2.138682 1.275543
v 1.820108 -2.219792 1.275543
v 1.333458 -2.296342 1.941433
v 1.550313 -2.179407 1.275543
v 1.116348 -2.243476 1.941433
v 1.119698 -2.328991 1.941433
v 1.553488 -2.260517 1.275543
v 2.309813 -1.667151 1.491993
v 2.499413 -1.610641 1.491993
v 2.512083 -1.092842 1.491993
v 2.325478 -1.027121 1.491993
v 2.135883 -1.083636 1.491993
v 2.123208 -1.601431 1.491993
v 2.010873 -1.438581 1.491993
v 2.015713 -1.240796 1.491993
v 2.619578 -1.453476 1.491993
v 2.624418 -1.255696 1.491993
v 2.230093 -1.017342 1.932763
v 2.165048 -1.137627 1.932763
v 2.223798 -1.197556 1.588493
v 2.260278 -1.130096 1.588493
v 2.165048 -1.137627 1.932763
v 2.285333 -1.202667 1.932763
v 2.291258 -1.234036 1.588493
v 2.223798 -1.197556 1.588493
v 2.285333 -1.202667 1.932763
v 2.350378 -1.082382 1.932763
v 2.327738 -1.166576 1.588493
v 2.291258 -1.234036 1.588493
v 2.350378 -1.082382 1.932763
v 2.260278 -1.130096 1.588493
v 2.327738 -1.166576 1.588493
v 1.962648 -1.457592 1.932763
v 2.084353 -1.519937 1.932763
v 2.147068 -1.459036 1.588493
v 2.078808 -1.424071 1.588493
v 2.084353 -1.519937 1.932763
v 2.146698 -1.398232 1.932763
v 2.182033 -1.390777 1.588493
v 2.146698 -1.398232 1.932763
v 2.024993 -1.335886 1.932763
v 2.113773 -1.355812 1.588493
v 2.182033 -1.390777 1.588493
v 2.024993 -1.335886 1.932763
v 1.962648 -1.457592 1.932763
v 2.078808 -1.424071 1.588493
v 2.113773 -1.355812 1.588493
v 2.684293 -1.254381 1.932763
v 2.568668 -1.181372 1.932763
v 2.501643 -1.240311 1.588493
v 2.566493 -1.281256 1.588493
v 2.568668 -1.181372 1.932763
v 2.495663 -1.297001 1.932763
v 2.460698 -1.305161 1.588493
v 2.495663 -1.297001 1.932763
v 2.611288 -1.370007 1.932763
v 2.525548 -1.346106 1.588493
v 2.460698 -1.305161 1.588493
v 2.611288 -1.370007 1.932763
v 2.684293 -1.254381 1.932763
v 2.566493 -1.281256 1.588493
v 2.525548 -1.346106 1.588493
v 2.421993 -1.685292 1.932763
v 2.487288 -1.565141 1.932763
v 2.427448 -1.505451 1.588493
v 2.390823 -1.572837 1.588493
v 2.487288 -1.565141 1.932763
v 2.367143 -1.499846 1.932763
v 2.360058 -1.468826 1.588493
v 2.427448 -1.505451 1.588493
v 2.367143 -1.499846 1.932763
v 2.323438 -1.536216 1.588493
v 2.360058 -1.468826 1.588493
v 2.301848 -1.619997 1.932763
v 2.421993 -1.685292 1.932763
v 2.390823 -1.572837 1.588493
v 2.323438 -1.536216 1.588493
v 2.430898 -2.138007 1.927103
v 2.353218 -2.088956 1.927103
v 2.308188 -2.128551 1.695818
v 2.351753 -2.156061 1.695818
v 2.353218 -2.088956 1.927103
v 2.304168 -2.166642 1.927103
v 2.280678 -2.172122 1.695818
v 2.308188 -2.128551 1.695818
v 2.304168 -2.166642 1.927103
v 2.381848 -2.215686 1.927103
v 2.324243 -2.199632 1.695818
v 2.280678 -2.172122 1.695818
v 2.381848 -2.215686 1.927103
v 2.430898 -2.138007 1.927103
v 2.351753 -2.156061 1.695818
v 2.179313 -2.415317 1.630983
v 2.306688 -2.377352 1.630983
v 2.315198 -2.029481 1.630983
v 2.189833 -1.985326 1.630983
v 2.062458 -2.023297 1.630983
v 2.053943 -2.371167 1.630983
v 1.978473 -2.261757 1.630983
v 1.981728 -2.128881 1.630983
v 2.387418 -2.271767 1.630983
v 2.390673 -2.138891 1.630983
v 1.946073 -2.274532 1.927103
v 2.027843 -2.316417 1.927103
v 2.069973 -2.275501 1.695818
v 2.024113 -2.252007 1.695818
v 2.027843 -2.316417 1.927103
v 2.069723 -2.234647 1.927103
v 2.093463 -2.229642 1.695818
v 2.069973 -2.275501 1.695818
v 2.069723 -2.234647 1.927103
v 2.047608 -2.206151 1.695818
v 2.093463 -2.229642 1.695818
v 1.987958 -2.192767 1.927103
v 1.946073 -2.274532 1.927103
v 2.024113 -2.252007 1.695818
v 2.047608 -2.206151 1.695818
v 2.125753 -1.978757 1.927103
v 2.082053 -2.059566 1.927103
v 2.121523 -2.099832 1.695818
v 2.146028 -2.054507 1.695818
v 2.082053 -2.059566 1.927103
v 2.166843 -2.124342 1.695818
v 2.121523 -2.099832 1.695818
v 2.162863 -2.103267 1.927103
v 2.206563 -2.022456 1.927103
v 2.191353 -2.079016 1.695818
v 2.166843 -2.124342 1.695818
v 2.206563 -2.022456 1.927103
v 2.125753 -1.978757 1.927103
v 2.146028 -2.054507 1.695818
v 2.191353 -2.079016 1.695818
v 2.254678 -2.427506 1.927103
v 2.298543 -2.346786 1.927103
v 2.258338 -2.306682 1.695818
v 2.233738 -2.351952 1.695818
v 2.298543 -2.346786 1.927103
v 2.217823 -2.302917 1.927103
v 2.213068 -2.282076 1.695818
v 2.258338 -2.306682 1.695818
v 2.217823 -2.302917 1.927103
v 2.173958 -2.383636 1.927103
v 2.188463 -2.327352 1.695818
v 2.213068 -2.282076 1.695818
v 2.173958 -2.383636 1.927103
v 2.254678 -2.427506 1.927103
v 2.233738 -2.351952 1.695818
v 2.188463 -2.327352 1.695818
v 2.006043 -2.294997 1.363808
v 2.009658 -2.098316 1.363808
v 2.009658 -2.098316 1.087898
v 2.006043 -2.294997 1.087898
v 0.941623 -2.139707 1.355558
v 0.936438 -2.352417 1.355558
v 0.936438 -2.352417 1.096148
v 0.941628 -2.139707 1.096148
v -0.178257 3.526749 -0.765836
v -0.205987 3.720374 -0.765836
v -0.710522 3.807974 -0.765836
v -0.801897 3.635034 -0.765836
v -0.774167 3.441409 -0.765836
v -0.269632 3.353809 -0.765836
v -0.534942 3.894179 -0.765836
v -0.342227 3.860719 -0.765836
v -0.637927 3.301064 -0.765836
v -0.445212 3.267604 -0.765836
v -0.216072 3.533313 -0.406966
v -0.296367 3.381349 -0.406966
v -0.739717 3.458323 -0.406966
v -0.764082 3.628464 -0.406966
v -0.240437 3.703458 -0.406966
v -0.683787 3.780434 -0.406966
v -0.360157 3.826784 -0.406966
v -0.529502 3.856189 -0.406966
v -0.450652 3.305594 -0.406966
v -0.619997 3.334999 -0.406966
v -0.131822 3.377194 0.380929
v -0.196407 3.506009 0.085969
v -0.261992 3.381874 0.085969
v -0.140702 3.412484 0.427074
v -0.153337 3.388564 0.427074
v -0.426912 3.469009 0.265774
v -0.361322 3.593144 0.265774
v -0.153337 3.388564 0.427074
v -0.140702 3.412484 0.427074
v -0.123622 3.418759 0.403999
v -0.148902 3.370919 0.403999
v -0.119182 3.401114 0.380929
v -0.131822 3.377194 0.380929
v -0.246067 3.611649 0.175874
v -0.361322 3.593144 0.265774
v -0.426912 3.469009 0.265774
v -0.377247 3.363373 0.175874
v -0.261992 3.381874 0.085969
v -0.196407 3.506009 0.085969
v -0.265922 -2.137641 -0.765832
v -0.434527 -2.038486 -0.765832
v -0.817817 -2.378071 -0.765832
v -0.739697 -2.557386 -0.765832
v -0.571092 -2.656546 -0.765832
v -0.187802 -2.316961 -0.765832
v -0.775612 -2.187076 -0.765832
v -0.629212 -2.057366 -0.765832
v -0.376407 -2.637661 -0.765832
v -0.230002 -2.507951 -0.765832
v -0.294652 -2.163091 -0.406962
v -0.562812 -2.619066 -0.406962
v -0.710967 -2.531936 -0.406962
v -0.442807 -2.075961 -0.406962
v -0.779612 -2.374361 -0.406962
v -0.613882 -2.092551 -0.406962
v -0.226007 -2.320666 -0.406962
v -0.263087 -2.488496 -0.406962
v -0.391737 -2.602476 -0.406962
v -0.120082 -2.194676 0.380933
v -0.130887 -2.169876 0.380933
v -0.261042 -2.164761 0.085973
v -0.204967 -2.293476 0.085973
v -0.153197 -2.179596 0.427078
v -0.142392 -2.204396 0.427078
v -0.375967 -2.367971 0.265778
v -0.432042 -2.239256 0.265778
v -0.142392 -2.204396 0.427078
v -0.153197 -2.179596 0.427078
v -0.147442 -2.162331 0.404003
v -0.125832 -2.211941 0.404003
v -0.130887 -2.169876 0.380933
v -0.374577 -2.137651 0.175878
v -0.262427 -2.395081 0.175878
v -0.204967 -2.293476 0.085973
v -1.561357 -2.544097 1.215233
v -1.410802 -2.446917 1.215233
v -1.474717 -2.249947 1.215233
v -0.793827 -2.743662 1.215233
v -0.848937 -3.084086 1.215233
v -0.705402 -3.145491 1.215233
v -0.621707 -2.707561 1.215233
v -0.848937 -2.544097 1.215233
v -0.703027 -2.404436 1.215233
v -0.999487 -2.446917 1.215233
v -0.935577 -2.249947 1.215233
v -1.205147 -2.425622 1.215233
v -1.205147 -2.221211 1.215233
v -0.725802 -3.090256 -2.686037
v -0.651647 -2.744676 -2.686037
v -1.758642 -2.744676 -2.686037
v -1.684487 -3.090256 -2.686037
v -1.684487 -2.476126 -2.686037
v -0.725802 -2.476126 -2.686037
v -1.561357 3.380763 1.215229
v -1.474717 3.086613 1.215229
v -1.410802 3.283584 1.215229
v -0.848937 3.380763 1.215229
v -0.703027 3.241103 1.215229
v -0.621707 3.544229 1.215229
v -0.793827 3.580328 1.215229
v -0.999487 3.283584 1.215229
v -0.935577 3.086613 1.215229
v -1.205147 3.262288 1.215229
v -1.205147 3.057878 1.215229
v -1.704892 3.982158 1.215744
v -0.705402 3.982158 1.215229
v -0.671882 3.983998 2.034594
v -1.738407 3.983998 2.045544
v -0.725802 3.926924 -2.686041
v -1.684487 3.926924 -2.686041
v -1.758642 3.581344 -2.686041
v -0.651647 3.581344 -2.686041
v -1.684487 3.312794 -2.686041
v -0.725802 3.312794 -2.686041
v 3.212398 -2.544097 1.215233
v 3.362953 -2.446917 1.215233
v 3.299038 -2.249947 1.215233
v 3.979928 -2.743662 1.215233
v 3.924818 -3.084086 1.215233
v 4.068353 -3.145491 1.215233
v 4.152048 -2.707561 1.215233
v 3.924818 -2.544097 1.215233
v 3.774268 -2.446917 1.215233
v 4.070728 -2.404436 1.215233
v 3.838178 -2.249947 1.215233
v 3.568608 -2.425622 1.215233
v 3.568608 -2.221211 1.215233
v 4.047953 -3.090256 -2.686037
v 4.122108 -2.744676 -2.686037
v 3.015113 -2.744676 -2.686037
v 3.089268 -3.090256 -2.686037
v 3.089268 -2.476126 -2.686037
v 4.047953 -2.476126 -2.686037
v -0.742702 -3.140286 -0.912452
v -1.194812 -3.140286 -0.912452
v -1.194812 -3.140286 -0.227342
v -0.742702 -3.140286 -0.227342
v -1.676242 -3.140286 -0.912452
v -1.676242 -3.140286 -0.227342
v 4.022893 -3.140286 -0.912452
v 3.570778 -3.140286 -0.912452
v 3.570778 -3.140286 -0.227342
v 4.022893 -3.140286 -0.227342
v 3.089348 -3.140286 -0.912452
v 3.089348 -3.140286 -0.227342
v -0.741232 3.976954 -0.912456
v -1.193347 3.976954 -0.912456
v -1.193347 3.976954 -0.227346
v -0.741232 3.976954 -0.227346
v -1.674777 3.976954 -0.912456
v -1.674777 3.976954 -0.227346
v -1.040342 -1.774646 -0.031737
v -1.219117 -1.774646 -0.061787
v -1.234882 -1.774646 -0.154617
v -1.043827 -1.774646 -0.158912
v -1.430232 -1.774646 0.343333
v -1.521987 -1.774646 0.343333
v -1.040342 -1.902071 -0.031737
v -1.043827 -1.902071 -0.158912
v -1.234882 -1.902071 -0.154617
v -1.219117 -1.902071 -0.061787
v -1.521987 -1.902071 0.343333
v -1.430232 -1.902071 0.343333
v -1.043827 -1.902071 -0.158912
v -1.040342 -1.902071 -0.031737
v -1.040342 -1.774646 -0.031737
v -1.043827 -1.774646 -0.158912
v -1.394517 -1.902071 -0.053192
v -1.430232 -1.902071 0.343333
v -1.430232 -1.774646 0.343333
v -1.394517 -1.774646 -0.053192
v -1.430232 -1.902071 0.343333
v -1.521987 -1.902071 0.343333
v -1.521987 -1.774646 0.343333
v -1.430232 -1.774646 0.343333
v -0.898427 -2.093546 -0.119477
v -0.898427 -1.407796 -0.171137
v -0.898427 -1.407796 -0.281802
v -0.898427 -2.093546 -0.314942
v -1.521987 -2.093546 -0.314942
v -1.521987 -1.407796 -0.281802
v -1.521987 -1.407796 -0.171137
v -1.521987 -2.093546 -0.119477
v -0.898427 -0.708956 -0.119597
v -1.521987 -0.708956 -0.119597
v -1.521987 -0.708956 -0.314817
v -0.898427 -0.708956 -0.314817
v -1.521987 -2.093546 -0.119477
v -0.898427 -2.093546 -0.119477
v -0.898427 -2.093546 -0.314942
v -1.521987 -2.093546 -0.314942
v -1.521987 -0.708956 -0.314817
v -1.521987 -0.708956 -0.119597
v -0.898427 -0.708956 -0.119597
v -0.898427 -0.708956 -0.314817
v -1.040342 -0.868441 -0.031737
v -1.219117 -0.868441 -0.061787
v -1.234882 -0.868441 -0.154617
v -1.043827 -0.868441 -0.158912
v -1.430232 -0.868441 0.343333
v -1.521987 -0.868441 0.343333
v -1.040342 -0.995861 -0.031737
v -1.043827 -0.995861 -0.158912
v -1.234882 -0.995861 -0.154617
v -1.219117 -0.995861 -0.061787
v -1.521987 -0.995861 0.343333
v -1.430232 -0.995861 0.343333
v -1.043827 -0.995861 -0.158912
v -1.040342 -0.995861 -0.031737
v -1.040342 -0.868441 -0.031737
v -1.043827 -0.868441 -0.158912
v -1.394517 -0.995861 -0.053192
v -1.430232 -0.995861 0.343333
v -1.430232 -0.868441 0.343333
v -1.394517 -0.868441 -0.053192
v -1.430232 -0.995861 0.343333
v -1.521987 -0.995861 0.343333
v -1.521987 -0.868441 0.343333
v -1.430232 -0.868441 0.343333
v -1.040342 1.806044 -0.044981
v -1.219117 1.806044 -0.069771
v -1.234882 1.806044 -0.146362
v -1.043827 1.806044 -0.149906
v -1.430232 1.806044 0.264458
v -1.040342 1.669259 -0.044981
v -1.043827 1.669259 -0.149907
v -1.234882 1.669259 -0.146362
v -1.219117 1.669259 -0.069771
v -1.430232 1.669259 0.264458
v -1.043827 1.669259 -0.149907
v -1.040342 1.669259 -0.044981
v -1.040342 1.806044 -0.044981
v -1.043827 1.806044 -0.149906
v -1.394517 1.669259 -0.062682
v -1.430232 1.669259 0.264458
v -1.430232 1.806044 0.264458
v -1.394517 1.806044 -0.062682
v -1.430232 1.669259 0.264458
v -1.521987 1.669259 0.264458
v -1.521987 1.806044 0.264458
v -1.430232 1.806044 0.264458
v -0.898427 1.576114 -0.117366
v -0.898427 2.225729 -0.159991
v -0.898427 2.225729 -0.251291
v -0.898427 1.576114 -0.278637
v -1.521987 1.576114 -0.278637
v -1.521987 2.225729 -0.251291
v -1.521987 2.225729 -0.159991
v -1.521987 1.576114 -0.117366
v -0.898427 2.887744 -0.117471
v -1.521987 2.887744 -0.117471
v -1.521987 2.887744 -0.278531
v -0.898427 2.887744 -0.278531
v -1.521987 1.576114 -0.117366
v -0.898427 1.576114 -0.117366
v -0.898427 1.576114 -0.278637
v -1.521987 1.576114 -0.278637
v -1.521987 2.887744 -0.278531
v -1.521987 2.887744 -0.117471
v -0.898427 2.887744 -0.117471
v -0.898427 2.887744 -0.278531
v -1.040342 2.730489 -0.044981
v -1.219117 2.730489 -0.069771
v -1.234882 2.730489 -0.146361
v -1.043827 2.730489 -0.149906
v -1.430232 2.730489 0.264459
v -1.040342 2.593744 -0.044981
v -1.043827 2.593744 -0.149906
v -1.234882 2.593744 -0.146361
v -1.219117 2.593744 -0.069771
v -1.430232 2.593744 0.264459
v -1.394517 2.593744 -0.062681
v -1.430232 2.593744 0.264459
v -1.430232 2.730489 0.264459
v -1.394517 2.730489 -0.062681
v -1.430232 2.593744 0.264459
v -1.521987 2.593744 0.264459
v -1.521987 2.730489 0.264459
v -1.430232 2.730489 0.264459
v -0.750862 1.157319 0.800773
v -0.692952 1.127459 0.819263
v -0.603022 1.295889 0.766814
v -0.660937 1.325749 0.748324
v -0.483992 -0.335016 0.780438
v -0.506627 -0.273631 0.799003
v -0.687447 -0.337371 0.746338
v -0.664812 -0.398756 0.727773
v -0.300717 1.287259 1.919843
v -0.300717 1.489528 1.919849
v -0.300717 1.593314 1.014413
v -0.300717 1.355329 1.034828
v -0.300717 1.355329 1.034828
v -0.300717 1.593314 1.014413
v -1.497307 1.593314 1.014413
v -1.497307 1.355329 1.034823
v -1.497307 1.287259 1.919843
v -0.300717 1.287259 1.919843
v -0.300717 1.355329 1.034828
v -1.497307 1.355329 1.034823
v -0.300717 -0.487602 1.919848
v -0.300717 -0.555676 1.034833
v -0.300717 -0.793661 1.014418
v -0.300717 -0.555676 1.034833
v -1.497307 -0.555676 1.034828
v -1.497307 -0.793661 1.014418
v -0.300717 -0.793661 1.014418
v -0.300717 -0.689872 1.919848
v -0.300717 -0.793661 1.014418
v -1.497307 -0.793661 1.014418
v -1.497307 -0.689872 1.919848
v -1.497307 -0.487602 1.919848
v -1.497307 -0.555676 1.034828
v -0.300717 -0.555676 1.034833
v -0.300717 -0.487602 1.919848
v -0.439662 -0.557551 1.120778
v -0.439662 1.354373 1.117684
v -1.501337 1.354373 1.117684
v -1.501337 -0.557551 1.120778
v -0.439662 -0.557551 1.120778
v -0.439662 -0.496312 1.919178
v -0.439662 1.298073 1.919173
v -0.439662 1.354373 1.117684
v -0.082662 1.373559 1.571864
v 0.147648 0.943163 1.571858
v 0.374898 1.025274 1.571858
v 0.111733 1.517074 1.571858
v 0.578048 1.173474 1.571858
v 0.347738 1.603874 1.571858
v 0.447828 1.159033 1.950928
v 1.168013 1.169403 1.950928
v 1.168013 1.169404 1.647884
v 1.162918 1.523183 1.950928
v 0.442733 1.512809 1.678159
v 1.162918 1.523184 1.647884
v 1.739958 1.531493 1.950928
v 1.739958 1.531494 1.678159
v 1.745053 1.177718 1.950928
v 2.152093 1.183578 1.950928
v 2.152093 1.183579 1.678159
v 1.745053 1.177719 1.678159
v 2.146998 1.537354 1.950928
v 2.146998 1.537354 1.678159
v 0.383508 0.178403 2.176103
v 0.388348 0.755483 2.176098
v 0.388348 0.755483 1.629698
v 0.383508 0.178403 1.704968
v 0.034543 0.758448 2.176098
v 0.029708 0.181368 1.704968
v 0.034548 0.758449 1.629698
v 0.391758 1.162548 2.176098
v 0.391758 1.162549 1.704963
v 0.037958 1.165514 2.176098
v 0.037958 1.165514 1.704963
v 0.437448 -0.906386 1.571863
v 0.536028 -0.428302 1.571863
v 0.308883 -0.345912 1.571863
v 0.196238 -0.892202 1.571863
v 0.057943 -0.329717 1.571863
v -0.040642 -0.807807 1.571863
v 2.050573 -0.524747 1.950933
v 1.330308 -0.524747 1.950933
v 1.330308 -0.524746 1.638563
v 2.050573 -0.524747 1.678163
v 1.330308 -0.878562 1.950933
v 2.050573 -0.878562 1.678163
v 1.330308 -0.878561 1.638563
v 0.753208 -0.524747 1.950933
v 0.753208 -0.524747 1.678163
v 0.753208 -0.878562 1.950933
v 0.753208 -0.878562 1.678163
v 2.580853 -0.518676 1.571863
v 2.175433 -0.246787 1.571863
v 2.013343 -0.425977 1.571863
v 2.476593 -0.736651 1.571863
v 1.903548 -0.652207 1.571863
v 2.308968 -0.924092 1.571863
v 2.194603 1.174633 1.950928
v 2.182048 0.454483 1.899193
v 2.182048 0.454483 1.626423
v 2.194603 1.174634 1.678159
v 2.535808 0.448313 1.950928
v 2.548363 1.168468 1.950928
v 2.548363 1.168469 1.678159
v 2.535808 0.448313 1.626423
v 2.171988 -0.122532 1.950933
v 2.171988 -0.122532 1.678164
v 2.525748 -0.128697 1.950933
v 2.525748 -0.128697 1.678164
v 2.164893 -0.529552 1.950933
v 2.164893 -0.529552 1.678163
v 2.518653 -0.535717 1.950933
v 2.518653 -0.535717 1.678163
v 2.284088 1.650944 1.571858
v 1.942228 1.302494 1.571858
v 2.088523 1.110189 1.571858
v 2.479148 1.508349 1.571858
v 2.290683 0.960633 1.571858
v 2.632538 1.309088 1.571858
v -0.123812 -2.232062 1.522938
v 0.099688 -2.142731 1.538423
v 0.008913 -1.543612 1.521513
v -0.142847 -1.419012 1.507903
v -0.334727 -2.276862 1.507668
v -0.353152 -1.432611 1.492158
v -0.539767 -2.181272 1.490498
v -0.547447 -1.559706 1.479528
v -0.647027 -1.754977 1.475228
v -0.661107 -1.990996 1.478103
v 0.161033 -1.721862 1.536048
v -0.945757 -1.700051 1.653283
v -0.849367 -1.782066 1.652293
v -0.507677 -1.271991 1.704988
v -0.604067 -1.189971 1.705968
v -0.849367 -1.782066 1.652293
v -0.492562 -1.287506 1.927158
v -0.507677 -1.271991 1.704988
v -0.834252 -1.797582 1.874463
v -1.059057 -1.645321 1.847383
v -0.717367 -1.135242 1.900078
v -0.492562 -1.287506 1.927158
v -1.059057 -1.645321 1.847383
v -0.945757 -1.700051 1.653283
v -0.604067 -1.189971 1.705968
v -0.717367 -1.135242 1.900078
v 0.152358 -1.273872 1.703028
v 0.041338 -1.333447 1.691023
v 0.393388 -1.839186 1.690843
v 0.041338 -1.333447 1.691023
v 0.014618 -1.369841 1.909633
v 0.366663 -1.875576 1.909453
v 0.393388 -1.839186 1.690843
v 0.014618 -1.369841 1.909633
v 0.238028 -1.213181 1.909148
v 0.590078 -1.718917 1.908973
v 0.366663 -1.875576 1.909453
v 0.238028 -1.213181 1.909148
v 0.504408 -1.779611 1.702853
v 0.590078 -1.718917 1.908973
v -0.599247 -1.094736 0.613453
v -0.661427 -1.154931 0.590318
v -0.496607 -1.172751 0.516653
v -0.641197 -1.224031 0.530348
v -0.558782 -1.232941 0.493513
v -0.311237 -1.960382 1.223433
v -0.320617 -1.921271 1.286393
v -0.270102 -1.882136 1.312643
v -0.210202 -1.882106 1.275933
v -0.200822 -1.921216 1.212973
v -0.251342 -1.960351 1.186723
v -0.293057 -1.832617 1.237073
v -0.253517 -1.832596 1.212843
v -0.210202 -1.882106 1.275933
v -0.270102 -1.882136 1.312643
v -0.326402 -1.858446 1.219748
v -0.293057 -1.832617 1.237073
v -0.270102 -1.882136 1.312643
v -0.320617 -1.921271 1.286393
v -0.320207 -1.884261 1.178188
v -0.326402 -1.858446 1.219748
v -0.320617 -1.921271 1.286393
v -0.311237 -1.960382 1.223433
v -0.280672 -1.884241 1.153958
v -0.320207 -1.884261 1.178188
v -0.311237 -1.960382 1.223433
v -0.251342 -1.960351 1.186723
v -0.247327 -1.858411 1.171288
v -0.280672 -1.884241 1.153958
v -0.251342 -1.960351 1.186723
v -0.200822 -1.921216 1.212973
v -0.253517 -1.832596 1.212843
v -0.247327 -1.858411 1.171288
v -0.200822 -1.921216 1.212973
v -0.210202 -1.882106 1.275933
v -0.377522 -1.621036 1.104978
v -0.228402 -1.814186 1.226443
v -0.297327 -1.814216 1.268683
v -0.441642 -1.670711 1.071658
v -0.377522 -1.621036 1.104978
v -0.297327 -1.814216 1.268683
v -0.355457 -1.859251 1.238478
v -0.429737 -1.720351 0.991743
v -0.441642 -1.670711 1.071658
v -0.355457 -1.859251 1.238478
v -0.344662 -1.904257 1.166023
v -0.353707 -1.720316 0.945148
v -0.429737 -1.720351 0.991743
v -0.344662 -1.904257 1.166023
v -0.275737 -1.904226 1.123783
v -0.289587 -1.670641 0.978468
v -0.353707 -1.720316 0.945148
v -0.275737 -1.904226 1.123783
v -0.217607 -1.859186 1.153993
v -0.301492 -1.621001 1.058383
v -0.289587 -1.670641 0.978468
v -0.217607 -1.859186 1.153993
v -0.228402 -1.814186 1.226443
v -1.653332 -0.018281 -0.512637
v -1.720432 -0.019356 -0.534087
v -1.817007 -0.082926 -0.371622
v -1.772707 -0.096851 -0.311817
v -1.609027 -0.032211 -0.452827
v -1.705607 -0.095776 -0.290357
v -1.604447 -0.055826 -0.377512
v -1.641337 -0.080106 -0.315452
v -1.784702 -0.035026 -0.508997
v -1.821587 -0.059306 -0.446937
v -1.562992 -0.178891 -0.872652
v -1.552462 -0.177006 -0.867272
v -1.578547 -0.179741 -0.727717
v -1.633197 -0.189541 -0.755632
v -1.545117 -0.192876 -0.878972
v -1.555647 -0.194761 -0.884342
v -1.605002 -0.287731 -0.783187
v -1.550352 -0.277936 -0.755272
v -1.555647 -0.194761 -0.884342
v -1.545117 -0.192876 -0.878972
v -1.543527 -0.183996 -0.870432
v -1.564587 -0.187771 -0.881187
v -1.552462 -0.177006 -0.867272
v -1.562992 -0.178891 -0.872652
v -1.537122 -0.223941 -0.727532
v -1.605002 -0.287731 -0.783187
v -1.646427 -0.243531 -0.783367
v -1.633197 -0.189541 -0.755632
v -1.578547 -0.179741 -0.727717
v -1.671342 0.794849 -0.486132
v -1.790717 0.873424 -0.285317
v -1.835022 0.859494 -0.345127
v -1.738442 0.795924 -0.507587
v -1.627042 0.808779 -0.426327
v -1.723617 0.872344 -0.263862
v -1.622457 0.832394 -0.351012
v -1.839602 0.835874 -0.420442
v -1.802712 0.811594 -0.482497
v -1.581002 0.955459 -0.846157
v -1.651212 0.966109 -0.729137
v -1.596562 0.956309 -0.701217
v -1.570472 0.953574 -0.840777
v -1.563132 0.969444 -0.852467
v -1.568362 1.054504 -0.728767
v -1.623012 1.064299 -0.756687
v -1.573662 0.971329 -0.857847
v -1.573662 0.971329 -0.857847
v -1.582597 0.964339 -0.854692
v -1.561537 0.960564 -0.843932
v -1.563132 0.969444 -0.852467
v -1.570472 0.953574 -0.840777
v -1.581002 0.955459 -0.846157
v -1.555132 1.000509 -0.701037
v -1.623012 1.064299 -0.756687
v -1.568362 1.054504 -0.728767
v -1.596562 0.956309 -0.701217
v -1.651212 0.966109 -0.729137
v -1.664437 1.020099 -0.756862
v -0.580067 3.675189 -0.981166
v -0.447117 3.447874 -1.086086
v -0.513152 3.555319 -0.866236
v -0.581222 3.682599 -1.147441
v -0.534282 3.606249 -1.304411
v -0.478237 3.510314 -1.345041
v -0.575357 3.677904 -0.981076
v -0.508477 3.558014 -0.866146
v -0.442272 3.450669 -1.085991
v -0.576407 3.685374 -1.147351
v -0.473247 3.513189 -1.344946
v -0.529347 3.609094 -1.304316
v -0.514032 3.586984 -1.435026
v -0.408592 -2.393971 -0.928587
v -0.406802 -2.394486 -1.064127
v -0.615277 -2.328576 -1.007937
v -0.479777 -2.371361 -1.189852
v -0.566902 -2.343796 -1.220372
v -0.409927 -2.398196 -0.928587
v -0.616652 -2.332921 -1.007937
v -0.408167 -2.398806 -1.064127
v -0.568312 -2.348271 -1.220372
v -0.481172 -2.375786 -1.189852
v -0.504867 -2.368341 -1.295657
v -0.647302 1.174539 0.739068
v -0.646767 1.173574 0.658408
v -0.708802 1.287944 0.691848
v -0.678257 1.231604 0.796633
v -0.641972 1.177429 0.739068
v -0.672922 1.234499 0.796633
v -0.703507 1.290814 0.691848
v -0.641462 1.176449 0.658408
v -0.689137 1.264274 0.565428
v -0.657307 1.205619 0.597403
v -0.600707 -0.293411 0.748368
v -0.601102 -0.292721 0.690358
v -0.555587 -0.374486 0.714408
v -0.577997 -0.334206 0.789768
v -0.604517 -0.295531 0.748368
v -0.581812 -0.336331 0.789768
v -0.559377 -0.376591 0.714408
v -0.604892 -0.294831 0.690358
v 1.383313 -2.049331 1.193348
v 1.328168 -2.094146 1.193348
v 1.372978 -2.149297 1.193348
v 1.428128 -2.104481 1.193348
v -0.862942 -0.000186 0.454643
v -0.908717 0.034104 0.293898
v -0.862942 -0.094691 0.488533
v -0.862942 -0.280211 0.348163
v -0.862942 -0.247936 0.416253
v -0.908717 -0.165871 0.180263
v -1.022737 -0.000186 0.454643
v -1.022737 -0.094691 0.488533
v -0.976962 0.034104 0.293898
v -1.022737 -0.280211 0.348163
v -0.976962 -0.165871 0.180263
v -1.022737 -0.247936 0.416253
v -0.942842 0.142709 0.659433
v -0.973442 0.118414 0.587818
v -0.912237 0.118414 0.587818
v -0.973442 -0.395571 0.289033
v -0.942842 -0.464061 0.273828
v -0.912237 -0.395571 0.289033
v -1.160027 0.344789 0.963723
v -1.189597 0.635339 0.969128
v -1.174812 0.502569 1.091468
v -0.637587 0.375059 0.963723
v -0.651452 0.501679 1.091468
v -0.665312 0.603289 0.969128
v 3.406943 1.787158 1.877738
v 3.448203 2.192019 1.762134
v 3.079343 1.651278 1.873429
v 3.721913 1.700104 1.875859
v 4.199123 3.804064 1.934819
v 3.783333 3.648363 1.929819
v 3.936728 3.380768 1.814114
v 2.010673 1.950479 1.879889
v 2.238358 1.750129 1.874733
v 2.086113 2.272288 1.748699
v 1.667233 1.867528 1.877019
v 1.851568 4.066593 1.938119
v 1.908808 3.629783 1.848009
v 2.292043 3.858839 1.933124
v -1.529897 0.298104 -0.511697
v -1.480907 0.290499 -0.501607
v -1.497077 0.298924 -0.620097
v -1.520337 0.474769 -0.506642
v -1.487367 0.478359 -0.614967
v -1.470567 0.481559 -0.496142
v -1.583267 0.455954 -0.753882
v -1.564387 0.455589 -0.820642
v -1.518602 0.467234 -0.724227
v -1.590192 0.327944 -0.757552
v -1.526842 0.314944 -0.728582
v -1.571132 0.331014 -0.824207
v -1.680327 0.441809 -0.882457
v -1.689887 0.444929 -0.948732
v -1.623137 0.447889 -0.898517
v -1.685392 0.348224 -0.885142
v -1.628842 0.342429 -0.901532
v -1.695132 0.347974 -0.951507
v -1.858072 0.442379 -0.884897
v -1.915572 0.448894 -0.901372
v -1.845177 0.445369 -0.952027
v -1.863132 0.348884 -0.887572
v -1.850412 0.348654 -0.954797
v -1.921282 0.343389 -0.904387
v -1.956017 0.457279 -0.757037
v -2.019592 0.469029 -0.728262
v -1.973982 0.457004 -0.824217
v -1.962952 0.329104 -0.760702
v -1.980727 0.332329 -0.827787
v -2.027847 0.316479 -0.732627
v -2.019287 0.476489 -0.510102
v -2.068247 0.483604 -0.500042
v -2.051017 0.480339 -0.619577
v -2.028857 0.299674 -0.515157
v -2.060737 0.300694 -0.624717
v -2.078592 0.292389 -0.505512
v -1.125517 2.182764 -0.887686
v -1.117812 2.168174 -0.865466
v -1.107067 2.171519 -0.838776
v -1.139412 2.662354 -0.802756
v -1.235042 2.608619 -1.009686
v -1.183947 2.210349 -0.838136
v -1.305457 2.502179 -1.172456
v -1.377222 2.259314 -1.279086
v -1.337667 2.131989 -1.214386
v -1.346057 1.961854 -1.212491
v -1.271312 1.790499 -1.007756
v -1.177542 1.750539 -0.770567
v -1.121587 1.833959 -0.598687
v -1.046922 1.938074 -0.467511
v -1.050592 2.134094 -0.371786
v -1.012132 2.418984 -0.435216
v -1.060777 2.597759 -0.576016
v -1.216372 -0.953701 -0.374212
v -1.276897 -0.985321 -0.327807
v -1.162682 -1.384456 -0.581052
v -1.350402 -1.014996 -0.326207
v -1.417187 -1.034766 -0.369847
v -1.459357 -1.039341 -0.447032
v -1.465612 -1.027491 -0.537077
v -1.465612 -1.027491 -0.537077
v -1.434277 -1.002396 -0.615857
v -1.373752 -0.970776 -0.662262
v -1.300247 -0.941106 -0.663857
v -1.233462 -0.921331 -0.620217
v -1.191292 -0.916761 -0.543037
v -1.185037 -0.928606 -0.452992
v 1.973263 -2.476672 1.154873
v 1.961743 -2.305421 1.194973
v 1.855833 -2.564416 1.154873
v 1.665633 -2.362446 1.194973
v 1.550633 -1.255886 1.194973
v 1.826493 -1.222261 1.194973
v 1.661583 -1.112306 1.169098
v 1.806668 -1.128211 1.169098
v 1.684768 -2.547096 1.154873
v 1.528633 -1.158436 1.169098
v 1.339658 -2.503957 1.117998
v 1.501388 -2.536186 1.117998
v 1.327053 -2.382351 1.173578
v 1.664468 -2.352011 1.173578
v 1.676273 -2.473312 1.117998
v 1.214233 -1.337256 1.173578
v 1.330013 -1.112631 1.137713
v 1.182223 -1.177681 1.137713
v 1.552588 -1.265361 1.173578
v 1.517508 -1.110651 1.137713
v 1.335868 -2.529567 1.155968
v 1.336033 -2.442582 1.195608
v 1.175218 -2.591017 1.155968
v 1.022388 -2.409286 1.195608
v 0.930453 -1.386111 1.195608
v 1.211138 -1.302471 1.195608
v 1.035363 -1.233671 1.170028
v 1.189748 -1.209586 1.170028
v 1.063043 -2.525737 1.155968
v 0.918108 -1.304956 1.170028
v 1.372008 -1.580966 1.106703
v 1.404078 -1.571411 1.120208
v 1.394163 -1.606401 1.122548
v 1.364748 -1.615171 1.099953
v 1.389548 -1.639816 1.106703
v 1.421618 -1.630256 1.120208
v 1.428878 -1.596051 1.126958
v 1.438313 -1.561201 1.002633
v 1.406248 -1.570761 0.989128
v 1.433703 -1.594616 0.986788
v 1.398988 -1.604966 0.982378
v 1.423788 -1.629611 0.989128
v 1.455858 -1.620051 1.002633
v 1.463118 -1.585846 1.009383
v 1.439758 -1.675476 1.100598
v 1.452523 -1.691561 1.125163
v 1.423873 -1.697771 1.115858
v 1.414888 -1.685051 1.085758
v 1.402788 -1.710711 1.095483
v 1.415553 -1.726791 1.120043
v 1.440423 -1.717216 1.134888
v 1.501443 -1.735061 1.053573
v 1.488678 -1.718981 1.029008
v 1.480358 -1.748001 1.033193
v 1.463808 -1.728556 1.014168
v 1.451703 -1.754211 1.023893
v 1.464473 -1.770296 1.048458
v 1.489338 -1.760721 1.063298
v 1.315113 -2.065227 1.010673
v 1.309473 -2.119781 1.010673
v 1.328168 -2.094146 1.193348
v 1.344063 -2.162346 1.010673
v 1.398618 -2.167987 1.010673
v 1.372978 -2.149297 1.193348
v 1.441183 -2.133402 1.010673
v 1.446818 -2.078841 1.010673
v 1.428128 -2.104481 1.193348
v -0.448107 3.287829 -0.989196
v -0.283867 3.368469 -0.989196
v -0.511652 3.570069 -0.877531
v -0.198392 3.530244 -0.989196
v -0.224332 3.711364 -0.989196
v -0.351777 3.842649 -0.989196
v -0.532047 3.873949 -0.989196
v -0.696287 3.793314 -0.989196
v -0.781762 3.631539 -0.989196
v -0.755822 3.450414 -0.989196
v -0.628382 3.319134 -0.989196
v -0.247617 -2.497591 -0.989192
v -0.208142 -2.318931 -0.989192
v -0.507812 -2.371126 -0.877527
v -0.281217 -2.151191 -0.989192
v -0.438932 -2.058436 -0.989192
v -0.621047 -2.076101 -0.989192
v -0.757997 -2.197436 -0.989192
v -0.797477 -2.376096 -0.989192
v -0.724402 -2.543836 -0.989192
v -0.566682 -2.636591 -0.989192
v -0.384567 -2.618926 -0.989192
v 0.829733 0.634224 1.073473
v 0.794363 0.341389 1.061068
v 1.263078 0.437349 0.972403
v 0.938028 0.083714 1.050153
v 1.205848 -0.040386 1.044888
v 1.495528 0.016494 1.047303
v 1.644133 0.257314 1.046793
v 1.675233 0.514814 1.057703
v 1.548908 0.741399 1.067298
v 1.313398 0.850524 1.071923
v 1.058673 0.800509 1.069803
v -0.345167 -1.788821 1.536198
v -0.292112 -1.765021 1.622113
v -0.247397 -1.754146 1.526938
v -0.557467 3.651249 -1.450661
v -0.525497 3.600199 -1.571771
v -0.519057 3.584089 -1.435126
v -0.552452 3.654139 -1.450566
v -0.520817 3.602899 -1.571681
v -0.443732 -2.382716 -1.310092
v -0.493167 -2.367256 -1.407307
v -0.503442 -2.363841 -1.295657
v -0.445152 -2.387211 -1.310092
v -0.494492 -2.371451 -1.407307
v -0.657562 1.206059 0.514518
v -1.491272 0.425984 -1.649272
v -1.491272 -0.442921 -1.227462
v -2.123922 -0.442921 -1.227462
v -2.123922 0.425984 -1.649272
v -1.491272 1.175243 1.920234
v -2.123922 1.175243 1.920234
v -2.123922 -0.372052 1.920238
v -1.491272 -0.372052 1.920238
v -1.491272 -1.800121 -2.176192
v -0.909517 -2.661756 0.688138
v -0.909517 -2.661756 0.336053
v -0.192857 -2.663301 0.346778
v -0.185402 -2.676221 0.595658
v -0.909517 -2.661756 0.336053
v -0.934507 -2.986966 0.336053
v -0.220527 -3.023346 0.346778
v -0.192857 -2.663301 0.346778
v -0.934507 -2.986966 0.688138
v -0.909517 -2.661756 0.688138
v -0.185402 -2.676221 0.595658
v -0.211122 -3.010876 0.595658
v 1.110173 -3.044331 0.423683
v 1.140283 -2.652516 0.423683
v 1.122093 -2.659336 0.677078
v 1.093108 -3.036576 0.677078
v 1.140283 -2.652516 0.423683
v 1.122093 -2.659336 0.677078
v 2.542723 -2.637976 0.346188
v 2.509323 -3.072631 0.346188
v 3.257983 -3.058551 0.307298
v 3.296218 -2.622891 0.307298
v 2.489958 -2.636571 0.605678
v 3.296218 -2.622891 0.701433
v 3.257983 -3.058551 0.701433
v 2.456558 -3.071226 0.605678
v 2.542723 -2.637976 0.346188
v 3.296218 -2.622891 0.307298
v 3.296218 -2.622891 0.701433
v 2.489958 -2.636571 0.605678
v 3.113378 -2.563106 -2.339762
v 2.211453 -2.563106 -2.238437
v 2.211453 -3.013626 -2.238437
v 3.113378 -3.013626 -2.339762
v 3.113378 -2.563106 -1.922607
v 3.113378 -3.013626 -1.922607
v 2.211453 -3.013626 -1.821282
v 2.211453 -2.563106 -1.821282
v 1.034843 -2.563106 -2.339762
v 1.034843 -3.013626 -2.339762
v 1.034843 -3.013626 -1.922607
v 1.034843 -2.563106 -1.922607
v -0.041897 -2.563106 -2.263767
v -0.041897 -3.013626 -2.263767
v -0.041897 -3.013626 -1.846612
v -0.041897 -2.563106 -1.846612
v -0.758067 -2.563106 -2.339762
v -0.758067 -3.013626 -2.339762
v -0.758067 -3.013626 -1.922607
v -0.758067 -2.563106 -1.922607
v -0.991872 0.128519 -0.012937
v -0.974097 0.051344 0.089778
v -1.003237 0.004059 0.061358
v -1.038782 0.049484 -0.051557
v -1.038782 0.049484 -0.051557
v -1.003237 0.004059 0.061358
v -0.974097 -0.043221 0.032933
v -0.991872 -0.029556 -0.090182
v -0.898047 -0.029556 -0.090182
v -0.915817 -0.043221 0.032933
v -0.886677 0.004059 0.061358
v -0.851132 0.049484 -0.051557
v -0.851132 0.049484 -0.051557
v -0.886677 0.004059 0.061358
v -0.915817 0.051344 0.089778
v -0.898047 0.128519 -0.012937
v -0.991872 -0.029556 -0.090182
v -0.942842 -0.006926 0.720563
v -0.912237 0.005469 0.632303
v -0.912237 -0.131781 0.661683
v -0.942842 -0.161906 0.745253
v -0.942842 -0.376486 0.619928
v -0.912237 -0.323421 0.535853
v -0.912237 -0.378761 0.408078
v -0.942842 -0.448036 0.450198
v -0.912237 -0.236866 0.603208
v -0.942842 -0.283436 0.697878
v -0.862942 -0.170611 0.468543
v -0.908717 -0.064596 0.238938
v -0.942842 0.142709 0.659433
v -0.912237 0.118414 0.587818
v -0.912237 -0.395571 0.289033
v -0.942842 -0.464061 0.273828
v -0.880617 -0.298141 0.310668
v -0.942842 -0.006926 0.720563
v -0.942842 -0.161906 0.745253
v -0.973442 -0.131781 0.661683
v -0.973442 0.005469 0.632303
v -0.942842 -0.376486 0.619928
v -0.942842 -0.448036 0.450198
v -0.973442 -0.378761 0.408078
v -0.973442 -0.323421 0.535853
v -0.942842 -0.283436 0.697878
v -0.973442 -0.236866 0.603208
v -1.022737 -0.170611 0.468543
v -0.976962 -0.064596 0.238938
v -0.973442 0.118414 0.587818
v -0.942842 0.142709 0.659433
v -0.942842 -0.464061 0.273828
v -0.973442 -0.395571 0.289033
v -1.005062 -0.298141 0.310668
v -1.022737 -0.000186 0.454643
v -0.976962 0.034104 0.293898
v -0.908717 0.034104 0.293898
v -0.862942 -0.000186 0.454643
v -1.005062 0.050349 0.543763
v -0.880617 0.050349 0.543763
v -1.005062 -0.298141 0.310668
v -0.880617 -0.298141 0.310668
v -1.014847 1.237214 0.646998
v -0.943482 1.229564 0.696383
v -0.943482 -0.218841 -0.066657
v -0.863742 -0.237331 -0.015372
v -0.897237 -0.164166 0.054803
v -0.943482 -0.159146 0.022813
v -0.863742 -0.237331 -0.015372
v -0.863742 -0.274301 0.087198
v -0.897237 -0.174216 0.118788
v -0.897237 -0.164166 0.054803
v -0.863742 -0.274301 0.087198
v -0.943482 -0.292786 0.138473
v -0.943482 -0.179236 0.150773
v -0.897237 -0.174216 0.118788
v -0.943482 -0.292786 0.138473
v -1.023222 -0.274301 0.087198
v -0.989727 -0.174216 0.118783
v -0.943482 -0.179236 0.150773
v -1.023222 -0.274301 0.087198
v -1.023222 -0.237331 -0.015372
v -0.989727 -0.164166 0.054803
v -0.989727 -0.174216 0.118783
v -1.023222 -0.237331 -0.015372
v -0.943482 -0.218841 -0.066657
v -0.943482 -0.159146 0.022813
v -0.989727 -0.164166 0.054803
v -0.943482 0.013809 0.021563
v -0.824797 -0.003786 0.069318
v -0.867657 0.122579 0.202718
v -0.943482 0.150284 0.160038
v -0.824797 -0.003786 0.069318
v -0.824797 -0.082876 0.254508
v -0.867657 0.067169 0.288098
v -0.867657 0.122579 0.202718
v -0.824797 -0.082876 0.254508
v -0.943482 -0.100476 0.302263
v -0.943482 0.039464 0.330783
v -0.867657 0.067169 0.288098
v -0.943482 -0.100476 0.302263
v -1.062172 -0.082876 0.254508
v -1.019312 0.067169 0.288098
v -0.943482 0.039464 0.330783
v -1.062172 -0.082876 0.254508
v -1.062172 -0.003786 0.069318
v -1.019312 0.122579 0.202718
v -1.019312 0.067169 0.288098
v -1.062172 -0.003786 0.069318
v -0.943482 0.013809 0.021563
v -0.943482 0.150284 0.160038
v -1.019312 0.122579 0.202718
v -0.943482 0.535594 0.368493
v -0.883912 0.529209 0.409713
v -0.891812 0.681784 0.441798
v -0.943482 0.687324 0.406038
v -0.883912 0.529209 0.409713
v -0.883912 0.516439 0.492168
v -0.891812 0.670704 0.513318
v -0.891812 0.681784 0.441798
v -0.883912 0.516439 0.492168
v -0.943482 0.510054 0.533393
v -0.943482 0.665169 0.549078
v -0.891812 0.670704 0.513318
v -0.943482 0.510054 0.533393
v -1.003057 0.516439 0.492168
v -0.995157 0.670704 0.513318
v -0.943482 0.665169 0.549078
v -1.003057 0.516439 0.492168
v -1.003057 0.529209 0.409713
v -0.995157 0.681784 0.441798
v -0.995157 0.670704 0.513318
v -1.003057 0.529209 0.409713
v -0.943482 0.535594 0.368493
v -0.943482 0.687324 0.406038
v -0.995157 0.681784 0.441798
v -0.882547 0.882104 0.563123
v -0.843652 1.083224 0.631783
v -0.843842 1.103059 0.493428
v -0.882687 0.894024 0.478658
v -0.882547 0.882104 0.563123
v -0.943482 0.876139 0.605473
v -0.943482 1.073299 0.701113
v -0.843652 1.083224 0.631783
v -0.943482 0.876139 0.605473
v -1.004417 0.882104 0.563123
v -1.043317 1.083224 0.631778
v -0.943482 1.073299 0.701113
v -1.004417 0.882104 0.563123
v -1.004282 0.894024 0.478658
v -1.043127 1.103059 0.493428
v -1.043317 1.083224 0.631778
v -1.004282 0.894024 0.478658
v -0.943482 0.899974 0.436598
v -0.943482 1.112954 0.424498
v -1.043127 1.103059 0.493428
v -0.943482 0.899974 0.436598
v -0.882687 0.894024 0.478658
v -0.843842 1.103059 0.493428
v -0.943482 1.112954 0.424498
v -0.897237 0.111769 0.219378
v -0.897237 0.077979 0.271443
v -0.889367 0.224264 0.390568
v -0.889367 0.254784 0.323103
v -0.897237 0.077979 0.271443
v -0.943482 0.061079 0.297478
v -0.943482 0.209009 0.424303
v -0.889367 0.224264 0.390568
v -0.943482 0.061079 0.297478
v -0.989727 0.077979 0.271443
v -0.997597 0.224264 0.390568
v -0.943482 0.209009 0.424303
v -0.989727 0.077979 0.271443
v -0.989727 0.111769 0.219378
v -0.997597 0.254784 0.323103
v -0.997597 0.224264 0.390568
v -0.989727 0.111769 0.219378
v -0.943482 0.128664 0.193343
v -0.943482 0.270039 0.289368
v -0.997597 0.254784 0.323103
v -0.897237 0.111769 0.219378
v -0.889367 0.254784 0.323103
v -0.943482 0.270039 0.289368
v -0.943482 0.128664 0.193343
v -0.943482 -0.179236 0.150773
v -0.867657 -0.160956 0.034338
v -0.867657 -0.177426 0.139248
v -0.867657 -0.177426 0.139248
v -0.943482 -0.185661 0.191698
v -0.943482 -0.185661 0.191698
v -1.019312 -0.177426 0.139248
v -1.019312 -0.177426 0.139248
v -1.019312 -0.160956 0.034338
v -1.019312 -0.160956 0.034338
v -0.943482 -0.152716 -0.018112
v -0.867657 -0.160956 0.034338
v -0.943482 -0.152716 -0.018112
v -0.855712 -0.333831 0.053273
v -0.855712 -0.284336 -0.056152
v -0.943482 -0.358581 0.107983
v -0.855712 -0.333831 0.053273
v -1.031252 -0.333831 0.053273
v -0.943482 -0.358581 0.107983
v -1.031252 -0.284336 -0.056152
v -1.031252 -0.333831 0.053273
v -1.031252 -0.284336 -0.056152
v -0.943482 -0.259591 -0.110867
v -0.855712 -0.284336 -0.056152
v -0.943482 -0.259591 -0.110867
v -0.875662 1.096524 0.611643
v -0.943482 1.118334 0.470843
v -0.943482 1.216399 0.447723
v -0.870697 0.696959 0.429868
v -0.891812 0.681784 0.441798
v -0.891812 0.670704 0.513318
v -0.870497 0.682974 0.531073
v -0.843842 1.103059 0.493428
v -0.843652 1.083224 0.631783
v -0.875662 1.096524 0.611643
v -0.875662 1.111064 0.517773
v -0.943482 0.665169 0.549078
v -0.943482 0.675974 0.581843
v -0.943482 1.073299 0.701113
v -0.943482 1.089254 0.658583
v -0.943482 0.675974 0.581843
v -0.943482 0.665169 0.549078
v -0.995157 0.670704 0.513318
v -1.016472 0.682974 0.531073
v -0.943482 1.073299 0.701113
v -1.043317 1.083224 0.631778
v -1.011302 1.096524 0.611643
v -0.943482 1.089254 0.658583
v -0.995157 0.681784 0.441798
v -1.016267 0.696959 0.429868
v -1.043127 1.103059 0.493428
v -1.011302 1.111064 0.517773
v -0.943482 0.687324 0.406038
v -0.943482 0.703934 0.379523
v -0.943482 1.112954 0.424498
v -0.943482 1.118334 0.470843
v -0.897422 0.402819 0.386763
v -0.897422 0.385664 0.447663
v -0.897422 0.385664 0.447663
v -0.943482 0.377089 0.478108
v -0.943482 0.377089 0.478108
v -0.989547 0.385664 0.447663
v -0.989547 0.385664 0.447663
v -0.989547 0.402819 0.386763
v -0.989547 0.402819 0.386763
v -0.943482 0.411394 0.356318
v -0.943482 0.411394 0.356318
v -0.897422 0.402819 0.386763
v -0.870697 0.696959 0.429868
v -0.870497 0.682974 0.531073
v -0.870497 0.682974 0.531073
v -0.943482 0.675974 0.581843
v -0.943482 0.675974 0.581843
v -1.016472 0.682974 0.531073
v -1.016472 0.682974 0.531073
v -1.016267 0.696959 0.429868
v -1.016267 0.696959 0.429868
v -0.943482 0.703934 0.379523
v -0.943482 0.703934 0.379523
v -0.870697 0.696959 0.429868
v -0.855712 -0.333831 0.053273
v -0.855712 -0.284336 -0.056152
v -0.660862 0.004154 1.093923
v -0.660862 0.004154 0.921138
v -0.660862 0.004154 0.921138
v -0.637587 0.375059 0.963723
v -1.160027 0.344789 0.963723
v -1.189597 0.004154 0.921138
v -1.189597 0.004154 0.921138
v -1.189597 0.004154 1.093923
v -0.665312 0.603289 0.969128
v -1.189597 0.635339 0.969128
v -1.189597 0.862709 0.923583
v -1.189597 0.862709 1.096368
v -0.660862 0.862709 1.096368
v -0.660862 0.862709 0.923583
v -0.660862 0.862709 0.923583
v -1.189597 0.862709 0.923583
v -0.625752 -0.202711 0.841723
v -0.625752 -0.202711 0.841723
v -0.620697 0.034419 0.884958
v -0.883167 0.005929 0.884958
v -0.883167 -0.186686 0.841723
v -0.620697 0.034419 1.125203
v -0.883167 0.005929 1.125208
v -0.883167 0.005929 0.884958
v -0.620697 0.034419 0.884958
v -0.883167 -0.186686 1.125208
v -0.625752 -0.202711 1.125208
v -0.625752 -0.202711 0.841723
v -0.883167 -0.186686 0.841723
v -1.228082 -0.208051 1.125208
v -1.228082 -0.208051 0.841723
v -1.231452 0.052224 1.125203
v -1.231452 0.052224 0.884958
v -1.231452 0.052224 0.884958
v -1.228082 -0.208051 0.841723
v -0.619012 0.839214 0.884953
v -0.627437 1.053414 0.854333
v -0.922657 1.017799 0.854333
v -0.910862 0.862364 0.884953
v -1.243247 1.042729 0.854333
v -0.627437 1.054973 1.125203
v -0.922657 1.019364 1.125203
v -0.922657 1.017799 0.854333
v -0.627437 1.053414 0.854333
v -0.910862 0.862364 1.125203
v -0.619012 0.839214 1.125203
v -0.619012 0.839214 0.884953
v -0.910862 0.862364 0.884953
v -1.243247 1.042729 0.854333
v -1.223022 0.844554 0.884953
v -1.223022 0.844554 1.125203
v -1.223022 0.844554 0.884953
v -1.243247 1.044294 1.125203
v -1.243247 1.042729 0.854333
v -0.865037 0.160489 0.962173
v -0.865037 0.311969 0.973248
v -0.887292 0.265054 0.767428
v -0.887292 0.191254 0.762773
v -0.865037 0.311969 0.973248
v -1.019967 0.311969 0.973248
v -0.997712 0.265054 0.767428
v -0.887292 0.265054 0.767428
v -1.019967 0.160489 0.962173
v -0.865037 0.160489 0.962173
v -0.887292 0.191254 0.762773
v -0.997712 0.191254 0.762773
v -0.887407 0.292999 0.531768
v -0.887407 0.174769 0.531768
v -0.887407 0.174769 0.531768
v -0.997602 0.174769 0.531768
v -0.997602 0.292999 0.531768
v -0.887407 0.292999 0.531768
v -0.870507 0.154584 0.409983
v -0.870507 0.321789 0.544528
v -1.000607 0.321789 0.544528
v -1.000607 0.350649 0.474538
v -0.870507 0.350649 0.474538
v -0.870507 0.641254 0.695158
v -0.865037 0.660599 0.967913
v -0.865037 0.803584 0.948118
v -0.887292 0.797199 0.801523
v -0.887292 0.713389 0.798718
v -0.865037 0.803584 0.948118
v -1.019967 0.803584 0.948118
v -0.997712 0.797199 0.801523
v -0.887292 0.797199 0.801523
v -0.887407 0.820099 0.673528
v -0.887407 0.660824 0.661768
v -0.997602 0.820099 0.673528
v -0.887407 0.820099 0.673528
v -0.887292 0.713389 0.798718
v -0.887407 0.660824 0.661768
v -0.997602 0.660824 0.661768
v -0.997712 0.713389 0.798718
v -1.019967 0.660599 0.967913
v -0.865037 0.660599 0.967913
v -1.298822 1.087534 0.166863
v -1.298822 1.345809 0.201793
v -1.344792 1.315779 -0.027992
v -1.344792 1.100904 -0.032052
v -1.298822 1.345809 0.201793
v -1.557387 1.345809 0.167218
v -1.557702 1.315779 -0.038362
v -1.344792 1.315779 -0.027992
v -1.557387 1.087534 0.132283
v -1.298822 1.087534 0.166863
v -1.344792 1.100904 -0.032052
v -1.557702 1.100904 -0.042427
v -1.301997 1.367639 -0.318202
v -1.301997 1.046419 -0.281422
v -1.301997 1.046419 -0.281422
v -1.557487 1.046419 -0.229557
v -1.557487 1.367639 -0.266332
v -1.301997 1.367639 -0.318202
v -1.349872 -0.304151 1.141468
v -1.495977 -0.304151 1.141468
v -1.495977 -0.333201 -0.117502
v -1.349872 -0.333201 -0.117502
v -1.495977 -0.520861 1.139473
v -1.349872 -0.520861 1.139473
v -1.349872 -0.500491 -0.107872
v -1.495977 -0.500491 -0.107872
v -1.349872 -0.509686 -1.177767
v -1.495977 -0.509686 -1.177767
v -1.495977 -0.303226 -1.199937
v -1.349872 -0.303226 -1.199937
v -1.359337 1.084093 1.128868
v -1.359337 1.084093 1.128868
v -1.359337 1.138409 -0.083782
v -1.505442 1.138409 -0.083782
v -1.505442 1.084093 1.128868
v -1.505442 1.302399 1.126873
v -1.505442 1.274159 -0.072807
v -1.359337 1.274159 -0.072807
v -1.359337 1.302399 1.126873
v -1.505442 1.321779 -1.177771
v -1.359337 1.321779 -1.177771
v -1.359337 1.115319 -1.199942
v -1.505442 1.115319 -1.199942
v -1.298822 -0.312826 0.167448
v -1.344792 -0.326196 -0.031462
v -1.344792 -0.541066 -0.027397
v -1.298822 -0.571101 0.202388
v -1.298822 -0.571101 0.202388
v -1.344792 -0.541066 -0.027397
v -1.557702 -0.541066 -0.037772
v -1.557387 -0.571101 0.167808
v -1.557387 -0.312826 0.132873
v -1.557702 -0.326196 -0.041832
v -1.344792 -0.326196 -0.031462
v -1.298822 -0.312826 0.167448
v -1.301997 -0.271711 -0.280832
v -1.301997 -0.592931 -0.317612
v -1.557487 -0.271711 -0.228967
v -1.301997 -0.271711 -0.280832
v -1.301997 -0.592931 -0.317612
v -1.557487 -0.592931 -0.265742
v 3.687923 2.166543 1.888699
v 3.901743 1.779298 1.878354
v 3.903913 2.653284 1.876594
v 3.649853 2.683768 1.785399
v 3.902103 2.994748 1.911949
v 3.619208 3.043698 1.799004
v 4.371228 3.691268 1.931989
v 4.170663 3.362613 1.922569
v 3.052333 3.923839 1.936199
v 2.953433 3.697273 1.790564
v 2.884933 3.263458 1.772354
v 2.820703 2.862674 1.731619
v 2.727158 2.268229 1.703164
v 2.631188 1.624089 1.871914
v 1.844263 2.311323 1.889583
v 1.514558 2.005754 1.880584
v 1.667233 1.867528 1.877019
v 1.747898 2.924734 1.906249
v 1.961918 2.888689 1.813539
v 1.827393 3.238519 1.915189
v 2.115513 3.222638 1.823959
v 1.647363 3.959208 1.934804
v 1.684313 3.668233 1.926824
v 2.953433 3.697273 1.790564
v 3.052333 3.923839 1.936199
v 2.820703 2.862674 1.731619
v 2.884933 3.263458 1.772354
v 2.727158 2.268229 1.703164
v 2.631188 1.624089 1.871914
v 4.453858 -3.186882 2.457703
v -1.312972 -0.835131 -1.656602
v -1.498512 1.035629 -1.143507
v -1.498512 1.429484 -1.154226
v -1.312972 1.429484 -1.154226
v -1.312972 1.035629 -1.143507
v -1.498512 1.429484 -1.154226
v -1.498512 1.480374 -1.458336
v -1.312972 1.480374 -1.458336
v -1.312972 1.429484 -1.154226
v -1.498512 1.693289 -1.712012
v -1.312972 1.693289 -1.712012
v -1.498512 1.670554 -1.815917
v -1.498512 1.467504 -1.833727
v -1.312972 1.467504 -1.833727
v -1.312972 1.670554 -1.815917
v -1.498512 1.337064 -1.956732
v -1.312972 1.337064 -1.956732
v -1.498512 0.415664 -1.516847
v -1.312972 0.415664 -1.516847
v -1.498512 -0.585931 -1.123762
v -1.498512 -0.196821 -1.164387
v -1.312972 -0.196821 -1.164387
v -1.312972 -0.585931 -1.123762
v -1.498512 -0.650776 -1.458617
v -1.498512 -0.585931 -1.123762
v -1.312972 -0.585931 -1.123762
v -1.312972 -0.650776 -1.458617
v -1.498512 -0.436476 -1.430742
v -1.498512 -0.449521 -1.578762
v -1.312972 -0.449521 -1.578762
v -1.312972 -0.436476 -1.430742
v -1.498512 -0.644476 -1.806732
v -1.498512 -0.817071 -1.767127
v -1.312972 -0.817071 -1.767127
v -1.312972 -0.644476 -1.806732
v -1.498512 -0.835131 -1.656602
v -1.312972 -0.835131 -1.656602
v -1.498512 -0.414196 -1.944782
v -1.312972 -0.414196 -1.944782
v -1.498512 0.415664 -1.516847
v -1.312972 0.415664 -1.516847
v -1.498512 0.420239 -1.852277
v -1.498512 -0.190481 -1.386487
v -1.312972 -0.190481 -1.386487
v -1.312972 0.420239 -1.852277
v -1.390957 0.470004 -0.046132
v -1.750862 0.432154 -0.926057
v -1.734797 0.418979 -0.926237
v -1.663782 0.472234 -0.862332
v -1.706967 0.514669 -0.861642
v -1.727262 0.401004 -0.926662
v -1.645467 0.412549 -0.863787
v -1.729977 0.382344 -0.927207
v -1.656217 0.349279 -0.865687
v -1.742322 0.367279 -0.927772
v -1.693567 0.296924 -0.867587
v -1.761462 0.359254 -0.928217
v -1.748962 0.267479 -0.869047
v -1.783022 0.360114 -0.928442
v -1.809712 0.267684 -0.869742
v -1.802062 0.369659 -0.928397
v -1.861897 0.297499 -0.869507
v -1.814212 0.385699 -0.928087
v -1.893572 0.350084 -0.868402
v -1.816697 0.404564 -0.927587
v -1.897467 0.413404 -0.866677
v -1.816697 0.404564 -0.927587
v -1.808942 0.421929 -0.927012
v -1.872702 0.472944 -0.864722
v -1.897467 0.413404 -0.866677
v -1.792727 0.433819 -0.926492
v -1.824942 0.515069 -0.862992
v -1.771767 0.437509 -0.926152
v -1.765127 0.530124 -0.861882
v -1.618102 0.502864 -0.790272
v -1.679722 0.563414 -0.789287
v -1.591967 0.417699 -0.792352
v -1.607302 0.327419 -0.795057
v -1.660597 0.252714 -0.797772
v -1.739642 0.210699 -0.799852
v -1.826327 0.210994 -0.800847
v -1.900797 0.253529 -0.800512
v -1.945987 0.328569 -0.798937
v -1.951547 0.418919 -0.796472
v -1.916207 0.503879 -0.793682
v -1.951547 0.418919 -0.796472
v -1.848057 0.563984 -0.791212
v -1.762712 0.585474 -0.789627
v -1.581612 0.526809 -0.698012
v -1.658087 0.601954 -0.696792
v -1.549172 0.421109 -0.700597
v -1.568207 0.309069 -0.703957
v -1.634352 0.216354 -0.707312
v -1.732452 0.164209 -0.709907
v -1.840032 0.164574 -0.711137
v -1.932457 0.217369 -0.710722
v -1.988542 0.310499 -0.708762
v -1.995447 0.422624 -0.705707
v -1.951582 0.528069 -0.702247
v -1.995447 0.422624 -0.705707
v -1.867002 0.602664 -0.699182
v -1.761082 0.629329 -0.697207
v -1.556412 0.542734 -0.593492
v -1.643297 0.628109 -0.592102
v -1.519557 0.422644 -0.596422
v -1.541182 0.295349 -0.600237
v -1.616327 0.190014 -0.604057
v -1.727782 0.130769 -0.607007
v -1.850012 0.131184 -0.608397
v -1.955017 0.191164 -0.607932
v -2.018737 0.296974 -0.605707
v -2.026577 0.424364 -0.602227
v -1.976747 0.544159 -0.598297
v -2.026577 0.424364 -0.602227
v -1.880652 0.628914 -0.594817
v -1.760317 0.659209 -0.592577
v -1.543777 0.550139 -0.502982
v -1.636027 0.640784 -0.501507
v -1.504652 0.422639 -0.506097
v -1.527607 0.287494 -0.510147
v -1.607392 0.175659 -0.514197
v -1.725722 0.112759 -0.517322
v -1.855497 0.113199 -0.518807
v -1.966977 0.176879 -0.518312
v -2.034632 0.289214 -0.515947
v -2.042957 0.424469 -0.512257
v -1.990047 0.551654 -0.508087
v -2.042957 0.424469 -0.512257
v -1.888027 0.641639 -0.504387
v -1.760262 0.673804 -0.502017
v -1.497077 0.298924 -0.620097
v -1.480907 0.290499 -0.501607
v -1.470567 0.481559 -0.496142
v -1.487367 0.478359 -0.614967
v -1.518602 0.467234 -0.724227
v -1.526842 0.314944 -0.728582
v -1.564387 0.455589 -0.820642
v -1.571132 0.331014 -0.824207
v -1.623137 0.447889 -0.898517
v -1.628842 0.342429 -0.901532
v -1.689887 0.444929 -0.948732
v -1.695132 0.347974 -0.951507
v -1.766477 0.444294 -0.968532
v -1.771582 0.349944 -0.971232
v -1.845177 0.445369 -0.952027
v -1.850412 0.348654 -0.954797
v -1.915572 0.448894 -0.901372
v -1.921282 0.343389 -0.904387
v -1.973982 0.457004 -0.824217
v -1.980727 0.332329 -0.827787
v -2.019592 0.469029 -0.728262
v -2.027847 0.316479 -0.732627
v -2.051017 0.480339 -0.619577
v -2.060737 0.300694 -0.624717
v -2.068247 0.483604 -0.500042
v -2.078592 0.292389 -0.505512
v -1.767682 0.439689 -0.918452
v -1.766477 0.444294 -0.968532
v -1.772407 0.352444 -0.920952
v -1.771582 0.349944 -0.971232
v -1.889217 0.789289 -0.216002
v -2.076752 0.675784 -0.219552
v -2.013832 0.622039 -0.501057
v -1.864902 0.712174 -0.498242
v -2.182392 0.483759 -0.225557
v -2.097727 0.469539 -0.505827
v -2.177832 0.264654 -0.232402
v -2.094102 0.295544 -0.511262
v -2.064287 0.077184 -0.238267
v -2.003932 0.146669 -0.515922
v -2.064287 0.077184 -0.238267
v -1.872187 -0.028416 -0.241567
v -1.851377 0.062804 -0.518542
v -2.003932 0.146669 -0.515922
v -1.653002 -0.023856 -0.241427
v -1.677317 0.066424 -0.518427
v -1.465467 0.089649 -0.237877
v -1.528387 0.156564 -0.515612
v -1.359827 0.281674 -0.231872
v -1.444492 0.309059 -0.510842
v -1.364387 0.500779 -0.225027
v -1.448117 0.483059 -0.505407
v -1.477932 0.688249 -0.219157
v -1.538282 0.631934 -0.500752
v -1.670032 0.793849 -0.215862
v -1.690837 0.715799 -0.498127
v -1.209982 2.280159 -0.898606
v -1.152587 2.269159 -0.904056
v -1.129172 2.296849 -0.849571
v -1.180112 2.315484 -0.829106
v -1.227472 2.208804 -0.930156
v -1.166302 2.213219 -0.928791
v -1.224407 2.134809 -0.908986
v -1.163892 2.155214 -0.912196
v -1.202212 2.092799 -0.845006
v -1.146492 2.122279 -0.862041
v -1.171272 2.102429 -0.768156
v -1.122242 2.129829 -0.801791
v -1.146072 2.159189 -0.714386
v -1.102487 2.174329 -0.759641
v -1.138402 2.236529 -0.708866
v -1.096472 2.234954 -0.755311
v -1.151842 2.298254 -0.754171
v -1.107007 2.283344 -0.790831
v -1.129172 2.296849 -0.849571
v -1.120507 2.233244 -0.884081
v -1.110137 2.245514 -0.859941
v -1.126582 2.208464 -0.895036
v -1.098312 2.191234 -0.820101
v -1.095647 2.218094 -0.818181
v -1.107007 2.283344 -0.790831
v -1.100317 2.239529 -0.833916
v -1.188612 2.738184 -0.764486
v -1.295847 2.683529 -1.000121
v -1.171182 2.692619 -1.067891
v -1.063942 2.747274 -0.832261
v -1.386152 2.547019 -1.208871
v -1.261482 2.556109 -1.276646
v -1.443367 2.269534 -1.381496
v -1.311852 2.247314 -1.396716
v -1.443367 2.269534 -1.381496
v -1.457112 2.106184 -1.301861
v -1.318997 2.095384 -1.343181
v -1.311852 2.247314 -1.396716
v -1.405342 1.892204 -1.341681
v -1.310682 1.929714 -1.328346
v -1.405342 1.892204 -1.341681
v -1.346712 1.677699 -1.013316
v -1.197132 1.705424 -1.093046
v -1.310682 1.929714 -1.328346
v -1.226452 1.657754 -0.712636
v -1.101782 1.666839 -0.780411
v -1.111892 1.765089 -0.494002
v -1.007967 1.798184 -0.595651
v -1.082582 1.878994 -0.380481
v -0.957912 1.888079 -0.448256
v -1.066312 2.110624 -0.239276
v -0.941642 2.119714 -0.307051
v -1.028907 2.473414 -0.314081
v -0.904237 2.482504 -0.381856
v -1.093852 2.657964 -0.495986
v -0.969187 2.667054 -0.563761
v -1.063942 2.747274 -0.832261
v -1.171182 2.692619 -1.067891
v -1.166352 2.613629 -1.047026
v -1.070722 2.667359 -0.840101
v -1.261482 2.556109 -1.276646
v -1.236762 2.507189 -1.209801
v -1.311852 2.247314 -1.396716
v -1.304757 2.247069 -1.287471
v -1.318997 2.095384 -1.343181
v -1.268972 2.136994 -1.251731
v -1.310682 1.929714 -1.328346
v -1.277362 1.966864 -1.249836
v -1.197132 1.705424 -1.093046
v -1.226467 1.802059 -1.044461
v -1.101782 1.666839 -0.780411
v -1.108847 1.755549 -0.807911
v -1.007967 1.798184 -0.595651
v -1.064322 1.852194 -0.654696
v -0.957912 1.888079 -0.448256
v -0.978232 1.943084 -0.504856
v -0.941642 2.119714 -0.307051
v -0.981902 2.139104 -0.409131
v -0.904237 2.482504 -0.381856
v -0.943442 2.423994 -0.472561
v -0.969187 2.667054 -0.563761
v -0.992082 2.602764 -0.613361
v -1.070722 2.667359 -0.840101
v -1.166352 2.613629 -1.047026
v -1.235042 2.608619 -1.009686
v -1.139412 2.662354 -0.802756
v -1.236762 2.507189 -1.209801
v -1.305457 2.502179 -1.172456
v -1.304757 2.247069 -1.287471
v -1.377222 2.259314 -1.279086
v -1.304757 2.247069 -1.287471
v -1.268972 2.136994 -1.251731
v -1.337667 2.131989 -1.214386
v -1.377222 2.259314 -1.279086
v -1.277362 1.966864 -1.249836
v -1.346057 1.961854 -1.212491
v -1.277362 1.966864 -1.249836
v -1.226467 1.802059 -1.044461
v -1.271312 1.790499 -1.007756
v -1.346057 1.961854 -1.212491
v -1.108847 1.755549 -0.807911
v -1.177542 1.750539 -0.770567
v -1.064322 1.852194 -0.654696
v -1.121587 1.833959 -0.598687
v -0.978232 1.943084 -0.504856
v -1.046922 1.938074 -0.467511
v -0.981902 2.139104 -0.409131
v -1.050592 2.134094 -0.371786
v -0.943442 2.423994 -0.472561
v -1.012132 2.418984 -0.435216
v -0.992082 2.602764 -0.613361
v -1.060777 2.597759 -0.576016
v -0.832232 3.323439 0.085874
v -0.862257 3.323439 -0.570121
v -0.862297 3.097829 -0.570186
v -0.832232 3.074069 0.085874
v -0.928937 3.284839 -1.122081
v -0.928937 3.086379 -1.122081
v -0.707747 3.140459 -1.727276
v -0.707747 2.952924 -1.578421
v -0.476972 2.828474 -2.206041
v -0.469982 2.652979 -2.001696
v -0.476972 2.828474 -2.206041
v -0.138712 2.284384 -2.584626
v -0.138712 2.214584 -2.321016
v -0.469982 2.652979 -2.001696
v -1.546417 3.074069 0.085874
v -0.832232 3.074069 0.085874
v -0.862297 3.097829 -0.570186
v -1.546282 3.097829 -0.570186
v -1.546282 3.323439 -0.570121
v -0.862257 3.323439 -0.570121
v -0.832232 3.323439 0.085874
v -1.546417 3.323439 0.085874
v -0.928937 3.086379 -1.122081
v -1.546222 3.086379 -1.122081
v -1.546222 3.284839 -1.122081
v -0.928937 3.284839 -1.122081
v -0.707747 2.952924 -1.578421
v -1.546222 2.952924 -1.578421
v -1.546222 3.140459 -1.727276
v -0.707747 3.140459 -1.727276
v -0.469982 2.652979 -2.001696
v -1.546297 2.652979 -2.001696
v -1.546277 2.828474 -2.206041
v -0.476972 2.828474 -2.206041
v -1.546297 2.652979 -2.001696
v -0.469982 2.652979 -2.001696
v -0.138712 2.214584 -2.321016
v -1.546692 2.214584 -2.321016
v -1.546692 2.284384 -2.584626
v -0.138712 2.284384 -2.584626
v -0.476972 2.828474 -2.206041
v -1.546277 2.828474 -2.206041
v -1.546692 2.284384 -2.584626
v -1.546692 0.418334 -2.704947
v -0.138712 0.418334 -2.681532
v -0.138712 2.284384 -2.584626
v -0.138712 2.284384 -2.584626
v -0.138712 0.418334 -2.681532
v -0.138712 0.418334 -2.434187
v -0.138712 2.214584 -2.321016
v -0.138712 2.214584 -2.321016
v -0.138712 0.418334 -2.434187
v -1.546692 0.418334 -2.363072
v -1.546692 2.214584 -2.321016
v -0.832232 -2.486771 0.085878
v -0.832232 -2.237401 0.085878
v -0.862297 -2.261161 -0.570182
v -0.862257 -2.486771 -0.570117
v -0.928937 -2.249711 -1.122077
v -0.928937 -2.448171 -1.122077
v -0.707747 -2.116256 -1.578417
v -0.707747 -2.303791 -1.727272
v -0.450512 -1.761396 -2.038302
v -0.476557 -1.936891 -2.242652
v -0.476557 -1.936891 -2.242652
v -0.450512 -1.761396 -2.038302
v -0.138712 -1.377916 -2.321017
v -0.138712 -1.447716 -2.584627
v -1.546417 -2.237401 0.085878
v -1.546282 -2.261161 -0.570182
v -0.862297 -2.261161 -0.570182
v -0.832232 -2.237401 0.085878
v -1.546282 -2.486771 -0.570117
v -1.546417 -2.486771 0.085878
v -0.832232 -2.486771 0.085878
v -0.862257 -2.486771 -0.570117
v -1.546222 -2.249711 -1.122077
v -0.928937 -2.249711 -1.122077
v -1.546222 -2.448171 -1.122077
v -0.928937 -2.448171 -1.122077
v -1.546222 -2.116256 -1.578417
v -0.707747 -2.116256 -1.578417
v -1.546222 -2.303791 -1.727272
v -0.707747 -2.303791 -1.727272
v -1.546297 -1.761396 -2.038302
v -0.450512 -1.761396 -2.038302
v -1.546277 -1.936891 -2.242652
v -0.476557 -1.936891 -2.242652
v -1.546297 -1.761396 -2.038302
v -1.546692 -1.377916 -2.321017
v -0.138712 -1.377916 -2.321017
v -0.450512 -1.761396 -2.038302
v -1.546692 -1.447716 -2.584627
v -1.546277 -1.936891 -2.242652
v -0.476557 -1.936891 -2.242652
v -0.138712 -1.447716 -2.584627
v -1.546692 -1.447716 -2.584627
v -0.138712 -1.447716 -2.584627
v -0.138712 -1.447716 -2.584627
v -0.138712 -1.377916 -2.321017
v -0.138712 0.418334 -2.434187
v -0.138712 -1.377916 -2.321017
v -1.546692 -1.377916 -2.321017
v 3.241183 -1.374036 1.936243
v 3.085168 -1.729381 1.936243
v 2.917968 -1.747831 1.406228
v 3.141608 -1.238461 1.406228
v 3.085168 -1.729381 1.936243
v 3.314903 -2.042166 1.936243
v 3.247278 -2.196192 1.406228
v 2.917968 -1.747831 1.406228
v 3.314903 -2.042166 1.936243
v 3.700648 -1.999607 1.936243
v 3.800228 -2.135177 1.406228
v 3.247278 -2.196192 1.406228
v 3.700648 -1.999607 1.936243
v 3.856663 -1.644256 1.936243
v 4.023863 -1.625806 1.406228
v 3.800228 -2.135177 1.406228
v 3.856663 -1.644256 1.936243
v 3.626928 -1.331472 1.936243
v 3.694553 -1.177446 1.406228
v 4.023863 -1.625806 1.406228
v 3.626928 -1.331472 1.936243
v 3.241183 -1.374036 1.936243
v 3.141608 -1.238461 1.406228
v 3.694553 -1.177446 1.406228
v 3.856663 -1.644256 0.939043
v 3.700648 -1.999606 0.939043
v 3.700648 -1.999606 0.939043
v 3.314903 -2.042166 0.939043
v 3.314903 -2.042166 0.939043
v 3.085168 -1.729381 0.939043
v 3.085168 -1.729381 0.939043
v 3.241183 -1.374036 0.939043
v 3.241183 -1.374036 0.939043
v 3.626928 -1.331471 0.939043
v 3.626928 -1.331471 0.939043
v 3.856663 -1.644256 0.939043
v -1.407352 1.941844 1.936244
v -1.062257 1.764303 1.936244
v -1.057717 1.670708 1.406223
v -1.486142 1.891114 1.406224
v -1.062257 1.764303 1.936244
v -0.735957 1.974398 1.936239
v -0.652632 1.931533 1.406224
v -1.057717 1.670708 1.406223
v -0.735957 1.974398 1.936239
v -0.754752 2.362028 1.936239
v -0.675967 2.412759 1.406224
v -0.652632 1.931533 1.406224
v -0.754752 2.362028 1.936239
v -1.099852 2.539568 1.936239
v -1.104387 2.633163 1.406224
v -0.675967 2.412759 1.406224
v -1.099852 2.539568 1.936239
v -1.426152 2.329473 1.936239
v -1.509477 2.372339 1.406224
v -1.104387 2.633163 1.406224
v -1.426152 2.329473 1.936239
v -1.407352 1.941844 1.936244
v -1.486142 1.891114 1.406224
v -1.509477 2.372339 1.406224
v -1.099847 2.539568 0.939039
v -0.754752 2.362028 0.939039
v -0.754752 2.362028 0.939039
v -0.735957 1.974399 0.939038
v -0.735957 1.974399 0.939038
v -1.062257 1.764304 0.939038
v -1.062257 1.764304 0.939038
v -1.407352 1.941844 0.939038
v -1.407352 1.941844 0.939038
v -1.426152 2.329473 0.939039
v -1.426152 2.329473 0.939039
v -1.099847 2.539568 0.939039
v -1.008907 -0.982451 -0.454947
v -0.928992 -1.028886 -0.460597
v -0.904297 -0.993896 -0.474717
v -1.003562 -0.948721 -0.465917
v -1.107492 -0.964021 -0.496387
v -1.096877 -1.005216 -0.479092
v -0.859877 -1.306111 -0.525192
v -0.890742 -1.346571 -0.544192
v -0.867017 -1.386521 -0.586932
v -0.822637 -1.310321 -0.546242
v -0.840912 -1.250846 -0.503917
v -0.806902 -1.257531 -0.524852
v -0.881672 -1.104231 -0.481677
v -0.847222 -1.182136 -0.497127
v -0.794342 -1.176361 -0.522822
v -0.833932 -1.077986 -0.503202
v -0.940432 -1.041986 -0.483572
v -0.897692 -0.988536 -0.507097
v -1.003562 -0.948721 -0.465917
v -0.904297 -0.993896 -0.474717
v -0.887092 -0.970276 -0.435062
v -1.003957 -0.924056 -0.437402
v -1.125492 -0.933706 -0.463952
v -1.107492 -0.964021 -0.496387
v -0.822637 -1.310321 -0.546242
v -0.867017 -1.386521 -0.586932
v -0.853027 -1.440811 -0.564142
v -0.792777 -1.325411 -0.517567
v -0.779882 -1.274506 -0.498752
v -0.806902 -1.257531 -0.524852
v -0.833932 -1.077986 -0.503202
v -0.794342 -1.176361 -0.522822
v -0.756127 -1.171041 -0.475977
v -0.796437 -1.068841 -0.454157
v -0.897692 -0.988536 -0.507097
v -0.867482 -0.954276 -0.443827
v -1.003957 -0.924056 -0.437402
v -0.887092 -0.970276 -0.435062
v -0.891367 -0.976351 -0.393647
v -1.008512 -0.928941 -0.406942
v -1.125492 -0.933706 -0.463952
v -1.131402 -0.933616 -0.437922
v -0.792777 -1.325411 -0.517567
v -0.853027 -1.440811 -0.564142
v -0.858872 -1.455211 -0.515762
v -0.795722 -1.334316 -0.479972
v -0.779882 -1.274506 -0.498752
v -0.782762 -1.283141 -0.463282
v -0.756127 -1.171041 -0.475977
v -0.760632 -1.180831 -0.423202
v -0.801432 -1.078091 -0.401422
v -0.874202 -0.964951 -0.378427
v -1.122262 -0.985786 -0.396932
v -1.131402 -0.933616 -0.437922
v -1.008512 -0.928941 -0.406942
v -1.015402 -0.966536 -0.386847
v -0.891367 -0.976351 -0.393647
v -0.920012 -1.017056 -0.366867
v -0.886487 -1.415201 -0.455867
v -0.837407 -1.332081 -0.446787
v -0.820877 -1.278111 -0.430792
v -0.782762 -1.283141 -0.463282
v -0.801432 -1.078091 -0.401422
v -0.760632 -1.180831 -0.423202
v -0.817167 -1.198906 -0.383082
v -0.860747 -1.101456 -0.361092
v -0.874202 -0.964951 -0.378427
v -0.923217 -1.026141 -0.335247
v -1.015402 -0.966536 -0.386847
v -0.920012 -1.017056 -0.366867
v -0.937012 -1.040701 -0.406602
v -1.014777 -0.991096 -0.415447
v -1.104262 -1.016096 -0.429362
v -1.122262 -0.985786 -0.396932
v -0.837407 -1.332081 -0.446787
v -0.886487 -1.415201 -0.455867
v -0.900477 -1.360911 -0.478657
v -0.867267 -1.316996 -0.475467
v -0.847897 -1.261141 -0.456887
v -0.820877 -1.278111 -0.430792
v -0.860747 -1.101456 -0.361092
v -0.817167 -1.198906 -0.383082
v -0.857592 -1.196726 -0.428152
v -0.892167 -1.119281 -0.412092
v -0.923217 -1.026141 -0.335247
v -0.953052 -1.060576 -0.398632
v -1.096877 -1.005216 -0.479092
v -1.104262 -1.016096 -0.429362
v -1.014777 -0.991096 -0.415447
v -1.008907 -0.982451 -0.454947
v -0.859877 -1.306111 -0.525192
v -0.867267 -1.316996 -0.475467
v -0.900477 -1.360911 -0.478657
v -0.890742 -1.346571 -0.544192
v -0.840912 -1.250846 -0.503917
v -0.847897 -1.261141 -0.456887
v -0.881672 -1.104231 -0.481677
v -0.892167 -1.119281 -0.412092
v -0.857592 -1.196726 -0.428152
v -0.847222 -1.182136 -0.497127
v -0.940432 -1.041986 -0.483572
v -0.953052 -1.060576 -0.398632
v -0.858882 -1.241681 -0.520192
v -0.802602 -1.248821 -0.553647
v -0.870052 -1.258136 -0.444997
v -0.858882 -1.241681 -0.520192
v -0.825322 -1.282291 -0.400707
v -0.870052 -1.258136 -0.444997
v -0.762267 -1.286391 -0.452407
v -0.825322 -1.282291 -0.400707
v -0.757642 -1.272826 -0.509432
v -0.762267 -1.286391 -0.452407
v -0.802602 -1.248821 -0.553647
v -0.757642 -1.272826 -0.509432
v -0.940432 -1.041986 -0.483572
v -0.928992 -1.028886 -0.460597
v -0.937012 -1.040701 -0.406602
v -0.953052 -1.060576 -0.398632
v -0.940432 -1.041986 -0.483572
v -0.897692 -0.988536 -0.507097
v -0.904297 -0.993896 -0.474717
v -0.928992 -1.028886 -0.460597
v -0.867482 -0.954276 -0.443827
v -0.887092 -0.970276 -0.435062
v -0.891367 -0.976351 -0.393647
v -0.874202 -0.964951 -0.378427
v -0.923217 -1.026141 -0.335247
v -0.920012 -1.017056 -0.366867
v -0.858882 -1.241681 -0.520192
v -0.840912 -1.250846 -0.503917
v -0.806902 -1.257531 -0.524852
v -0.802602 -1.248821 -0.553647
v -0.858882 -1.241681 -0.520192
v -0.870052 -1.258136 -0.444997
v -0.847897 -1.261141 -0.456887
v -0.840912 -1.250846 -0.503917
v -0.825322 -1.282291 -0.400707
v -0.820877 -1.278111 -0.430792
v -0.762267 -1.286391 -0.452407
v -0.782762 -1.283141 -0.463282
v -0.779882 -1.274506 -0.498752
v -0.757642 -1.272826 -0.509432
v -0.890402 -1.500626 -0.386422
v -1.005392 -1.560631 -0.298677
v -1.057802 -1.439281 -0.287147
v -0.947902 -1.381931 -0.371007
v -1.005392 -1.560631 -0.298677
v -1.145097 -1.616996 -0.295812
v -1.191317 -1.493151 -0.284407
v -1.057802 -1.439281 -0.287147
v -1.272077 -1.654616 -0.378597
v -1.312677 -1.529106 -0.363527
v -1.352312 -1.663416 -0.524852
v -1.389357 -1.537516 -0.503307
v -1.364297 -1.641031 -0.695392
v -1.400812 -1.516121 -0.666292
v -1.304827 -1.593466 -0.844512
v -1.343972 -1.470661 -0.808812
v -1.189832 -1.533461 -0.932257
v -1.234072 -1.413311 -0.892672
v -1.050127 -1.477091 -0.935122
v -1.100557 -1.359441 -0.895412
v -0.923147 -1.439471 -0.852337
v -0.979197 -1.323486 -0.816292
v -0.842917 -1.430671 -0.706082
v -0.902517 -1.315076 -0.676512
v -0.830927 -1.453056 -0.535547
v -0.891062 -1.336471 -0.513527
v -1.242012 -1.039846 -0.767702
v -1.143867 -1.010791 -0.703572
v -1.199437 -0.894026 -0.668272
v -1.292427 -0.921556 -0.729037
v -1.350032 -1.083451 -0.765357
v -1.394772 -0.962871 -0.726817
v -1.438982 -1.129916 -0.697162
v -1.479052 -1.006896 -0.662197
v -1.485027 -1.166796 -0.581392
v -1.522682 -1.041841 -0.552507
v -1.475837 -1.184211 -0.449062
v -1.513972 -1.058341 -0.427127
v -1.413862 -1.177486 -0.335637
v -1.455257 -1.051971 -0.319657
v -1.315722 -1.148431 -0.271507
v -1.362267 -1.024441 -0.258892
v -1.207702 -1.104826 -0.273852
v -1.259917 -0.983126 -0.261117
v -1.118752 -1.058361 -0.342047
v -1.207702 -1.104826 -0.273852
v -1.259917 -0.983126 -0.261117
v -1.175637 -0.939101 -0.325732
v -1.072702 -1.021481 -0.457822
v -1.132007 -0.904156 -0.435422
v -1.081897 -1.004066 -0.590147
v -1.140717 -0.887656 -0.560802
v -1.106122 -1.372861 -0.849792
v -1.003592 -1.342506 -0.782792
v -1.163072 -1.024541 -0.676892
v -1.246812 -1.049331 -0.731612
v -1.218967 -1.418411 -0.847342
v -1.338977 -1.086536 -0.729612
v -1.311892 -1.466956 -0.776097
v -1.414872 -1.126181 -0.671422
v -1.359997 -1.505486 -0.655152
v -1.454162 -1.157651 -0.572642
v -1.350397 -1.523676 -0.516912
v -1.446317 -1.172506 -0.459737
v -1.285657 -1.516651 -0.398417
v -1.393442 -1.166771 -0.362957
v -1.183127 -1.486296 -0.331417
v -1.309702 -1.141981 -0.308242
v -1.070277 -1.440746 -0.333867
v -1.217537 -1.104776 -0.310242
v -0.977352 -1.392201 -0.405112
v -1.070277 -1.440746 -0.333867
v -1.217537 -1.104776 -0.310242
v -1.141642 -1.065131 -0.368427
v -0.929247 -1.353671 -0.526057
v -1.102352 -1.033661 -0.467212
v -0.938852 -1.335481 -0.664297
v -1.110197 -1.018806 -0.580117
v -1.070277 -1.440746 -0.333867
v -0.977352 -1.392201 -0.405112
v -0.947902 -1.381931 -0.371007
v -1.057802 -1.439281 -0.287147
v -1.183127 -1.486296 -0.331417
v -1.070277 -1.440746 -0.333867
v -1.057802 -1.439281 -0.287147
v -1.191317 -1.493151 -0.284407
v -1.285657 -1.516651 -0.398417
v -1.312677 -1.529106 -0.363527
v -1.350397 -1.523676 -0.516912
v -1.389357 -1.537516 -0.503307
v -1.359997 -1.505486 -0.655152
v -1.400812 -1.516121 -0.666292
v -1.311892 -1.466956 -0.776097
v -1.343972 -1.470661 -0.808812
v -1.218967 -1.418411 -0.847342
v -1.234072 -1.413311 -0.892672
v -1.106122 -1.372861 -0.849792
v -1.100557 -1.359441 -0.895412
v -1.003592 -1.342506 -0.782792
v -0.979197 -1.323486 -0.816292
v -0.938852 -1.335481 -0.664297
v -0.902517 -1.315076 -0.676512
v -0.929247 -1.353671 -0.526057
v -0.891062 -1.336471 -0.513527
v -1.246812 -1.049331 -0.731612
v -1.163072 -1.024541 -0.676892
v -1.143867 -1.010791 -0.703572
v -1.242012 -1.039846 -0.767702
v -1.338977 -1.086536 -0.729612
v -1.350032 -1.083451 -0.765357
v -1.414872 -1.126181 -0.671422
v -1.438982 -1.129916 -0.697162
v -1.454162 -1.157651 -0.572642
v -1.485027 -1.166796 -0.581392
v -1.446317 -1.172506 -0.459737
v -1.475837 -1.184211 -0.449062
v -1.393442 -1.166771 -0.362957
v -1.413862 -1.177486 -0.335637
v -1.309702 -1.141981 -0.308242
v -1.315722 -1.148431 -0.271507
v -1.217537 -1.104776 -0.310242
v -1.207702 -1.104826 -0.273852
v -1.141642 -1.065131 -0.368427
v -1.217537 -1.104776 -0.310242
v -1.207702 -1.104826 -0.273852
v -1.118752 -1.058361 -0.342047
v -1.102352 -1.033661 -0.467212
v -1.072702 -1.021481 -0.457822
v -1.110197 -1.018806 -0.580117
v -1.081897 -1.004066 -0.590147
v -1.175637 -0.939101 -0.325732
v -1.259917 -0.983126 -0.261117
v -1.276897 -0.985321 -0.327807
v -1.216372 -0.953701 -0.374212
v -1.259917 -0.983126 -0.261117
v -1.362267 -1.024441 -0.258892
v -1.350402 -1.014996 -0.326207
v -1.276897 -0.985321 -0.327807
v -1.455257 -1.051971 -0.319657
v -1.417187 -1.034766 -0.369847
v -1.513972 -1.058341 -0.427127
v -1.459357 -1.039341 -0.447032
v -1.522682 -1.041841 -0.552507
v -1.465612 -1.027491 -0.537077
v -1.479052 -1.006896 -0.662197
v -1.434277 -1.002396 -0.615857
v -1.394772 -0.962871 -0.726817
v -1.373752 -0.970776 -0.662262
v -1.292427 -0.921556 -0.729037
v -1.300247 -0.941106 -0.663857
v -1.199437 -0.894026 -0.668272
v -1.233462 -0.921331 -0.620217
v -1.140717 -0.887656 -0.560802
v -1.191292 -0.916761 -0.543037
v -1.132007 -0.904156 -0.435422
v -1.185037 -0.928606 -0.452992
v -1.352312 -1.663416 -0.524852
v 1.407568 0.306059 0.529468
v 1.505328 0.287474 1.162143
v 1.531878 0.364659 1.148228
v 1.631443 0.234669 0.560608
v 1.587563 0.107099 0.583618
v 0.119013 3.269588 1.037729
v 1.322458 2.149564 1.647269
v 1.547773 3.221833 1.647269
v 1.547773 3.221833 1.261694
v 1.322458 2.149564 1.261694
v 0.670858 3.770113 1.653499
v 0.590843 3.389314 1.642549
v 0.590843 3.389314 1.549024
v 0.670858 3.770113 1.537604
v -0.306832 3.747419 1.935904
v -0.558162 2.458049 1.163679
v 1.393223 2.104133 1.344649
v 1.634158 3.250749 1.344649
v 1.634158 3.250749 1.163679
v 1.393223 2.104133 1.163679
v 1.855833 -2.564416 1.327338
v 1.973263 -2.476672 1.327338
v 1.973263 -2.476672 1.154873
v 1.855833 -2.564416 1.154873
v 1.661583 -1.112306 1.169098
v 1.806668 -1.128211 1.169098
v 1.806668 -1.128211 1.315873
v 1.661583 -1.112306 1.315873
v 1.973263 -2.476672 1.327338
v 1.961743 -2.305421 1.295018
v 1.961743 -2.305421 1.194973
v 1.973263 -2.476672 1.154873
v 1.665633 -2.362446 1.295018
v 1.684768 -2.547096 1.327338
v 1.684768 -2.547096 1.154873
v 1.665633 -2.362446 1.194973
v 1.528633 -1.158436 1.315873
v 1.550633 -1.255886 1.295018
v 1.550633 -1.255886 1.194973
v 1.528633 -1.158436 1.169098
v 1.826493 -1.222261 1.194973
v 1.826493 -1.222261 1.295018
v 1.806668 -1.128211 1.315873
v 1.806668 -1.128211 1.169098
v 1.684768 -2.547096 1.327338
v 1.684768 -2.547096 1.154873
v 1.528633 -1.158436 1.169098
v 1.528633 -1.158436 1.315873
v 1.919388 -1.779576 1.249303
v 1.614098 -1.836851 1.249303
v 1.614098 -1.836851 1.349348
v 1.614098 -1.836851 1.249303
v 1.919388 -1.779576 1.349348
v 1.919388 -1.779576 1.249303
v 1.339658 -2.503957 1.377843
v 1.501388 -2.536186 1.377843
v 1.501388 -2.536186 1.117998
v 1.339658 -2.503957 1.117998
v 1.182223 -1.177681 1.137713
v 1.330013 -1.112631 1.137713
v 1.330013 -1.112631 1.358853
v 1.182223 -1.177681 1.358853
v 1.676273 -2.473312 1.377843
v 1.664468 -2.352011 1.324313
v 1.664468 -2.352011 1.173578
v 1.676273 -2.473312 1.117998
v 1.327053 -2.382351 1.324313
v 1.339658 -2.503957 1.377843
v 1.339658 -2.503957 1.117998
v 1.327053 -2.382351 1.173578
v 1.517508 -1.110651 1.137713
v 1.517508 -1.110651 1.358853
v 1.676273 -2.473312 1.377843
v 1.676273 -2.473312 1.117998
v 1.613108 -1.871251 1.227908
v 1.272118 -1.904551 1.227908
v 1.272118 -1.904551 1.378643
v 1.272118 -1.904551 1.227908
v 1.613108 -1.871251 1.378643
v 1.613108 -1.871251 1.227908
v 1.182223 -1.177681 1.358853
v 1.214233 -1.337256 1.324313
v 1.214233 -1.337256 1.173578
v 1.182223 -1.177681 1.137713
v 1.552588 -1.265361 1.173578
v 1.552588 -1.265361 1.324313
v 1.517508 -1.110651 1.358853
v 1.517508 -1.110651 1.137713
v 1.035363 -1.233671 1.170028
v 1.189748 -1.209586 1.170028
v 1.189748 -1.209586 1.363018
v 1.035363 -1.233671 1.363018
v 1.335868 -2.529567 1.382733
v 1.336033 -2.442582 1.327148
v 1.336033 -2.442582 1.195608
v 1.335868 -2.529567 1.155968
v 1.022388 -2.409286 1.327148
v 1.063043 -2.525737 1.382733
v 1.063043 -2.525737 1.155968
v 1.022388 -2.409286 1.195608
v 0.918108 -1.304956 1.363018
v 0.930453 -1.386111 1.327148
v 0.930453 -1.386111 1.195608
v 0.918108 -1.304956 1.170028
v 1.211138 -1.302471 1.195608
v 1.211138 -1.302471 1.327148
v 1.189748 -1.209586 1.363018
v 1.189748 -1.209586 1.170028
v 1.063043 -2.525737 1.382733
v 1.175218 -2.591017 1.382733
v 1.175218 -2.591017 1.155968
v 0.918108 -1.304956 1.170028
v 0.918108 -1.304956 1.363018
v 0.982228 -1.867231 1.381478
v 0.982228 -1.867231 1.249938
v 1.274088 -1.898186 1.381478
v 1.274088 -1.898186 1.249938
v 1.274088 -1.898186 1.249938
v 0.982228 -1.867231 1.249938
v 1.361088 -1.560771 1.076918
v 1.416628 -1.544212 1.100303
v 1.348508 -1.620011 1.065223
v 1.391468 -1.662696 1.076918
v 1.447008 -1.646141 1.100303
v 1.459588 -1.586901 1.111998
v 1.459588 -1.586901 1.111998
v 1.364323 -1.551221 1.041168
v 1.428458 -1.532101 1.068173
v 1.349798 -1.619626 1.027663
v 1.364323 -1.551221 1.041168
v 1.399408 -1.668916 1.041168
v 1.349798 -1.619626 1.027663
v 1.463538 -1.649796 1.068173
v 1.399408 -1.668916 1.041168
v 1.478068 -1.581391 1.081673
v 1.463538 -1.649796 1.068173
v 1.428458 -1.532101 1.068173
v 1.478068 -1.581391 1.081673
v 1.380853 -1.554876 1.009033
v 1.436398 -1.538321 1.032423
v 1.368278 -1.614116 0.997338
v 1.411238 -1.656806 1.009033
v 1.368278 -1.614116 0.997338
v 1.466778 -1.640246 1.032423
v 1.479358 -1.581006 1.044113
v 1.458958 -1.665886 1.078353
v 1.481068 -1.693746 1.120898
v 1.415883 -1.682471 1.052648
v 1.394918 -1.726911 1.069488
v 1.417028 -1.754771 1.112033
v 1.460103 -1.738186 1.137738
v 1.460103 -1.738186 1.137738
v 1.476323 -1.671571 1.055083
v 1.501853 -1.703736 1.104208
v 1.426583 -1.690721 1.025398
v 1.476323 -1.671571 1.055083
v 1.402378 -1.742036 1.044848
v 1.426583 -1.690721 1.025398
v 1.427908 -1.774201 1.093973
v 1.402378 -1.742036 1.044848
v 1.477648 -1.755051 1.123653
v 1.427908 -1.774201 1.093973
v 1.501853 -1.703736 1.104208
v 1.477648 -1.755051 1.123653
v 1.487198 -1.691001 1.037018
v 1.509313 -1.718861 1.079568
v 1.444123 -1.707586 1.011313
v 1.423163 -1.752031 1.028158
v 1.444123 -1.707586 1.011313
v 1.445273 -1.779886 1.070703
v 1.488348 -1.763301 1.096408
v 1.532543 -1.524186 1.194153
v 1.418583 -1.484256 1.187388
v 1.420968 -1.463876 1.101343
v 1.550213 -1.509161 1.109013
v 1.302723 -1.518791 1.187388
v 1.289568 -1.503046 1.101343
v 1.229218 -1.614601 1.194153
v 1.206208 -1.611701 1.109013
v 1.226148 -1.735086 1.205098
v 1.202723 -1.748346 1.121428
v 1.294683 -1.834226 1.216043
v 1.280453 -1.860786 1.133843
v 1.408648 -1.874151 1.222808
v 1.409698 -1.906066 1.141513
v 1.524503 -1.839617 1.222808
v 1.541098 -1.866901 1.141513
v 1.598008 -1.743811 1.216043
v 1.624458 -1.758246 1.133843
v 1.601078 -1.623326 1.205098
v 1.627943 -1.621601 1.121428
v 1.206208 -1.611701 1.109013
v 1.415953 -2.029397 1.237648
v 1.355443 -2.023141 1.237648
v 1.349778 -2.004142 1.123788
v 1.425383 -2.011956 1.123788
v 1.308228 -2.061507 1.237648
v 1.290788 -2.052077 1.123788
v 1.301973 -2.122022 1.237648
v 1.282973 -2.127682 1.123788
v 1.340338 -2.169231 1.237648
v 1.330908 -2.186671 1.123788
v 1.400853 -2.175487 1.237648
v 1.406513 -2.194487 1.123788
v 1.448063 -2.137121 1.237648
v 1.465503 -2.146552 1.123788
v 1.448063 -2.137121 1.237648
v 1.454318 -2.076607 1.237648
v 1.473318 -2.070946 1.123788
v 1.465503 -2.146552 1.123788
v 1.412233 -2.036281 1.010673
v 1.357678 -2.030642 1.010673
v 1.383313 -2.049331 1.193348
v 1.441183 -2.133402 1.010673
v 1.428128 -2.104481 1.193348
v 1.469223 -2.148561 1.010673
v 1.407723 -2.198537 1.010673
v 1.328898 -2.190392 1.010673
v 1.278923 -2.128891 1.010673
v 1.287068 -2.050066 1.010673
v 1.348568 -2.000091 1.010673
v 1.427393 -2.008237 1.010673
v 1.477373 -2.069736 1.010673
v 1.469223 -2.148561 1.010673
v 0.864518 -1.557306 1.317988
v 1.161073 -1.529461 1.363943
v 1.161073 -1.529461 1.177328
v 0.864518 -1.557306 1.145303
v 0.864518 -1.557306 1.145303
v 1.161073 -1.529461 1.177328
v 1.119593 -1.388181 1.177328
v 0.858803 -1.376826 1.145303
v 0.858803 -1.376826 1.145303
v 1.119593 -1.388181 1.177328
v 1.119593 -1.388181 1.379168
v 0.858803 -1.376826 1.317988
v 1.937798 -1.414612 1.332808
v 1.874393 -1.215666 1.332808
v 1.874393 -1.215666 1.130483
v 1.937798 -1.414612 1.130483
v 1.592998 -1.311976 1.144848
v 1.874393 -1.215666 1.130483
v 1.874393 -1.215666 1.332808
v 1.592998 -1.311976 1.363943
v 1.630668 -1.470111 1.144848
v 1.630668 -1.470111 1.363943
v 1.937798 -1.414612 1.332808
v 1.937798 -1.414612 1.130483
v 1.592998 -1.311976 1.144848
v 1.630668 -1.470111 1.144848
v 1.937798 -1.414612 1.130483
v 1.874393 -1.215666 1.130483
v 1.356948 -1.355891 1.156288
v 1.356948 -1.355891 1.372308
v 1.398918 -1.496986 1.363943
v 1.398918 -1.496986 1.156288
v 1.398918 -1.496986 1.156288
v 1.356948 -1.355891 1.156288
v 2.537128 -1.060086 1.613133
v 2.326488 -0.985902 1.613133
v 2.325478 -1.027121 1.491993
v 2.512083 -1.092842 1.491993
v 2.112468 -1.049696 1.613133
v 2.135883 -1.083636 1.491993
v 1.976823 -1.227101 1.613133
v 2.015713 -1.240796 1.491993
v 1.971358 -1.450356 1.613133
v 2.010873 -1.438581 1.491993
v 2.098163 -1.634187 1.613133
v 2.123208 -1.601431 1.491993
v 2.308803 -1.708372 1.613133
v 2.309813 -1.667151 1.491993
v 2.522823 -1.644581 1.613133
v 2.499413 -1.610641 1.491993
v 2.658468 -1.467171 1.613133
v 2.619578 -1.453476 1.491993
v 2.663933 -1.243916 1.613133
v 2.624418 -1.255696 1.491993
v 2.230093 -1.017342 1.932763
v 2.147068 -1.459036 1.588493
v 2.501643 -1.240311 1.588493
v 2.301848 -1.619997 1.932763
v 2.324243 -2.199632 1.695818
v 2.332028 -2.007476 1.712368
v 2.190513 -1.957636 1.712368
v 2.189833 -1.985326 1.630983
v 2.315198 -2.029481 1.630983
v 2.046728 -2.000492 1.712368
v 2.062458 -2.023297 1.630983
v 1.955598 -2.119681 1.712368
v 1.981728 -2.128881 1.630983
v 1.951928 -2.269671 1.712368
v 1.978473 -2.261757 1.630983
v 2.037118 -2.393171 1.712368
v 2.053943 -2.371167 1.630983
v 2.178633 -2.443012 1.712368
v 2.179313 -2.415317 1.630983
v 2.322418 -2.400151 1.712368
v 2.306688 -2.377352 1.630983
v 2.413548 -2.280967 1.712368
v 2.387418 -2.271767 1.630983
v 2.417218 -2.130977 1.712368
v 2.390673 -2.138891 1.630983
v 1.987958 -2.192767 1.927103
v 2.162863 -2.103267 1.927103
v 0.936438 -2.352417 1.355558
v 1.234508 -2.379662 1.365163
v 1.234508 -2.379662 1.168653
v 0.936438 -2.352417 1.096148
v 0.936438 -2.352417 1.096148
v 1.234508 -2.379662 1.168653
v 1.227688 -2.227797 1.168653
v 0.941628 -2.139707 1.096148
v 0.941628 -2.139707 1.096148
v 1.227688 -2.227797 1.168653
v 1.227688 -2.227797 1.381198
v 0.941623 -2.139707 1.355558
v 1.704353 -2.188317 1.134453
v 2.009658 -2.098316 1.087898
v 2.009658 -2.098316 1.363808
v 1.704353 -2.188317 1.365163
v 1.718503 -2.356431 1.134453
v 1.718503 -2.356431 1.365163
v 2.006043 -2.294997 1.363808
v 2.006043 -2.294997 1.087898
v 1.704353 -2.188317 1.134453
v 1.718503 -2.356431 1.134453
v 2.006043 -2.294997 1.087898
v 2.009658 -2.098316 1.087898
v 1.457188 -2.233727 1.146498
v 1.457188 -2.233727 1.373978
v 1.471053 -2.390801 1.365163
v 1.471053 -2.390801 1.146498
v 1.471053 -2.390801 1.146498
v 1.457188 -2.233727 1.146498
v -0.450652 3.305594 -0.406966
v -0.296367 3.381349 -0.406966
v -0.269632 3.353809 -0.765836
v -0.445212 3.267604 -0.765836
v -0.216072 3.533313 -0.406966
v -0.178257 3.526749 -0.765836
v -0.240437 3.703458 -0.406966
v -0.205987 3.720374 -0.765836
v -0.360157 3.826784 -0.406966
v -0.342227 3.860719 -0.765836
v -0.529502 3.856189 -0.406966
v -0.534942 3.894179 -0.765836
v -0.683787 3.780434 -0.406966
v -0.710522 3.807974 -0.765836
v -0.764082 3.628464 -0.406966
v -0.801897 3.635034 -0.765836
v -0.739717 3.458323 -0.406966
v -0.774167 3.441409 -0.765836
v -0.619997 3.334999 -0.406966
v -0.637927 3.301064 -0.765836
v -0.619997 3.334999 -0.406966
v -0.637927 3.301064 -0.765836
v -0.453732 3.327109 -0.759871
v -0.311507 3.396939 -0.759866
v -0.283867 3.368469 -0.989196
v -0.448107 3.287829 -0.989196
v -0.237487 3.537034 -0.759866
v -0.198392 3.530244 -0.989196
v -0.259947 3.693879 -0.759866
v -0.224332 3.711364 -0.989196
v -0.370312 3.807564 -0.759871
v -0.351777 3.842649 -0.989196
v -0.526422 3.834669 -0.759871
v -0.532047 3.873949 -0.989196
v -0.668647 3.764839 -0.759871
v -0.696287 3.793314 -0.989196
v -0.742667 3.624749 -0.759871
v -0.781762 3.631539 -0.989196
v -0.720207 3.467904 -0.759871
v -0.755822 3.450414 -0.989196
v -0.609842 3.354214 -0.759871
v -0.628382 3.319134 -0.989196
v -0.453732 3.327109 -0.759871
v -0.448107 3.287829 -0.989196
v -0.459907 3.389964 -0.314346
v -0.354522 3.442434 -0.326526
v -0.335247 3.421399 -0.419666
v -0.458567 3.360854 -0.419666
v -0.299307 3.546934 -0.326526
v -0.271072 3.542864 -0.419666
v -0.315347 3.663559 -0.314346
v -0.290547 3.678854 -0.419666
v -0.396517 3.747749 -0.294636
v -0.386232 3.777429 -0.419666
v -0.511812 3.767359 -0.274926
v -0.521587 3.800929 -0.419666
v -0.617192 3.714889 -0.262741
v -0.644907 3.740384 -0.419666
v -0.672407 3.610389 -0.262741
v -0.709082 3.618919 -0.419666
v -0.656367 3.493764 -0.274926
v -0.689607 3.482924 -0.419666
v -0.575197 3.409574 -0.294636
v -0.593922 3.384354 -0.419666
v -0.398837 3.405139 -0.083046
v -0.328987 3.447059 -0.115341
v -0.288742 3.523234 -0.115341
v -0.293472 3.604559 -0.083046
v -0.341372 3.659974 -0.030786
v -0.414147 3.668319 0.021474
v -0.483997 3.626394 0.053769
v -0.524242 3.550224 0.053769
v -0.519512 3.468899 0.021474
v -0.471612 3.413479 -0.030786
v -0.285117 3.392489 0.170839
v -0.243417 3.419969 0.146834
v -0.218142 3.467809 0.146834
v -0.218937 3.517739 0.170839
v -0.245507 3.550689 0.209679
v -0.287697 3.554069 0.248524
v -0.329397 3.526589 0.272529
v -0.354672 3.478754 0.272529
v -0.353872 3.428818 0.248524
v -0.327307 3.395874 0.209679
v -0.119182 3.401114 0.380929
v -0.119182 3.401114 0.380929
v -0.123622 3.418759 0.403999
v -0.246067 3.611649 0.175874
v -0.196407 3.506009 0.085969
v -0.123622 3.418759 0.403999
v -0.140702 3.412484 0.427074
v -0.361322 3.593144 0.265774
v -0.246067 3.611649 0.175874
v -0.153337 3.388564 0.427074
v -0.148902 3.370919 0.403999
v -0.377247 3.363373 0.175874
v -0.426912 3.469009 0.265774
v -0.148902 3.370919 0.403999
v -0.131822 3.377194 0.380929
v -0.261992 3.381874 0.085969
v -0.377247 3.363373 0.175874
v -0.263087 -2.488496 -0.406962
v -0.226007 -2.320666 -0.406962
v -0.187802 -2.316961 -0.765832
v -0.230002 -2.507951 -0.765832
v -0.294652 -2.163091 -0.406962
v -0.265922 -2.137641 -0.765832
v -0.442807 -2.075961 -0.406962
v -0.434527 -2.038486 -0.765832
v -0.613882 -2.092551 -0.406962
v -0.629212 -2.057366 -0.765832
v -0.742532 -2.206531 -0.406962
v -0.775612 -2.187076 -0.765832
v -0.779612 -2.374361 -0.406962
v -0.817817 -2.378071 -0.765832
v -0.710967 -2.531936 -0.406962
v -0.739697 -2.557386 -0.765832
v -0.562812 -2.619066 -0.406962
v -0.571092 -2.656546 -0.765832
v -0.391737 -2.602476 -0.406962
v -0.376407 -2.637661 -0.765832
v -0.391737 -2.602476 -0.406962
v -0.376407 -2.637661 -0.765832
v -0.742532 -2.206531 -0.406962
v -0.281822 -2.477476 -0.759862
v -0.247637 -2.322761 -0.759862
v -0.208142 -2.318931 -0.989192
v -0.247617 -2.497591 -0.989192
v -0.310917 -2.177506 -0.759862
v -0.281217 -2.151191 -0.989192
v -0.447497 -2.097181 -0.759867
v -0.438932 -2.058436 -0.989192
v -0.605202 -2.112481 -0.759867
v -0.621047 -2.076101 -0.989192
v -0.723797 -2.217551 -0.759867
v -0.757997 -2.197436 -0.989192
v -0.757982 -2.372266 -0.759867
v -0.797477 -2.376096 -0.989192
v -0.694702 -2.517526 -0.759867
v -0.724402 -2.543836 -0.989192
v -0.558122 -2.597846 -0.759867
v -0.566682 -2.636591 -0.989192
v -0.400417 -2.582551 -0.759867
v -0.384567 -2.618926 -0.989192
v -0.281822 -2.477476 -0.759862
v -0.247617 -2.497591 -0.989192
v -0.334787 -2.443076 -0.314342
v -0.310027 -2.327991 -0.326522
v -0.281562 -2.326056 -0.419662
v -0.311202 -2.460196 -0.419662
v -0.357232 -2.219636 -0.326522
v -0.336432 -2.200106 -0.419662
v -0.458372 -2.159396 -0.314342
v -0.454852 -2.130466 -0.419662
v -0.574812 -2.170281 -0.294632
v -0.591587 -2.143726 -0.419662
v -0.662082 -2.248141 -0.274922
v -0.694412 -2.234831 -0.419662
v -0.686837 -2.363226 -0.262737
v -0.724052 -2.368976 -0.419662
v -0.639632 -2.471581 -0.262737
v -0.669187 -2.494921 -0.419662
v -0.538497 -2.531821 -0.274922
v -0.550767 -2.564561 -0.419662
v -0.422057 -2.520931 -0.294632
v -0.414032 -2.551301 -0.419662
v -0.308542 -2.385891 -0.083042
v -0.297712 -2.305146 -0.115337
v -0.332117 -2.226171 -0.115337
v -0.398622 -2.179116 -0.083042
v -0.471812 -2.181966 -0.030782
v -0.523742 -2.233626 0.021478
v -0.534572 -2.314366 0.053773
v -0.500162 -2.393347 0.053773
v -0.433662 -2.440401 0.021478
v -0.360467 -2.437551 -0.030782
v -0.227692 -2.304916 0.170843
v -0.223142 -2.255191 0.146838
v -0.244752 -2.205586 0.146838
v -0.284267 -2.175051 0.170843
v -0.326592 -2.175251 0.209683
v -0.355562 -2.206111 0.248528
v -0.360112 -2.255841 0.272533
v -0.338502 -2.305441 0.272533
v -0.298987 -2.335976 0.248528
v -0.256662 -2.335776 0.209683
v -0.130887 -2.169876 0.380933
v -0.147442 -2.162331 0.404003
v -0.374577 -2.137651 0.175878
v -0.261042 -2.164761 0.085973
v -0.147442 -2.162331 0.404003
v -0.153197 -2.179596 0.427078
v -0.432042 -2.239256 0.265778
v -0.374577 -2.137651 0.175878
v -0.142392 -2.204396 0.427078
v -0.125832 -2.211941 0.404003
v -0.262427 -2.395081 0.175878
v -0.375967 -2.367971 0.265778
v -0.125832 -2.211941 0.404003
v -0.120082 -2.194676 0.380933
v -0.204967 -2.293476 0.085973
v -0.262427 -2.395081 0.175878
v -0.120082 -2.194676 0.380933
v -0.432042 -2.239256 0.265778
v -0.375967 -2.367971 0.265778
v -0.261042 -2.164761 0.085973
v -1.492797 -2.219137 2.034598
v -1.740937 -2.383991 2.034598
v -1.707262 -2.404436 1.215233
v -1.474717 -2.249947 1.215233
v -0.671882 -3.147331 2.034598
v -0.582572 -2.707452 2.034598
v -0.621707 -2.707561 1.215233
v -0.705402 -3.145491 1.215233
v -0.669352 -2.383991 2.034598
v -0.703027 -2.404436 1.215233
v -0.917497 -2.219137 2.034598
v -0.935577 -2.249947 1.215233
v -1.205147 -2.188477 2.034598
v -1.205147 -2.221211 1.215233
v -0.999487 -2.446917 1.215233
v -1.205147 -2.425622 1.215233
v -1.205147 -2.469801 0.227233
v -1.028337 -2.488111 0.227233
v -0.848937 -2.544097 1.215233
v -0.898907 -2.571651 0.227233
v -0.793827 -2.743662 1.215233
v -0.851532 -2.743221 0.227233
v -0.848937 -3.084086 1.215233
v -0.898907 -3.081582 0.227233
v -1.410802 -2.446917 1.215233
v -1.561357 -2.544097 1.215233
v -1.511382 -2.571651 0.227233
v -1.381952 -2.488111 0.227233
v -1.707262 -2.404436 1.215233
v -1.205147 -2.316696 -2.686037
v -0.928397 -2.345356 -2.686037
v -0.725802 -2.476126 -2.686037
v -0.651647 -2.744676 -2.686037
v -0.725802 -3.090256 -2.686037
v -1.558757 -2.743221 0.227233
v -1.511382 -3.081582 0.227233
v -1.684487 -3.090256 -2.686037
v -1.758642 -2.744676 -2.686037
v -1.684487 -2.476126 -2.686037
v -1.481892 -2.345356 -2.686037
v -1.492797 3.055804 2.034594
v -1.474717 3.086613 1.215229
v -1.707262 3.241103 1.215229
v -1.740937 3.220658 2.034594
v -0.671882 3.983998 2.034594
v -0.705402 3.982158 1.215229
v -0.621707 3.544229 1.215229
v -0.582572 3.544118 2.034594
v -0.703027 3.241103 1.215229
v -0.669352 3.220658 2.034594
v -0.935577 3.086613 1.215229
v -0.917497 3.055804 2.034594
v -1.205147 3.057878 1.215229
v -1.205147 3.025144 2.034594
v -0.999487 3.283584 1.215229
v -1.028337 3.324779 0.227229
v -1.205147 3.306469 0.227229
v -1.205147 3.262288 1.215229
v -0.848937 3.380763 1.215229
v -0.898907 3.408319 0.227229
v -0.793827 3.580328 1.215229
v -0.851532 3.579888 0.227229
v -0.848937 3.920753 1.215229
v -0.898907 3.918249 0.227229
v -1.616462 3.580328 1.215229
v -1.558757 3.579888 0.227229
v -1.511382 3.918249 0.227229
v -1.561357 3.920753 1.215744
v -1.561357 3.380763 1.215229
v -1.511382 3.408319 0.227229
v -1.410802 3.283584 1.215229
v -1.381952 3.324779 0.227229
v -1.707262 3.241103 1.215229
v -1.616462 3.580328 1.215229
v -1.788587 3.544229 1.215744
v -1.561357 3.920753 1.215744
v -1.704892 3.982158 1.215744
v -0.705402 3.982158 1.215229
v -0.848937 3.920753 1.215229
v -0.928397 3.182024 -2.686041
v -1.205147 3.153364 -2.686041
v -0.725802 3.312794 -2.686041
v -0.651647 3.581344 -2.686041
v -0.725802 3.926924 -2.686041
v -1.758642 3.581344 -2.686041
v -1.684487 3.926924 -2.686041
v -1.684487 3.312794 -2.686041
v -1.481892 3.182024 -2.686041
v -1.684487 3.926924 -2.686041
v -0.725802 3.926924 -2.686041
v -0.898907 3.918249 0.227229
v -1.511382 3.918249 0.227229
v -1.511382 3.918249 0.227229
v -0.848937 3.920753 1.215229
v -1.561357 3.920753 1.215744
v -1.704892 3.982158 1.215744
v -1.561357 3.920753 1.215744
v -0.848937 3.920753 1.215229
v -0.705402 3.982158 1.215229
v 3.280958 -2.219137 2.034598
v 3.032818 -2.383991 2.034598
v 3.066493 -2.404436 1.215233
v 3.299038 -2.249947 1.215233
v 2.946038 -2.707452 2.034598
v 2.985168 -2.707561 1.215748
v 3.035348 -3.147331 2.034598
v 3.068863 -3.145491 1.215748
v 4.101873 -3.147331 2.034598
v 4.191183 -2.707452 2.034598
v 4.152048 -2.707561 1.215233
v 4.068353 -3.145491 1.215233
v 4.104403 -2.383991 2.034598
v 4.070728 -2.404436 1.215233
v 3.856263 -2.219137 2.034598
v 3.838178 -2.249947 1.215233
v 3.568608 -2.188477 2.034598
v 3.568608 -2.221211 1.215233
v 3.774268 -2.446917 1.215233
v 3.568608 -2.425622 1.215233
v 3.568608 -2.469801 0.227233
v 3.745418 -2.488111 0.227233
v 3.924818 -2.544097 1.215233
v 3.874848 -2.571651 0.227233
v 3.979928 -2.743662 1.215233
v 3.922223 -2.743221 0.227233
v 3.924818 -3.084086 1.215233
v 3.874848 -3.081582 0.227233
v 3.157293 -2.743662 1.215233
v 3.212398 -3.084086 1.215748
v 3.262373 -3.081582 0.227233
v 3.214998 -2.743221 0.227233
v 3.212398 -2.544097 1.215233
v 3.262373 -2.571651 0.227233
v 3.362953 -2.446917 1.215233
v 3.391803 -2.488111 0.227233
v 3.066493 -2.404436 1.215233
v 3.157293 -2.743662 1.215233
v 2.985168 -2.707561 1.215748
v 3.212398 -3.084086 1.215748
v 3.068863 -3.145491 1.215748
v 3.568608 -2.316696 -2.686037
v 3.845358 -2.345356 -2.686037
v 4.047953 -2.476126 -2.686037
v 4.122108 -2.744676 -2.686037
v 4.047953 -3.090256 -2.686037
v 3.089268 -3.090256 -2.686037
v 3.015113 -2.744676 -2.686037
v 3.089268 -2.476126 -2.686037
v 3.291863 -2.345356 -2.686037
v -0.694992 -3.143201 -0.342847
v -0.661422 -2.229031 -0.342847
v -0.661422 -2.229031 -0.796947
v -0.694992 -3.143201 -0.796947
v -0.720447 -2.105276 -0.342847
v -1.193177 -2.100976 -0.342847
v -1.193177 -2.100976 -0.796947
v -0.720447 -2.105276 -0.796947
v -1.680282 -2.106201 -0.342847
v -1.680282 -2.106201 -0.796947
v -0.720447 -2.105276 -0.342847
v -0.720447 -2.105276 -0.796947
v -0.712267 -2.264306 -0.912452
v -0.742702 -3.140286 -0.912452
v -0.765772 -2.152121 -0.912452
v -1.194292 -2.148226 -0.912452
v -0.765772 -2.152121 -0.912452
v -1.635847 -2.152961 -0.912452
v -0.742702 -3.140286 -0.227342
v -0.712267 -2.264306 -0.227342
v -1.194292 -2.148226 -0.227342
v -1.635847 -2.152961 -0.227342
v -0.765772 -2.152121 -0.227342
v -0.765772 -2.152121 -0.227342
v 4.070598 -3.143201 -0.342847
v 4.104168 -2.389231 -0.342847
v 4.104168 -2.389231 -0.796947
v 4.070598 -3.143201 -0.796947
v 3.040748 -3.143201 -0.796947
v 3.016763 -2.413196 -0.796947
v 3.016763 -2.413196 -0.342847
v 3.040748 -3.143201 -0.342847
v 4.045148 -2.265476 -0.342847
v 3.572413 -2.261176 -0.342847
v 3.572413 -2.261176 -0.796947
v 4.045148 -2.265476 -0.796947
v 3.085308 -2.266401 -0.342847
v 3.085308 -2.266401 -0.796947
v 3.085308 -2.266401 -0.796947
v 3.085308 -2.266401 -0.342847
v 4.045148 -2.265476 -0.342847
v 4.045148 -2.265476 -0.796947
v 4.053323 -2.424501 -0.912452
v 4.022893 -3.140286 -0.912452
v 3.089348 -3.140286 -0.912452
v 3.067603 -2.446226 -0.912452
v 3.999818 -2.312321 -0.912452
v 3.571298 -2.308426 -0.912452
v 3.999818 -2.312321 -0.912452
v 3.129743 -2.313161 -0.912452
v 3.129743 -2.313161 -0.912452
v 4.022893 -3.140286 -0.227342
v 4.053323 -2.424501 -0.227342
v 3.067603 -2.446226 -0.227342
v 3.089348 -3.140286 -0.227342
v 3.129743 -2.313161 -0.227342
v 3.571298 -2.308426 -0.227342
v 3.129743 -2.313161 -0.227342
v 3.999818 -2.312321 -0.227342
v 3.999818 -2.312321 -0.227342
v 3.570778 -3.140286 -0.912452
v 3.089348 -3.140286 -0.912452
v 3.089348 -3.140286 -0.227342
v 3.570778 -3.140286 -0.227342
v 4.022893 -3.140286 -0.912452
v 4.022893 -3.140286 -0.227342
v 3.040748 -3.143201 -0.796947
v 3.040748 -3.143201 -0.342847
v 4.070598 -3.143201 -0.342847
v 4.070598 -3.143201 -0.796947
v -0.693527 3.979869 -0.342851
v -0.693527 3.979869 -0.796951
v -0.659957 3.065699 -0.796951
v -0.659957 3.065699 -0.342851
v -0.718977 2.941944 -0.342851
v -0.718977 2.941944 -0.796951
v -1.191707 2.937644 -0.796951
v -1.191707 2.937644 -0.342851
v -1.678817 2.942869 -0.796951
v -1.678817 2.942869 -0.342851
v -0.718977 2.941944 -0.796951
v -0.718977 2.941944 -0.342851
v -0.741232 3.976954 -0.912456
v -0.710802 3.100974 -0.912456
v -0.764302 2.988789 -0.912456
v -0.764302 2.988789 -0.912456
v -1.192827 2.984894 -0.912456
v -1.634382 2.989629 -0.912456
v -0.710802 3.100974 -0.227346
v -0.741232 3.976954 -0.227346
v -1.634382 2.989628 -0.227346
v -1.192827 2.984893 -0.227346
v -0.764302 2.988789 -0.227346
v -0.764302 2.988789 -0.227346
v -1.193347 3.976954 -0.912456
v -1.193347 3.976954 -0.227346
v -1.674777 3.976954 -0.227346
v -1.674777 3.976954 -0.912456
v -0.741232 3.976954 -0.912456
v -0.741232 3.976954 -0.227346
v -1.723377 3.979869 -0.796951
v -1.723377 3.979869 -0.342851
v -0.693527 3.979869 -0.796951
v -0.693527 3.979869 -0.342851
v -1.040342 -1.902071 -0.031737
v -1.219117 -1.902071 -0.061787
v -1.219117 -1.774646 -0.061787
v -1.040342 -1.774646 -0.031737
v -1.394517 -1.902071 -0.053192
v -1.394517 -1.774646 -0.053192
v -1.217667 -1.785196 -0.067597
v -1.109937 -1.785196 -0.048962
v -1.120972 -1.791191 0.106088
v -1.221807 -1.791191 0.091753
v -1.238577 -1.801416 0.240198
v -1.298472 -1.798706 0.184023
v -1.447642 -1.811161 0.307788
v -1.446562 -1.798371 0.238738
v -1.217667 -1.891521 -0.067597
v -1.221807 -1.885531 0.091753
v -1.120972 -1.885531 0.106088
v -1.109937 -1.891521 -0.048962
v -1.298472 -1.879146 0.184023
v -1.238577 -1.876431 0.240198
v -1.446562 -1.875046 0.238738
v -1.447642 -1.865556 0.307788
v -1.109937 -1.891521 -0.048962
v -1.120972 -1.885531 0.106088
v -1.120972 -1.791191 0.106088
v -1.109937 -1.785196 -0.048962
v -1.221807 -1.885531 0.091753
v -1.217667 -1.891521 -0.067597
v -1.217667 -1.785196 -0.067597
v -1.221807 -1.791191 0.091753
v -1.238577 -1.876431 0.240198
v -1.238577 -1.801416 0.240198
v -1.298472 -1.879146 0.184023
v -1.298472 -1.798706 0.184023
v -1.447642 -1.865556 0.307788
v -1.447642 -1.811161 0.307788
v -1.446562 -1.875046 0.238738
v -1.446562 -1.798371 0.238738
v -0.898427 -2.093546 -0.314942
v -0.898427 -1.407796 -0.281802
v -1.521987 -1.407796 -0.281802
v -1.521987 -2.093546 -0.314942
v -1.521987 -2.093546 -0.119477
v -1.521987 -1.407796 -0.171137
v -0.898427 -1.407796 -0.171137
v -0.898427 -2.093546 -0.119477
v -0.898427 -0.708956 -0.314817
v -1.521987 -0.708956 -0.314817
v -1.521987 -0.708956 -0.119597
v -0.898427 -0.708956 -0.119597
v -1.040342 -0.995861 -0.031737
v -1.219117 -0.995861 -0.061787
v -1.219117 -0.868441 -0.061787
v -1.040342 -0.868441 -0.031737
v -1.394517 -0.995861 -0.053192
v -1.394517 -0.868441 -0.053192
v -1.217667 -0.878986 -0.067597
v -1.109937 -0.878986 -0.048962
v -1.120972 -0.884981 0.106088
v -1.221807 -0.884981 0.091753
v -1.238577 -0.895211 0.240198
v -1.298472 -0.892496 0.184023
v -1.447642 -0.904956 0.307788
v -1.446562 -0.892161 0.238738
v -1.217667 -0.985316 -0.067597
v -1.221807 -0.979321 0.091753
v -1.120972 -0.979321 0.106088
v -1.109937 -0.985316 -0.048962
v -1.298472 -0.972936 0.184023
v -1.238577 -0.970226 0.240198
v -1.446562 -0.968841 0.238738
v -1.447642 -0.959346 0.307788
v -1.109937 -0.985316 -0.048962
v -1.120972 -0.979321 0.106088
v -1.120972 -0.884981 0.106088
v -1.109937 -0.878986 -0.048962
v -1.221807 -0.979321 0.091753
v -1.217667 -0.985316 -0.067597
v -1.217667 -0.878986 -0.067597
v -1.221807 -0.884981 0.091753
v -1.238577 -0.970226 0.240198
v -1.238577 -0.895211 0.240198
v -1.298472 -0.972936 0.184023
v -1.298472 -0.892496 0.184023
v -1.447642 -0.959346 0.307788
v -1.447642 -0.904956 0.307788
v -1.446562 -0.968841 0.238738
v -1.446562 -0.892161 0.238738
v -1.521987 1.806044 0.264458
v -1.521987 1.669259 0.264458
v -1.040342 1.669259 -0.044981
v -1.219117 1.669259 -0.069771
v -1.219117 1.806044 -0.069771
v -1.040342 1.806044 -0.044981
v -1.394517 1.669259 -0.062682
v -1.394517 1.806044 -0.062682
v -1.217667 1.794724 -0.074567
v -1.109937 1.794724 -0.059192
v -1.120972 1.788289 0.068729
v -1.221807 1.788289 0.056903
v -1.238577 1.777309 0.179368
v -1.298472 1.780219 0.133023
v -1.447642 1.766844 0.235134
v -1.446562 1.780579 0.178164
v -1.217667 1.680579 -0.074567
v -1.221807 1.687014 0.056903
v -1.120972 1.687014 0.068729
v -1.109937 1.680579 -0.059192
v -1.298472 1.693869 0.133023
v -1.238577 1.696779 0.179368
v -1.446562 1.698264 0.178164
v -1.447642 1.708459 0.235134
v -1.109937 1.680579 -0.059192
v -1.120972 1.687014 0.068729
v -1.120972 1.788289 0.068729
v -1.109937 1.794724 -0.059192
v -1.221807 1.687014 0.056903
v -1.217667 1.680579 -0.074567
v -1.217667 1.794724 -0.074567
v -1.221807 1.788289 0.056903
v -1.238577 1.696779 0.179368
v -1.238577 1.777309 0.179368
v -1.298472 1.693869 0.133023
v -1.298472 1.780219 0.133023
v -1.447642 1.708459 0.235134
v -1.447642 1.766844 0.235134
v -1.446562 1.698264 0.178164
v -1.446562 1.780579 0.178164
v -0.898427 1.576114 -0.278637
v -0.898427 2.225729 -0.251291
v -1.521987 2.225729 -0.251291
v -1.521987 1.576114 -0.278637
v -1.521987 1.576114 -0.117366
v -1.521987 2.225729 -0.159991
v -0.898427 2.225729 -0.159991
v -0.898427 1.576114 -0.117366
v -0.898427 2.887744 -0.278531
v -1.521987 2.887744 -0.278531
v -1.521987 2.887744 -0.117471
v -0.898427 2.887744 -0.117471
v -1.521987 2.730489 0.264459
v -1.521987 2.593744 0.264459
v -1.040342 2.593744 -0.044981
v -1.219117 2.593744 -0.069771
v -1.219117 2.730489 -0.069771
v -1.040342 2.730489 -0.044981
v -1.043827 2.593744 -0.149906
v -1.040342 2.593744 -0.044981
v -1.040342 2.730489 -0.044981
v -1.043827 2.730489 -0.149906
v -1.394517 2.593744 -0.062681
v -1.394517 2.730489 -0.062681
v -1.217667 2.719169 -0.074566
v -1.109937 2.719169 -0.059191
v -1.120972 2.712739 0.068729
v -1.221807 2.712739 0.056904
v -1.238577 2.701759 0.179369
v -1.298472 2.704669 0.133024
v -1.447642 2.691299 0.235134
v -1.446562 2.705029 0.178164
v -1.217667 2.605064 -0.074566
v -1.221807 2.611494 0.056904
v -1.120972 2.611494 0.068729
v -1.109937 2.605064 -0.059191
v -1.298472 2.618344 0.133024
v -1.238577 2.621254 0.179369
v -1.446562 2.622739 0.178164
v -1.447642 2.632929 0.235134
v -1.109937 2.605064 -0.059191
v -1.120972 2.611494 0.068729
v -1.120972 2.712739 0.068729
v -1.109937 2.719169 -0.059191
v -1.221807 2.611494 0.056904
v -1.217667 2.605064 -0.074566
v -1.217667 2.719169 -0.074566
v -1.221807 2.712739 0.056904
v -1.238577 2.621254 0.179369
v -1.238577 2.701759 0.179369
v -1.298472 2.618344 0.133024
v -1.298472 2.704669 0.133024
v -1.447642 2.632929 0.235134
v -1.447642 2.691299 0.235134
v -1.446562 2.622739 0.178164
v -1.446562 2.705029 0.178164
v -0.731927 1.323644 1.147058
v -0.777112 1.276343 1.147058
v -0.746072 1.262679 0.875313
v -0.714812 1.295404 0.875314
v -0.784132 1.209134 1.147058
v -0.750927 1.216174 0.875313
v -0.750302 1.147674 1.147063
v -0.727527 1.173654 0.875313
v -0.688552 1.115448 1.147063
v -0.684802 1.151359 0.875313
v -0.622457 1.124763 1.147063
v -0.639077 1.157804 0.875313
v -0.622457 1.124763 1.147063
v -0.577272 1.172063 1.147058
v -0.607812 1.190529 0.875313
v -0.639077 1.157804 0.875313
v -0.570257 1.239274 1.147058
v -0.602957 1.237029 0.875313
v -0.604082 1.300734 1.147058
v -0.626362 1.279549 0.875313
v -0.665837 1.332959 1.147058
v -0.669087 1.301849 0.875314
v -0.603022 1.295889 0.766814
v -0.573347 1.239564 0.791788
v -0.583242 1.178289 0.813713
v -0.628927 1.135469 0.824203
v -0.628927 1.135469 0.824203
v -0.692952 1.127459 0.819263
v -0.750862 1.157319 0.800773
v -0.780537 1.213644 0.775798
v -0.770647 1.274919 0.753873
v -0.724962 1.317739 0.743384
v -0.660937 1.325749 0.748324
v -0.610812 -0.445341 1.128158
v -0.545277 -0.440961 1.128158
v -0.558992 -0.409791 0.855288
v -0.604332 -0.412821 0.855288
v -0.494497 -0.395946 1.128158
v -0.523857 -0.378646 0.855288
v -0.477867 -0.327496 1.128158
v -0.512357 -0.331286 0.855288
v -0.501742 -0.261751 1.128158
v -0.528872 -0.285801 0.855288
v -0.557002 -0.223831 1.128158
v -0.567107 -0.259566 0.855288
v -0.557002 -0.223831 1.128158
v -0.622537 -0.228211 1.128158
v -0.612447 -0.262596 0.855288
v -0.567107 -0.259566 0.855288
v -0.673317 -0.273226 1.128158
v -0.647582 -0.293741 0.855288
v -0.689947 -0.341676 1.128158
v -0.659087 -0.341101 0.855288
v -0.666072 -0.407421 1.128158
v -0.642567 -0.386586 0.855288
v -0.687447 -0.337371 0.746338
v -0.671227 -0.275536 0.771418
v -0.622342 -0.236866 0.793428
v -0.559472 -0.236141 0.803963
v -0.559472 -0.236141 0.803963
v -0.506627 -0.273631 0.799003
v -0.483992 -0.335016 0.780438
v -0.500217 -0.396851 0.755358
v -0.549097 -0.435521 0.733343
v -0.611967 -0.436246 0.722808
v -0.664812 -0.398756 0.727773
v -0.300717 1.489528 1.919849
v -1.497307 1.489528 1.919849
v -1.497307 1.593314 1.014413
v -0.300717 1.593314 1.014413
v -0.300717 -0.689872 1.919848
v 0.825548 0.558233 1.836578
v 0.789838 0.263828 1.806618
v 0.643003 0.266194 1.498268
v 0.689793 0.651944 1.537508
v 0.934888 0.004768 1.780268
v 0.833058 -0.073251 1.463733
v 1.205293 -0.120002 1.767578
v 1.187363 -0.236732 1.447103
v 1.497768 -0.062812 1.773393
v 1.570593 -0.161796 1.454723
v 1.700603 0.154483 1.795503
v 1.836358 0.122919 1.483693
v 1.736313 0.448888 1.825453
v 1.883148 0.508673 1.522933
v 1.591263 0.707948 1.851803
v 1.693093 0.848118 1.557473
v 1.320858 0.832713 1.864498
v 1.338788 1.011593 1.574098
v 1.028383 0.775528 1.858678
v 0.955558 0.936663 1.566473
v 0.825548 0.558233 1.836578
v 0.689793 0.651944 1.537508
v 0.709328 0.705854 0.918093
v 0.664128 0.333244 0.880188
v 0.794363 0.358909 0.880818
v 0.829733 0.650499 0.910478
v 0.847708 0.005369 0.846833
v 0.938028 0.102324 0.854713
v 1.189943 -0.152536 0.830768
v 1.205848 -0.021246 0.842143
v 1.560113 -0.080161 0.838133
v 1.495528 0.035394 0.847903
v 1.816823 0.194859 0.866108
v 1.696418 0.250614 0.869798
v 1.862023 0.567469 0.904013
v 1.731788 0.542204 0.899458
v 1.678443 0.895344 0.937373
v 1.588128 0.798789 0.925563
v 1.336208 1.053249 0.953433
v 1.320308 0.922359 0.938138
v 0.966038 0.980874 0.946073
v 1.030623 0.865719 0.932373
v 0.709328 0.705854 0.918093
v 0.829733 0.650499 0.910478
v 0.829733 0.650499 0.910478
v 0.794363 0.358909 0.880818
v 0.794363 0.341389 1.061068
v 0.829733 0.634224 1.073473
v 0.938028 0.102324 0.854713
v 0.938028 0.083714 1.050153
v 1.205848 -0.021246 0.842143
v 1.205848 -0.040386 1.044888
v 1.495528 0.035394 0.847903
v 1.495528 0.016494 1.047303
v 1.495528 0.035394 0.847903
v 1.696418 0.250614 0.869798
v 1.644133 0.257314 1.046793
v 1.495528 0.016494 1.047303
v 1.731788 0.542204 0.899458
v 1.675233 0.514814 1.057703
v 1.588128 0.798789 0.925563
v 1.548908 0.741399 1.067298
v 1.320308 0.922359 0.938138
v 1.313398 0.850524 1.071923
v 1.030623 0.865719 0.932373
v 1.058673 0.800509 1.069803
v 0.829733 0.650499 0.910478
v 0.829733 0.634224 1.073473
v 1.716788 0.905364 1.246883
v 1.342958 1.077849 1.264428
v 1.336208 1.053249 0.953433
v 1.678443 0.895344 0.937373
v 1.917318 0.547214 1.210443
v 1.862023 0.567469 0.904013
v 1.867948 0.140204 1.169043
v 1.816823 0.194859 0.866108
v 1.587538 -0.160201 1.138478
v 1.560113 -0.080161 0.838133
v 1.183193 -0.239261 1.130438
v 1.189943 -0.152536 0.830768
v 0.809363 -0.066776 1.147983
v 0.847708 0.005369 0.846833
v 0.608833 0.291369 1.184418
v 0.664128 0.333244 0.880188
v 0.658203 0.698384 1.225828
v 0.709328 0.705854 0.918093
v 0.938613 0.998788 1.256389
v 0.658203 0.698384 1.225828
v 0.709328 0.705854 0.918093
v 0.966038 0.980874 0.946073
v -0.119042 1.384578 1.937514
v 0.136633 0.906779 1.937513
v 0.136633 0.906779 1.610558
v -0.119042 1.384579 1.610564
v 0.358758 1.640254 1.610559
v 0.614433 1.162454 1.610559
v 0.614433 1.162454 1.937514
v 0.358758 1.640253 1.937514
v 0.136633 0.906779 1.937513
v 0.388908 0.997933 1.937513
v 0.388908 0.997933 1.610558
v 0.136633 0.906779 1.610558
v 0.096758 1.543893 1.937514
v -0.119042 1.384578 1.937514
v -0.119042 1.384579 1.610564
v 0.096758 1.543894 1.610559
v 0.147648 0.943163 1.571858
v -0.082662 1.373559 1.571864
v 0.374898 1.025274 1.571858
v 0.147648 0.943163 1.571858
v 0.347738 1.603874 1.571858
v 0.578048 1.173474 1.571858
v -0.082662 1.373559 1.571864
v 0.111733 1.517074 1.571858
v 0.358758 1.640254 1.610559
v 0.347738 1.603874 1.571858
v 0.358758 1.640253 1.937514
v 0.614433 1.162454 1.937514
v 0.614433 1.162454 1.610559
v 0.578048 1.173474 1.571858
v 0.442733 1.512809 1.678159
v 0.447828 1.159034 1.678159
v 1.168013 1.169404 1.647884
v 1.162918 1.523184 1.647884
v 0.447828 1.159034 1.678159
v 0.442733 1.512808 1.950928
v 1.745053 1.177719 1.678159
v 1.739958 1.531494 1.678159
v 2.152093 1.183579 1.678159
v 2.146998 1.537354 1.678159
v 0.023673 -0.538872 1.704968
v 0.377473 -0.541837 1.704968
v 0.383508 0.178403 1.704968
v 0.029708 0.181368 1.704968
v 0.377473 -0.541837 2.176098
v 0.377473 -0.541837 1.704968
v 0.029708 0.181368 2.176103
v 0.023673 -0.538872 2.176098
v 0.023673 -0.538872 1.704968
v 0.388348 0.755483 1.629698
v 0.034548 0.758449 1.629698
v 0.391758 1.162549 1.704963
v 0.037958 1.165514 1.704963
v 0.458343 -0.938142 1.937518
v 0.567783 -0.407402 1.937518
v 0.567783 -0.407402 1.610563
v 0.458343 -0.938142 1.610563
v -0.072397 -0.828701 1.610563
v 0.037043 -0.297967 1.610564
v 0.037043 -0.297967 1.937518
v -0.072397 -0.828701 1.937518
v 0.567783 -0.407402 1.937518
v 0.315618 -0.315942 1.937518
v 0.315618 -0.315942 1.610564
v 0.567783 -0.407402 1.610563
v 0.190568 -0.922391 1.937518
v 0.458343 -0.938142 1.937518
v 0.458343 -0.938142 1.610563
v 0.190568 -0.922391 1.610563
v 0.536028 -0.428302 1.571863
v 0.437448 -0.906386 1.571863
v 0.308883 -0.345912 1.571863
v 0.536028 -0.428302 1.571863
v -0.040642 -0.807807 1.571863
v 0.057943 -0.329717 1.571863
v 0.437448 -0.906386 1.571863
v 0.196238 -0.892202 1.571863
v -0.072397 -0.828701 1.610563
v -0.040642 -0.807807 1.571863
v -0.072397 -0.828701 1.937518
v 0.037043 -0.297967 1.937518
v 0.037043 -0.297967 1.610564
v 0.057943 -0.329717 1.571863
v 2.050573 -0.878562 1.678163
v 2.050573 -0.524747 1.678163
v 1.330308 -0.524746 1.638563
v 1.330308 -0.878561 1.638563
v 2.050573 -0.878562 1.950933
v 0.753208 -0.524747 1.678163
v 0.753208 -0.878562 1.678163
v 0.346128 -0.524747 1.950933
v 0.346128 -0.524747 1.678163
v 0.346128 -0.524747 1.678163
v 0.346128 -0.878562 1.678163
v 0.346128 -0.878562 1.950933
v 0.346128 -0.878562 1.678163
v 2.618148 -0.511322 1.937513
v 2.168083 -0.209492 1.937518
v 2.168083 -0.209492 1.610568
v 2.618148 -0.511321 1.610568
v 2.316318 -0.961386 1.610568
v 1.866253 -0.659557 1.610568
v 1.866253 -0.659557 1.937513
v 2.316318 -0.961387 1.937518
v 2.168083 -0.209492 1.937518
v 1.988138 -0.408417 1.937518
v 1.988138 -0.408417 1.610568
v 2.168083 -0.209492 1.610568
v 2.502408 -0.753302 1.937513
v 2.618148 -0.511322 1.937513
v 2.618148 -0.511321 1.610568
v 2.502408 -0.753302 1.610568
v 2.175433 -0.246787 1.571863
v 2.580853 -0.518676 1.571863
v 2.013343 -0.425977 1.571863
v 2.175433 -0.246787 1.571863
v 2.308968 -0.924092 1.571863
v 1.903548 -0.652207 1.571863
v 2.580853 -0.518676 1.571863
v 2.476593 -0.736651 1.571863
v 2.316318 -0.961386 1.610568
v 2.308968 -0.924092 1.571863
v 2.316318 -0.961387 1.937518
v 1.866253 -0.659557 1.937513
v 1.866253 -0.659557 1.610568
v 1.903548 -0.652207 1.571863
v 2.548363 1.168469 1.678159
v 2.194603 1.174634 1.678159
v 2.182048 0.454483 1.626423
v 2.535808 0.448313 1.626423
v 2.171988 -0.122532 1.678164
v 2.525748 -0.128697 1.678164
v 2.164893 -0.529552 1.678163
v 2.518653 -0.535717 1.678163
v 2.283723 1.688958 1.937514
v 1.904218 1.302129 1.937514
v 1.904218 1.302129 1.610564
v 2.283723 1.688959 1.610569
v 2.670553 1.309448 1.610564
v 2.291043 0.922624 1.610564
v 2.291043 0.922623 1.937513
v 2.670553 1.309448 1.937514
v 1.904218 1.302129 1.937514
v 2.066623 1.088649 1.937513
v 2.066623 1.088649 1.610564
v 1.904218 1.302129 1.610564
v 2.500268 1.530658 1.937514
v 2.283723 1.688958 1.937514
v 2.283723 1.688959 1.610569
v 2.500268 1.530658 1.610569
v 1.942228 1.302494 1.571858
v 2.284088 1.650944 1.571858
v 2.088523 1.110189 1.571858
v 1.942228 1.302494 1.571858
v 2.632538 1.309088 1.571858
v 2.290683 0.960633 1.571858
v 2.284088 1.650944 1.571858
v 2.479148 1.508349 1.571858
v 2.670553 1.309448 1.610564
v 2.632538 1.309088 1.571858
v 2.670553 1.309448 1.937514
v 2.291043 0.922623 1.937513
v 2.291043 0.922624 1.610564
v 2.290683 0.960633 1.571858
v 2.190318 -0.570247 1.947268
v 2.190318 0.335628 1.854978
v 1.284443 0.335628 1.707353
v 1.284443 -0.570247 1.799653
v 2.190318 1.241503 1.947268
v 1.284443 1.241504 1.799649
v 0.378573 0.335628 1.854978
v 0.378573 -0.570247 1.947268
v 0.378573 1.241503 1.947268
v -0.305637 -1.291162 1.964793
v -0.578087 -1.414252 1.964793
v -0.525832 -1.467811 1.729143
v -0.288082 -1.364376 1.729508
v -0.743282 -1.642782 1.964793
v -0.671857 -1.663976 1.730228
v -0.743282 -1.642782 1.964793
v -0.807577 -1.940047 1.964793
v -0.731222 -1.920967 1.732423
v -0.671857 -1.663976 1.730228
v -0.690402 -2.205981 1.964793
v -0.632842 -2.152977 1.735293
v -0.448012 -2.368112 1.964793
v -0.424627 -2.296502 1.737928
v -0.170557 -2.352931 1.964793
v -0.183847 -2.286701 1.739238
v 0.131678 -2.283627 1.964793
v 0.079078 -2.230267 1.740218
v 0.303388 -2.049181 1.964793
v 0.230823 -2.029052 1.739113
v 0.292483 -1.760722 1.964793
v 0.224873 -1.778786 1.736603
v 0.133733 -1.503982 1.964793
v 0.090333 -1.554241 1.733598
v -0.035092 -1.315521 1.964793
v -0.053777 -1.388777 1.731118
v 0.161033 -1.721862 1.536048
v 0.203563 -1.942137 1.542958
v 0.203563 -1.942137 1.542958
v 0.099688 -2.142731 1.538423
v 0.099688 -2.142731 1.538423
v -0.123812 -2.232062 1.522938
v -0.334727 -2.276862 1.507668
v -0.334727 -2.276862 1.507668
v -0.539767 -2.181272 1.490498
v -0.661107 -1.990996 1.478103
v -0.661107 -1.990996 1.478103
v -0.647027 -1.754977 1.475228
v -0.647027 -1.754977 1.475228
v -0.547447 -1.559706 1.479528
v -0.353152 -1.432611 1.492158
v -0.142847 -1.419012 1.507903
v -0.142847 -1.419012 1.507903
v 0.008913 -1.543612 1.521513
v 0.203563 -1.942137 1.542958
v -0.834252 -1.797582 1.874463
v -1.059057 -1.645321 1.847383
v -0.834252 -1.797582 1.874463
v -0.849367 -1.782066 1.652293
v -0.945757 -1.700051 1.653283
v -0.507677 -1.271991 1.704988
v -0.492562 -1.287506 1.927158
v -0.717367 -1.135242 1.900078
v -0.604067 -1.189971 1.705968
v 0.504408 -1.779611 1.702853
v 0.152358 -1.273872 1.703028
v 0.238028 -1.213181 1.909148
v 0.014618 -1.369841 1.909633
v 0.041338 -1.333447 1.691023
v 0.152358 -1.273872 1.703028
v 0.393388 -1.839186 1.690843
v 0.366663 -1.875576 1.909453
v 0.590078 -1.718917 1.908973
v 0.504408 -1.779611 1.702853
v -0.641197 -1.224031 0.530348
v -0.661427 -1.154931 0.590318
v -0.624642 -1.199936 0.630223
v -0.609277 -1.252906 0.582218
v -0.661427 -1.154931 0.590318
v -0.599247 -1.094736 0.613453
v -0.575902 -1.153441 0.648883
v -0.624642 -1.199936 0.630223
v -0.599247 -1.094736 0.613453
v -0.516837 -1.103646 0.576623
v -0.511802 -1.159911 0.619538
v -0.575902 -1.153441 0.648883
v -0.516837 -1.103646 0.576623
v -0.496607 -1.172751 0.516653
v -0.496437 -1.212881 0.571528
v -0.511802 -1.159911 0.619538
v -0.496607 -1.172751 0.516653
v -0.558782 -1.232941 0.493513
v -0.545177 -1.259376 0.552873
v -0.496437 -1.212881 0.571528
v -0.558782 -1.232941 0.493513
v -0.641197 -1.224031 0.530348
v -0.609277 -1.252906 0.582218
v -0.545177 -1.259376 0.552873
v -0.516837 -1.103646 0.576623
v -0.301492 -1.621001 1.058383
v -0.373247 -1.639436 1.073368
v -0.326612 -1.639416 1.044783
v -0.301492 -1.621001 1.058383
v -0.377522 -1.621036 1.104978
v -0.253517 -1.832596 1.212843
v -0.293057 -1.832617 1.237073
v -0.297327 -1.814216 1.268683
v -0.228402 -1.814186 1.226443
v -0.412582 -1.669906 1.052928
v -0.373247 -1.639436 1.073368
v -0.377522 -1.621036 1.104978
v -0.441642 -1.670711 1.071658
v -0.293057 -1.832617 1.237073
v -0.326402 -1.858446 1.219748
v -0.355457 -1.859251 1.238478
v -0.297327 -1.814216 1.268683
v -0.405277 -1.700361 1.003903
v -0.429737 -1.720351 0.991743
v -0.320207 -1.884261 1.178188
v -0.344662 -1.904257 1.166023
v -0.358642 -1.700336 0.975323
v -0.353707 -1.720316 0.945148
v -0.280672 -1.884241 1.153958
v -0.275737 -1.904226 1.123783
v -0.319307 -1.669866 0.995763
v -0.289587 -1.670641 0.978468
v -0.247327 -1.858411 1.171288
v -0.217607 -1.859186 1.153993
v -0.451332 -1.312086 0.783483
v -0.438717 -1.357366 0.735128
v -0.371667 -1.530586 0.896038
v -0.381172 -1.493996 0.944783
v -0.509467 -1.307831 0.812568
v -0.451332 -1.312086 0.783483
v -0.381172 -1.493996 0.944783
v -0.432577 -1.492241 0.973573
v -0.554992 -1.348856 0.793298
v -0.509467 -1.307831 0.812568
v -0.432577 -1.492241 0.973573
v -0.474477 -1.527086 0.953618
v -0.542382 -1.394131 0.744948
v -0.554992 -1.348856 0.793298
v -0.474477 -1.527086 0.953618
v -0.464972 -1.563681 0.904873
v -0.484247 -1.398386 0.715863
v -0.542382 -1.394131 0.744948
v -0.464972 -1.563681 0.904873
v -0.413567 -1.565431 0.876083
v -0.438717 -1.357366 0.735128
v -0.484247 -1.398386 0.715863
v -0.413567 -1.565431 0.876083
v -0.371667 -1.530586 0.896038
v -0.319307 -1.669866 0.995763
v -0.326612 -1.639416 1.044783
v -0.326612 -1.639416 1.044783
v -0.373247 -1.639436 1.073368
v -0.373247 -1.639436 1.073368
v -0.412582 -1.669906 1.052928
v -0.412582 -1.669906 1.052928
v -0.405277 -1.700361 1.003903
v -0.405277 -1.700361 1.003903
v -0.358642 -1.700336 0.975323
v -0.358642 -1.700336 0.975323
v -0.319307 -1.669866 0.995763
v -0.281952 -1.698176 1.320768
v -0.280267 -1.779356 1.174753
v -0.261292 -1.824616 1.215728
v -0.253832 -1.764121 1.387108
v -0.353902 -1.605236 1.550428
v -0.295952 -1.631236 1.457353
v -0.247397 -1.754146 1.526938
v -0.292112 -1.765021 1.622113
v -0.406107 -1.475631 1.462983
v -0.342452 -1.517256 1.372213
v -0.319642 -1.608316 1.239178
v -0.304437 -1.721776 1.122198
v -0.472672 -1.334546 1.231298
v -0.398082 -1.395316 1.198628
v -0.358387 -1.515946 1.155323
v -0.336672 -1.644921 1.052463
v -0.379722 -1.732856 1.330023
v -0.351602 -1.798797 1.396368
v -0.329577 -1.848836 1.222193
v -0.348552 -1.803576 1.181223
v -0.353902 -1.605236 1.550428
v -0.292112 -1.765021 1.622113
v -0.345167 -1.788821 1.536198
v -0.393722 -1.665916 1.466613
v -0.406107 -1.475631 1.462983
v -0.440222 -1.551936 1.381473
v -0.417412 -1.642992 1.248443
v -0.372727 -1.745996 1.128663
v -0.472672 -1.334546 1.231298
v -0.495852 -1.429996 1.207888
v -0.456157 -1.550621 1.164583
v -0.404957 -1.669141 1.058933
v -0.329577 -1.848836 1.222193
v -0.351602 -1.798797 1.396368
v -0.253832 -1.764121 1.387108
v -0.261292 -1.824616 1.215728
v -0.456157 -1.550621 1.164583
v -0.404957 -1.669141 1.058933
v -0.336672 -1.644921 1.052463
v -0.358387 -1.515946 1.155323
v -1.784702 -0.035026 -0.508997
v -1.720432 -0.019356 -0.534087
v -1.732657 0.082149 -0.499767
v -1.801072 0.065469 -0.473052
v -1.653332 -0.018281 -0.512637
v -1.661222 0.083299 -0.476927
v -1.609027 -0.032211 -0.452827
v -1.614062 0.068469 -0.413257
v -1.604447 -0.055826 -0.377512
v -1.609187 0.043329 -0.333082
v -1.641337 -0.080106 -0.315452
v -1.648457 0.017479 -0.267022
v -1.705607 -0.095776 -0.290357
v -1.716872 0.000799 -0.240307
v -1.772707 -0.096851 -0.311817
v -1.788302 -0.000346 -0.263147
v -1.817007 -0.082926 -0.371622
v -1.835467 0.014479 -0.326812
v -1.821587 -0.059306 -0.446937
v -1.840342 0.039619 -0.406992
v -1.821587 -0.059306 -0.446937
v -1.840342 0.039619 -0.406992
v -1.737742 -0.122286 -0.562412
v -1.693552 -0.097911 -0.570852
v -1.723322 -0.015611 -0.513867
v -1.778022 -0.028951 -0.492512
v -1.645037 -0.094916 -0.553077
v -1.666212 -0.014701 -0.495607
v -1.610727 -0.114441 -0.515877
v -1.628507 -0.026551 -0.444707
v -1.603727 -0.149041 -0.473462
v -1.624612 -0.046651 -0.380607
v -1.626712 -0.185481 -0.442027
v -1.656007 -0.067316 -0.327787
v -1.670902 -0.209861 -0.433587
v -1.710702 -0.080656 -0.306432
v -1.719417 -0.212856 -0.451362
v -1.767812 -0.081571 -0.324692
v -1.753727 -0.193331 -0.488567
v -1.805522 -0.069716 -0.375592
v -1.760727 -0.158736 -0.530982
v -1.809417 -0.049616 -0.439697
v -1.760727 -0.158736 -0.530982
v -1.809417 -0.049616 -0.439697
v -1.675547 -0.208101 -0.675242
v -1.649907 -0.182556 -0.665492
v -1.615397 -0.177726 -0.650592
v -1.585197 -0.195456 -0.636227
v -1.570847 -0.228971 -0.627882
v -1.577822 -0.265476 -0.628762
v -1.603462 -0.291021 -0.638517
v -1.637972 -0.295846 -0.653417
v -1.668172 -0.278126 -0.667782
v -1.682527 -0.244606 -0.676122
v -1.682527 -0.244606 -0.676122
v -1.620162 -0.211156 -0.781217
v -1.606892 -0.195336 -0.768667
v -1.585827 -0.191566 -0.757902
v -1.565022 -0.201276 -0.753047
v -1.552417 -0.220761 -0.755952
v -1.552822 -0.242581 -0.765507
v -1.566097 -0.258401 -0.778067
v -1.587157 -0.262171 -0.788817
v -1.607962 -0.252461 -0.793672
v -1.620572 -0.232976 -0.790772
v -1.620572 -0.232976 -0.790772
v -1.552462 -0.177006 -0.867272
v -1.543527 -0.183996 -0.870432
v -1.537122 -0.223941 -0.727532
v -1.578547 -0.179741 -0.727717
v -1.543527 -0.183996 -0.870432
v -1.545117 -0.192876 -0.878972
v -1.550352 -0.277936 -0.755272
v -1.537122 -0.223941 -0.727532
v -1.555647 -0.194761 -0.884342
v -1.564587 -0.187771 -0.881187
v -1.646427 -0.243531 -0.783367
v -1.605002 -0.287731 -0.783187
v -1.564587 -0.187771 -0.881187
v -1.562992 -0.178891 -0.872652
v -1.633197 -0.189541 -0.755632
v -1.646427 -0.243531 -0.783367
v -1.550352 -0.277936 -0.755272
v -1.802712 0.811594 -0.482497
v -1.819082 0.711099 -0.446552
v -1.750667 0.694419 -0.473267
v -1.738442 0.795924 -0.507587
v -1.679237 0.693274 -0.450427
v -1.671342 0.794849 -0.486132
v -1.632077 0.708099 -0.386762
v -1.627042 0.808779 -0.426327
v -1.627197 0.733239 -0.306582
v -1.622457 0.832394 -0.351012
v -1.666467 0.759089 -0.240522
v -1.659347 0.856674 -0.288957
v -1.734882 0.775769 -0.213807
v -1.723617 0.872344 -0.263862
v -1.806317 0.776914 -0.236652
v -1.790717 0.873424 -0.285317
v -1.853477 0.762089 -0.300312
v -1.835022 0.859494 -0.345127
v -1.858352 0.736949 -0.380492
v -1.839602 0.835874 -0.420442
v -1.839602 0.835874 -0.420442
v -1.858352 0.736949 -0.380492
v -1.659347 0.856674 -0.288957
v -1.755752 0.898854 -0.535917
v -1.796032 0.805519 -0.466012
v -1.741337 0.792184 -0.487372
v -1.711567 0.874479 -0.544357
v -1.684227 0.791264 -0.469107
v -1.663047 0.871484 -0.526577
v -1.646522 0.803119 -0.418207
v -1.628742 0.891014 -0.489382
v -1.642622 0.823224 -0.354107
v -1.621742 0.925609 -0.446957
v -1.674017 0.843884 -0.301292
v -1.644727 0.962049 -0.415532
v -1.728717 0.857224 -0.279932
v -1.688917 0.986429 -0.407087
v -1.785827 0.858139 -0.298192
v -1.737432 0.989424 -0.424862
v -1.823532 0.846284 -0.349092
v -1.771742 0.969899 -0.462062
v -1.827432 0.826184 -0.413197
v -1.778737 0.935304 -0.504482
v -1.778737 0.935304 -0.504482
v -1.827432 0.826184 -0.413197
v -1.667917 0.959129 -0.638987
v -1.693557 0.984669 -0.648747
v -1.633407 0.954294 -0.624087
v -1.603207 0.972024 -0.609722
v -1.588857 1.005539 -0.601387
v -1.595832 1.042044 -0.602262
v -1.621472 1.067589 -0.612012
v -1.655987 1.072414 -0.626917
v -1.686182 1.054694 -0.641282
v -1.700537 1.021174 -0.649622
v -1.700537 1.021174 -0.649622
v -1.624902 0.971909 -0.742162
v -1.638172 0.987724 -0.754717
v -1.603837 0.968134 -0.731407
v -1.583032 0.977844 -0.726552
v -1.570427 0.997329 -0.729456
v -1.570837 1.019149 -0.739002
v -1.584107 1.034969 -0.751561
v -1.605167 1.038739 -0.762317
v -1.625977 1.029029 -0.767177
v -1.638582 1.009549 -0.764267
v -1.638582 1.009549 -0.764267
v -1.570472 0.953574 -0.840777
v -1.596562 0.956309 -0.701217
v -1.555132 1.000509 -0.701037
v -1.561537 0.960564 -0.843932
v -1.561537 0.960564 -0.843932
v -1.555132 1.000509 -0.701037
v -1.568362 1.054504 -0.728767
v -1.563132 0.969444 -0.852467
v -1.573662 0.971329 -0.857847
v -1.623012 1.064299 -0.756687
v -1.664437 1.020099 -0.756862
v -1.582597 0.964339 -0.854692
v -1.582597 0.964339 -0.854692
v -1.664437 1.020099 -0.756862
v -1.651212 0.966109 -0.729137
v -1.581002 0.955459 -0.846157
v -0.512617 -2.361111 -0.831852
v -0.513942 -2.365301 -0.831852
vt 0.198708 0.637534
vt 0.234555 0.810452
vt 0.237885 0.660782
vt 0.156512 0.657538
vt 0.157310 0.809737
vt 0.032586 0.305514
vt 0.138994 0.214943
vt 0.032703 0.214805
vt 0.344498 0.305514
vt 0.344615 0.215210
vt 0.226915 0.215057
vt 0.344863 0.024180
vt 0.227035 0.122413
vt 0.344735 0.122566
vt 0.555366 0.620808
vt 0.525425 0.621990
vt 0.545979 0.640150
vt 0.555366 0.620808
vt 0.545979 0.640150
vt 0.525425 0.621990
vt 0.703497 0.632040
vt 0.703766 0.644967
vt 0.709725 0.620711
vt 0.751722 0.631037
vt 0.745762 0.655292
vt 0.751990 0.643963
vt 0.408401 0.317210
vt 0.426405 0.315345
vt 0.390399 0.315345
vt 0.408401 0.317210
vt 0.426405 0.315345
vt 0.390399 0.315345
vt 0.408393 0.317216
vt 0.426397 0.315351
vt 0.390392 0.315351
vt 0.627038 0.072824
vt 0.629668 0.078340
vt 0.650736 0.078532
vt 0.675500 0.071756
vt 0.672445 0.078298
vt 0.600993 0.074672
vt 0.579813 0.068877
vt 0.582426 0.074473
vt 0.621262 0.069791
vt 0.619012 0.074508
vt 0.627038 0.072824
vt 0.629668 0.078340
vt 0.650736 0.078532
vt 0.675500 0.071756
vt 0.672445 0.078298
vt 0.600993 0.074672
vt 0.579813 0.068877
vt 0.582426 0.074473
vt 0.621262 0.069791
vt 0.619012 0.074508
vt 0.627038 0.072824
vt 0.650736 0.078532
vt 0.629668 0.078340
vt 0.675500 0.071756
vt 0.672445 0.078298
vt 0.600993 0.074672
vt 0.582426 0.074473
vt 0.579813 0.068877
vt 0.621262 0.069791
vt 0.619012 0.074508
vt 0.220644 0.128904
vt 0.207065 0.139746
vt 0.220956 0.139618
vt 0.220638 0.128912
vt 0.220949 0.139623
vt 0.207062 0.139750
vt 0.220644 0.128904
vt 0.207065 0.139746
vt 0.220956 0.139618
vt 0.220638 0.128912
vt 0.220949 0.139623
vt 0.207062 0.139750
vt 0.220644 0.128904
vt 0.207065 0.139746
vt 0.220956 0.139618
vt 0.220644 0.128904
vt 0.220956 0.139618
vt 0.207065 0.139746
vt 0.220644 0.128904
vt 0.207065 0.139746
vt 0.220956 0.139618
vt 0.220644 0.128904
vt 0.220956 0.139618
vt 0.207065 0.139746
vt 0.949122 0.597231
vt 0.955406 0.598935
vt 0.961638 0.596347
vt 0.961430 0.578168
vt 0.955147 0.576465
vt 0.948914 0.579054
vt 0.949123 0.597232
vt 0.955406 0.598935
vt 0.961638 0.596348
vt 0.961430 0.578168
vt 0.955147 0.576465
vt 0.948914 0.579054
vt 0.860312 0.451857
vt 0.874741 0.453387
vt 0.868700 0.443409
vt 0.537019 0.284964
vt 0.536350 0.273283
vt 0.546464 0.281809
vt 0.537019 0.284964
vt 0.536350 0.273283
vt 0.546464 0.281809
vt 0.537019 0.284964
vt 0.546464 0.281809
vt 0.536350 0.273283
vt 0.204156 0.857615
vt 0.271518 0.856214
vt 0.271518 0.901396
vt 0.204156 0.899995
vt 0.010645 0.858310
vt 0.204156 0.857615
vt 0.204156 0.899995
vt 0.010645 0.899297
vt 0.204156 0.857615
vt 0.010645 0.858310
vt 0.010645 0.899297
vt 0.204156 0.899995
vt 0.008767 0.853584
vt 0.152514 0.854868
vt 0.147622 0.650113
vt 0.012735 0.644234
vt 0.147622 0.650113
vt 0.152514 0.854868
vt 0.008767 0.853584
vt 0.012735 0.644234
vt 0.059247 0.588517
vt 0.087227 0.575408
vt 0.204111 0.622597
vt 0.204330 0.573554
vt 0.087227 0.575408
vt 0.009995 0.569599
vt 0.316824 0.570065
vt 0.316985 0.334568
vt 0.010155 0.334103
vt 0.566967 0.211539
vt 0.566967 0.239347
vt 0.629407 0.242384
vt 0.629108 0.214280
vt 0.705424 0.239521
vt 0.705742 0.213331
vt 0.773908 0.241927
vt 0.774203 0.215096
vt 0.822129 0.240247
vt 0.822129 0.214523
vt 0.514444 0.402537
vt 0.514444 0.415372
vt 0.526844 0.415372
vt 0.526844 0.402537
vt 0.551999 0.402537
vt 0.551999 0.415372
vt 0.564669 0.415372
vt 0.564669 0.402537
vt 0.481995 0.432843
vt 0.471706 0.449305
vt 0.481995 0.454792
vt 0.492285 0.449305
vt 0.492285 0.438331
vt 0.627840 0.440285
vt 0.649325 0.454437
vt 0.638135 0.450043
vt 0.627840 0.440285
vt 0.638135 0.450043
vt 0.649325 0.454437
vt 0.587934 0.407259
vt 0.582871 0.420766
vt 0.588185 0.439122
vt 0.595805 0.411663
vt 0.582871 0.420766
vt 0.576238 0.424739
vt 0.583448 0.435461
vt 0.588185 0.439122
vt 0.645320 0.565656
vt 0.663068 0.565657
vt 0.663068 0.557037
vt 0.628080 0.565656
vt 0.645320 0.565656
vt 0.645320 0.557037
vt 0.611505 0.565656
vt 0.628080 0.565656
vt 0.628080 0.557037
vt 0.611503 0.557037
vt 0.595075 0.565662
vt 0.611505 0.565656
vt 0.611503 0.557037
vt 0.595073 0.557045
vt 0.579433 0.565670
vt 0.595075 0.565662
vt 0.595073 0.557045
vt 0.579431 0.557052
vt 0.663068 0.565657
vt 0.682203 0.565656
vt 0.682203 0.557036
vt 0.663068 0.557037
vt 0.680069 0.478679
vt 0.687342 0.468265
vt 0.658207 0.468260
vt 0.665470 0.478685
vt 0.665506 0.457893
vt 0.680029 0.457886
vt 0.616080 0.372041
vt 0.619967 0.373248
vt 0.622910 0.364541
vt 0.619586 0.360479
vt 0.576422 0.367054
vt 0.572607 0.369039
vt 0.574931 0.380349
vt 0.579220 0.380289
vt 0.618617 0.383510
vt 0.573607 0.390062
vt 0.578360 0.393861
vt 0.614474 0.383641
vt 0.615443 0.396067
vt 0.620348 0.393075
vt 0.619586 0.360479
vt 0.619967 0.373248
vt 0.616080 0.372041
vt 0.573305 0.354868
vt 0.576423 0.367054
vt 0.572607 0.369039
vt 0.569637 0.359136
vt 0.618617 0.383510
vt 0.614475 0.383641
vt 0.579220 0.380289
vt 0.574931 0.380349
vt 0.620348 0.393075
vt 0.615443 0.396067
vt 0.578360 0.393861
vt 0.573607 0.390062
vt 0.573306 0.354868
vt 0.569637 0.359136
vt 0.595079 0.577424
vt 0.611505 0.565656
vt 0.595075 0.565662
vt 0.611507 0.577419
vt 0.628080 0.577419
vt 0.628080 0.565656
vt 0.611505 0.565656
vt 0.628080 0.577419
vt 0.645320 0.577419
vt 0.645320 0.565656
vt 0.628080 0.565656
vt 0.645320 0.577419
vt 0.663068 0.577419
vt 0.663068 0.565657
vt 0.645320 0.565656
vt 0.663068 0.577419
vt 0.682203 0.565656
vt 0.663068 0.565657
vt 0.579439 0.577431
vt 0.595079 0.577424
vt 0.595075 0.565662
vt 0.475770 0.455325
vt 0.466987 0.462784
vt 0.468340 0.475726
vt 0.478477 0.481208
vt 0.347338 0.540059
vt 0.364235 0.537567
vt 0.361352 0.520540
vt 0.342683 0.476976
vt 0.361217 0.475862
vt 0.362972 0.459025
vt 0.344748 0.457135
vt 0.364235 0.537567
vt 0.347338 0.540059
vt 0.344424 0.520271
vt 0.361352 0.520540
vt 0.361217 0.475862
vt 0.344748 0.457135
vt 0.362972 0.459025
vt 0.220222 0.595179
vt 0.232442 0.591968
vt 0.233884 0.586760
vt 0.219438 0.583879
vt 0.233884 0.586760
vt 0.235697 0.577649
vt 0.221250 0.574774
vt 0.222594 0.604159
vt 0.234799 0.600948
vt 0.232442 0.591968
vt 0.220222 0.595179
vt 0.210959 0.595820
vt 0.220222 0.595179
vt 0.219438 0.583879
vt 0.210177 0.584519
vt 0.308714 0.586081
vt 0.310371 0.601710
vt 0.315830 0.600895
vt 0.317127 0.586207
vt 0.317127 0.586207
vt 0.315830 0.600895
vt 0.325129 0.601731
vt 0.326425 0.587016
vt 0.299412 0.587062
vt 0.301074 0.602722
vt 0.310371 0.601710
vt 0.308714 0.586081
vt 0.310371 0.601710
vt 0.311744 0.611057
vt 0.317252 0.610242
vt 0.315830 0.600895
vt 0.308859 0.577039
vt 0.317127 0.586207
vt 0.317253 0.577163
vt 0.358855 0.609095
vt 0.358383 0.584027
vt 0.338193 0.584865
vt 0.338663 0.609932
vt 0.414243 0.614163
vt 0.418771 0.594355
vt 0.399013 0.589480
vt 0.394498 0.609284
vt 0.748398 0.675457
vt 0.748784 0.691477
vt 0.659783 0.688498
vt 0.660428 0.678715
vt 0.578565 0.691342
vt 0.579945 0.676595
vt 0.748398 0.675457
vt 0.660428 0.678715
vt 0.659783 0.688498
vt 0.579945 0.676595
vt 0.578565 0.691342
vt 0.735680 0.392351
vt 0.834453 0.392351
vt 0.835030 0.382989
vt 0.735271 0.377828
vt 0.735271 0.377828
vt 0.835030 0.382989
vt 0.836912 0.346779
vt 0.737131 0.341597
vt 0.735672 0.428636
vt 0.834459 0.428636
vt 0.834453 0.392351
vt 0.735680 0.392351
vt 0.358854 0.609097
vt 0.338661 0.609932
vt 0.338191 0.584864
vt 0.358382 0.584027
vt 0.414245 0.614164
vt 0.394499 0.609285
vt 0.399014 0.589479
vt 0.418774 0.594355
vt 0.139115 0.122299
vt 0.032824 0.122161
vt 0.367259 0.122595
vt 0.367259 0.024180
vt 0.344863 0.024180
vt 0.344735 0.122566
vt 0.367259 0.215239
vt 0.344615 0.215210
vt 0.367259 0.305514
vt 0.344498 0.305514
vt 0.010555 0.024180
vt 0.010428 0.122132
vt 0.032824 0.122161
vt 0.032951 0.024180
vt 0.010307 0.214776
vt 0.032703 0.214805
vt 0.032586 0.305514
vt 0.032951 0.024180
vt 0.032980 0.001349
vt 0.032951 0.024180
vt 0.344863 0.024180
vt 0.344892 0.001754
vt 0.032586 0.305514
vt 0.032557 0.327476
vt 0.344469 0.327881
vt 0.344498 0.305514
vt 0.362282 0.405026
vt 0.362002 0.420574
vt 0.366540 0.420627
vt 0.366819 0.405137
vt 0.362002 0.420574
vt 0.330516 0.419972
vt 0.344622 0.438430
vt 0.364777 0.424145
vt 0.373688 0.436665
vt 0.364777 0.424145
vt 0.344622 0.438430
vt 0.353504 0.450978
vt 0.330767 0.404645
vt 0.330516 0.419972
vt 0.362002 0.420574
vt 0.362282 0.405026
vt 0.362282 0.405026
vt 0.366819 0.405137
vt 0.366541 0.420627
vt 0.362002 0.420574
vt 0.362002 0.420574
vt 0.364778 0.424144
vt 0.344622 0.438430
vt 0.330516 0.419972
vt 0.373688 0.436665
vt 0.353504 0.450978
vt 0.344622 0.438430
vt 0.364778 0.424144
vt 0.330767 0.404645
vt 0.362282 0.405026
vt 0.362002 0.420574
vt 0.330516 0.419972
vt 0.579622 0.625485
vt 0.557362 0.640988
vt 0.564761 0.662583
vt 0.580476 0.661685
vt 0.535133 0.601239
vt 0.526845 0.603327
vt 0.515615 0.633980
vt 0.533779 0.656167
vt 0.579622 0.625485
vt 0.580476 0.661685
vt 0.564761 0.662583
vt 0.557362 0.640988
vt 0.526845 0.603327
vt 0.533779 0.656167
vt 0.515615 0.633980
vt 0.523988 0.718247
vt 0.550740 0.718669
vt 0.576483 0.581689
vt 0.554962 0.581699
vt 0.554955 0.597452
vt 0.576476 0.597484
vt 0.588662 0.581696
vt 0.576483 0.581689
vt 0.576476 0.597484
vt 0.588654 0.597490
vt 0.678338 0.581744
vt 0.669282 0.581740
vt 0.669273 0.597537
vt 0.678328 0.597542
vt 0.636647 0.581726
vt 0.608401 0.581707
vt 0.608393 0.597502
vt 0.636638 0.597515
vt 0.608401 0.581707
vt 0.588662 0.581696
vt 0.588654 0.597490
vt 0.608393 0.597502
vt 0.554962 0.581699
vt 0.487466 0.581644
vt 0.487458 0.597440
vt 0.554955 0.597452
vt 0.554962 0.581699
vt 0.576483 0.581689
vt 0.576476 0.597484
vt 0.554955 0.597452
vt 0.669282 0.581740
vt 0.678338 0.581744
vt 0.678328 0.597542
vt 0.669273 0.597537
vt 0.588662 0.581696
vt 0.608401 0.581707
vt 0.608393 0.597502
vt 0.588654 0.597490
vt 0.608401 0.581707
vt 0.636647 0.581726
vt 0.636638 0.597515
vt 0.608393 0.597502
vt 0.769639 0.651693
vt 0.776566 0.655127
vt 0.776876 0.635825
vt 0.767555 0.635563
vt 0.786196 0.636039
vt 0.769050 0.656354
vt 0.776390 0.660423
vt 0.776566 0.655127
vt 0.769639 0.651693
vt 0.776390 0.660423
vt 0.783467 0.656971
vt 0.783360 0.652036
vt 0.776566 0.655127
vt 0.783360 0.652036
vt 0.789129 0.652754
vt 0.791961 0.636729
vt 0.786196 0.636039
vt 0.763891 0.652210
vt 0.769639 0.651693
vt 0.767555 0.635563
vt 0.761781 0.636010
vt 0.721785 0.662257
vt 0.745028 0.619977
vt 0.733703 0.613746
vt 0.720782 0.614015
vt 0.710460 0.656026
vt 0.734706 0.661988
vt 0.600539 0.939346
vt 0.600318 0.907033
vt 0.611602 0.906953
vt 0.611815 0.939264
vt 0.600539 0.939346
vt 0.611815 0.939264
vt 0.611602 0.906953
vt 0.600318 0.907033
vt 0.918026 0.263616
vt 0.931187 0.286410
vt 0.957508 0.286196
vt 0.970667 0.263616
vt 0.957508 0.240822
vt 0.931187 0.240822
vt 0.239664 0.713314
vt 0.258710 0.746302
vt 0.296801 0.745992
vt 0.315846 0.713314
vt 0.296801 0.680327
vt 0.258710 0.680327
vt 0.621440 0.720752
vt 0.616770 0.720752
vt 0.616770 0.727266
vt 0.621440 0.727266
vt 0.982500 0.722041
vt 0.989364 0.722142
vt 0.988048 0.694953
vt 0.981184 0.694852
vt 0.995131 0.718586
vt 0.994168 0.698683
vt 0.975416 0.698408
vt 0.976380 0.718311
vt 0.972290 0.704667
vt 0.998258 0.712327
vt 0.997905 0.705042
vt 0.632629 0.660273
vt 0.632629 0.652215
vt 0.585126 0.652215
vt 0.632629 0.652215
vt 0.632629 0.644505
vt 0.585126 0.644505
vt 0.585126 0.652215
vt 0.632629 0.644505
vt 0.632629 0.636445
vt 0.585126 0.636445
vt 0.585126 0.644505
vt 0.632629 0.628080
vt 0.632629 0.620657
vt 0.585126 0.620657
vt 0.585126 0.628079
vt 0.632629 0.620657
vt 0.632629 0.612305
vt 0.585126 0.612305
vt 0.585126 0.620657
vt 0.664117 0.425566
vt 0.656733 0.437835
vt 0.664181 0.450016
vt 0.679015 0.449938
vt 0.686402 0.437669
vt 0.678953 0.425479
vt 0.862652 0.294818
vt 0.900958 0.295147
vt 0.901080 0.287611
vt 0.862738 0.287145
vt 0.862738 0.287145
vt 0.900850 0.261062
vt 0.862513 0.260394
vt 0.862513 0.260394
vt 0.900850 0.261062
vt 0.901105 0.248424
vt 0.862745 0.247734
vt 0.908542 0.288975
vt 0.913220 0.263350
vt 0.900850 0.261062
vt 0.901080 0.287611
vt 0.850116 0.262865
vt 0.855231 0.288633
vt 0.862738 0.287145
vt 0.862513 0.260394
vt 0.968933 0.438529
vt 0.968933 0.541315
vt 0.990302 0.541315
vt 0.990302 0.438529
vt 0.990302 0.377804
vt 0.990301 0.275017
vt 0.968932 0.275017
vt 0.968933 0.377804
vt 0.968933 0.377804
vt 0.968933 0.438529
vt 0.990302 0.438529
vt 0.990302 0.377804
vt 0.838109 0.242946
vt 0.882559 0.242946
vt 0.882627 0.220025
vt 0.838109 0.220025
vt 0.838109 0.220025
vt 0.882627 0.220025
vt 0.882559 0.214516
vt 0.838109 0.214516
vt 0.761114 0.125281
vt 0.793028 0.125281
vt 0.793028 0.108849
vt 0.761162 0.108849
vt 0.888136 0.242947
vt 0.888136 0.220025
vt 0.882627 0.220025
vt 0.882559 0.242946
vt 0.755083 0.109138
vt 0.731835 0.108988
vt 0.729677 0.121890
vt 0.757076 0.122066
vt 0.919081 0.230139
vt 0.919296 0.175990
vt 0.893660 0.179994
vt 0.893562 0.225961
vt 0.891819 0.169066
vt 0.893660 0.179994
vt 0.919296 0.175990
vt 0.917552 0.164869
vt 0.893562 0.225961
vt 0.891845 0.236798
vt 0.917357 0.240962
vt 0.919081 0.230139
vt 0.743574 0.104480
vt 0.850272 0.102825
vt 0.850272 0.088665
vt 0.743574 0.088665
vt 0.743574 0.088665
vt 0.850272 0.088665
vt 0.850272 0.020501
vt 0.743574 0.020501
vt 0.743574 0.020501
vt 0.850272 0.020501
vt 0.850272 0.003030
vt 0.865709 0.090825
vt 0.865709 0.015405
vt 0.850272 0.020501
vt 0.850272 0.088665
vt 0.728224 0.016685
vt 0.727304 0.092105
vt 0.743574 0.088665
vt 0.743574 0.020501
vt 0.983460 0.080071
vt 0.883113 0.080071
vt 0.883113 0.088298
vt 0.983460 0.088298
vt 0.883113 0.088298
vt 0.883113 0.147522
vt 0.983460 0.147522
vt 0.983460 0.147522
vt 0.883113 0.147522
vt 0.883113 0.154776
vt 0.983460 0.155066
vt 0.873752 0.076169
vt 0.992940 0.076169
vt 0.992940 0.005826
vt 0.873752 0.005826
vt 0.991462 0.147522
vt 0.991462 0.088298
vt 0.983460 0.088298
vt 0.983460 0.147522
vt 0.952457 0.996821
vt 0.970560 0.997140
vt 0.970981 0.973276
vt 0.955902 0.974128
vt 0.624658 0.959808
vt 0.613835 0.988165
vt 0.623014 0.991721
vt 0.633890 0.963368
vt 0.639268 0.971669
vt 0.632533 0.989195
vt 0.615092 0.962349
vt 0.608834 0.970042
vt 0.608284 0.979956
vt 0.223918 0.910653
vt 0.233000 0.910653
vt 0.233000 0.907305
vt 0.223918 0.907305
vt 0.242220 0.910653
vt 0.242220 0.907305
vt 0.251161 0.910653
vt 0.251160 0.907305
vt 0.260035 0.910653
vt 0.260035 0.907305
vt 0.268544 0.910653
vt 0.268544 0.907305
vt 0.277163 0.910653
vt 0.277163 0.907305
vt 0.207906 0.910653
vt 0.215683 0.910653
vt 0.215683 0.907305
vt 0.207906 0.907305
vt 0.853675 0.858557
vt 0.855302 0.845863
vt 0.843172 0.844352
vt 0.841518 0.857027
vt 0.649959 0.965912
vt 0.696430 0.965912
vt 0.696430 0.952047
vt 0.649959 0.952047
vt 0.696430 0.972673
vt 0.649959 0.972673
vt 0.649959 0.984788
vt 0.696430 0.984788
vt 0.649959 0.984788
vt 0.649959 0.991922
vt 0.696430 0.991922
vt 0.696430 0.984788
vt 0.696430 0.972673
vt 0.696430 0.965912
vt 0.649959 0.965912
vt 0.649959 0.972673
vt 0.958798 0.528001
vt 0.958798 0.513416
vt 0.892225 0.513416
vt 0.892225 0.528002
vt 0.892225 0.495377
vt 0.892225 0.507565
vt 0.958798 0.507565
vt 0.958798 0.495376
vt 0.958798 0.507565
vt 0.892225 0.507565
vt 0.892225 0.513416
vt 0.958798 0.513416
vt 0.892225 0.495377
vt 0.958798 0.495376
vt 0.958798 0.490659
vt 0.892225 0.490659
vt 0.650085 0.965852
vt 0.696430 0.965852
vt 0.696430 0.952047
vt 0.650085 0.952047
vt 0.696430 0.972605
vt 0.650085 0.972605
vt 0.650085 0.984705
vt 0.696430 0.984705
vt 0.650085 0.984705
vt 0.650085 0.991922
vt 0.696430 0.991922
vt 0.696430 0.984705
vt 0.696430 0.972605
vt 0.696430 0.965852
vt 0.650085 0.965852
vt 0.650085 0.972605
vt 0.958798 0.528001
vt 0.958798 0.513415
vt 0.892225 0.513415
vt 0.892225 0.528001
vt 0.892225 0.495377
vt 0.892225 0.507565
vt 0.958798 0.507565
vt 0.958798 0.495376
vt 0.958798 0.507565
vt 0.892225 0.507565
vt 0.892225 0.513415
vt 0.958798 0.513415
vt 0.892225 0.495377
vt 0.958798 0.495376
vt 0.958798 0.490658
vt 0.892225 0.490658
vt 0.592711 0.965417
vt 0.588222 0.951603
vt 0.550219 0.951608
vt 0.545739 0.965419
vt 0.550215 0.979216
vt 0.588215 0.979224
vt 0.576476 0.987751
vt 0.561961 0.987757
vt 0.576475 0.943077
vt 0.561967 0.943074
vt 0.797692 0.676526
vt 0.795813 0.667596
vt 0.772302 0.670825
vt 0.773357 0.675835
vt 0.795813 0.667596
vt 0.792431 0.659122
vt 0.770406 0.666076
vt 0.772302 0.670825
vt 0.791452 0.693604
vt 0.795301 0.685331
vt 0.772017 0.680774
vt 0.769856 0.685414
vt 0.795301 0.685331
vt 0.773357 0.675835
vt 0.772017 0.680774
vt 0.797702 0.676526
vt 0.795820 0.667591
vt 0.772294 0.670822
vt 0.773350 0.675834
vt 0.795820 0.667591
vt 0.792437 0.659110
vt 0.770398 0.666069
vt 0.791458 0.693615
vt 0.795308 0.685336
vt 0.772010 0.680776
vt 0.769848 0.685420
vt 0.795308 0.685336
vt 0.797702 0.676526
vt 0.773350 0.675834
vt 0.772010 0.680776
vt 0.797702 0.676526
vt 0.795820 0.667591
vt 0.772294 0.670822
vt 0.773350 0.675834
vt 0.795820 0.667591
vt 0.792437 0.659111
vt 0.770398 0.666069
vt 0.791457 0.693615
vt 0.795308 0.685336
vt 0.772010 0.680776
vt 0.769848 0.685420
vt 0.795308 0.685336
vt 0.797702 0.676526
vt 0.773350 0.675834
vt 0.772010 0.680776
vt 0.797692 0.676526
vt 0.795813 0.667596
vt 0.772302 0.670825
vt 0.773357 0.675835
vt 0.795813 0.667596
vt 0.792431 0.659122
vt 0.770406 0.666076
vt 0.772302 0.670825
vt 0.791452 0.693604
vt 0.772017 0.680774
vt 0.769856 0.685414
vt 0.795301 0.685331
vt 0.797692 0.676526
vt 0.773357 0.675835
vt 0.772017 0.680774
vt 0.797692 0.676526
vt 0.795813 0.667596
vt 0.772302 0.670825
vt 0.773357 0.675835
vt 0.795813 0.667596
vt 0.792431 0.659122
vt 0.770406 0.666076
vt 0.772302 0.670825
vt 0.791452 0.693604
vt 0.795301 0.685331
vt 0.772017 0.680774
vt 0.769856 0.685414
vt 0.795301 0.685331
vt 0.797692 0.676526
vt 0.773357 0.675835
vt 0.592711 0.965417
vt 0.588222 0.951603
vt 0.550219 0.951608
vt 0.545739 0.965419
vt 0.550215 0.979216
vt 0.588215 0.979224
vt 0.576476 0.987751
vt 0.561961 0.987757
vt 0.576475 0.943077
vt 0.561967 0.943074
vt 0.797692 0.676526
vt 0.795813 0.667596
vt 0.772302 0.670825
vt 0.773357 0.675835
vt 0.795813 0.667596
vt 0.792431 0.659122
vt 0.770406 0.666076
vt 0.772302 0.670825
vt 0.791452 0.693604
vt 0.772017 0.680774
vt 0.769856 0.685414
vt 0.795301 0.685331
vt 0.797692 0.676526
vt 0.773357 0.675835
vt 0.772017 0.680774
vt 0.797692 0.676526
vt 0.795813 0.667596
vt 0.772302 0.670825
vt 0.773357 0.675835
vt 0.795813 0.667596
vt 0.770406 0.666076
vt 0.772302 0.670825
vt 0.791452 0.693604
vt 0.795301 0.685331
vt 0.772017 0.680774
vt 0.769856 0.685414
vt 0.795301 0.685331
vt 0.797692 0.676526
vt 0.773357 0.675835
vt 0.772017 0.680774
vt 0.797692 0.676526
vt 0.795813 0.667596
vt 0.772302 0.670825
vt 0.773357 0.675835
vt 0.795813 0.667596
vt 0.792431 0.659122
vt 0.770406 0.666076
vt 0.772302 0.670825
vt 0.791452 0.693604
vt 0.795301 0.685331
vt 0.772017 0.680774
vt 0.769856 0.685414
vt 0.795301 0.685331
vt 0.797692 0.676526
vt 0.773357 0.675835
vt 0.772017 0.680774
vt 0.743085 0.844945
vt 0.745467 0.860837
vt 0.760808 0.858542
vt 0.758528 0.842570
vt 0.853675 0.858558
vt 0.855302 0.845863
vt 0.843172 0.844352
vt 0.841518 0.857027
vt 0.452325 0.997102
vt 0.468568 0.991563
vt 0.467918 0.946644
vt 0.451523 0.941579
vt 0.435280 0.947116
vt 0.435936 0.992037
vt 0.478205 0.960378
vt 0.478449 0.977536
vt 0.425400 0.961144
vt 0.425649 0.978301
vt 0.397306 0.942556
vt 0.382211 0.947218
vt 0.381609 0.988578
vt 0.396562 0.993678
vt 0.412259 0.947656
vt 0.411657 0.989014
vt 0.421357 0.960570
vt 0.421130 0.976369
vt 0.372738 0.959864
vt 0.372511 0.975662
vt 0.798102 0.885738
vt 0.814208 0.917624
vt 0.826405 0.906006
vt 0.789242 0.887569
vt 0.786081 0.886458
vt 0.767554 0.919929
vt 0.782798 0.925228
vt 0.173513 0.155390
vt 0.183231 0.155676
vt 0.188423 0.147431
vt 0.168910 0.146914
vt 0.183467 0.139131
vt 0.174377 0.138546
vt 0.194991 0.179274
vt 0.207891 0.172147
vt 0.207779 0.158104
vt 0.194765 0.151186
vt 0.181864 0.158313
vt 0.181977 0.172356
vt 0.452325 0.997102
vt 0.468568 0.991563
vt 0.467918 0.946644
vt 0.451523 0.941579
vt 0.435280 0.947116
vt 0.435936 0.992037
vt 0.478205 0.960378
vt 0.478449 0.977536
vt 0.425400 0.961144
vt 0.425649 0.978301
vt 0.397306 0.942556
vt 0.381609 0.988578
vt 0.396562 0.993678
vt 0.412259 0.947656
vt 0.411657 0.989014
vt 0.421357 0.960570
vt 0.382211 0.947218
vt 0.372738 0.959864
vt 0.372511 0.975662
vt 0.798102 0.885738
vt 0.795787 0.887974
vt 0.814208 0.917624
vt 0.826405 0.906006
vt 0.789242 0.887569
vt 0.786081 0.886458
vt 0.767554 0.919929
vt 0.782798 0.925228
vt 0.173513 0.155390
vt 0.183231 0.155676
vt 0.188423 0.147431
vt 0.168910 0.146914
vt 0.183467 0.139131
vt 0.194991 0.179274
vt 0.194765 0.151186
vt 0.181864 0.158313
vt 0.456386 0.334431
vt 0.433241 0.334431
vt 0.433241 0.347763
vt 0.351838 0.334431
vt 0.325524 0.334431
vt 0.325524 0.347763
vt 0.351838 0.347763
vt 0.371053 0.334431
vt 0.371053 0.347763
vt 0.390364 0.334431
vt 0.390364 0.347763
vt 0.412002 0.334431
vt 0.412002 0.347763
vt 0.377220 0.266889
vt 0.372396 0.289371
vt 0.444407 0.289371
vt 0.439584 0.266889
vt 0.439584 0.306837
vt 0.377220 0.306837
vt 0.371053 0.334431
vt 0.390363 0.347763
vt 0.390363 0.334431
vt 0.456386 0.334431
vt 0.456386 0.347763
vt 0.478889 0.347763
vt 0.478889 0.334431
vt 0.433241 0.334431
vt 0.433241 0.347763
vt 0.412002 0.334431
vt 0.412002 0.347763
vt 0.559262 0.348354
vt 0.505244 0.347769
vt 0.505244 0.397436
vt 0.559262 0.397062
vt 0.439584 0.266889
vt 0.377220 0.266889
vt 0.372396 0.289371
vt 0.444407 0.289371
vt 0.377220 0.306837
vt 0.439584 0.306837
vt 0.456379 0.334437
vt 0.433234 0.334437
vt 0.433234 0.347769
vt 0.351830 0.334437
vt 0.325517 0.334437
vt 0.325517 0.347769
vt 0.351830 0.347769
vt 0.371046 0.334437
vt 0.390356 0.334437
vt 0.371046 0.347769
vt 0.390356 0.347769
vt 0.411994 0.334437
vt 0.411994 0.347769
vt 0.377213 0.266895
vt 0.372389 0.289377
vt 0.444399 0.289377
vt 0.439576 0.266895
vt 0.439576 0.306843
vt 0.377213 0.306843
vt 0.628535 0.029757
vt 0.650762 0.029757
vt 0.600970 0.032956
vt 0.619981 0.032956
vt 0.674432 0.029758
vt 0.580727 0.032956
vt 0.628535 0.029757
vt 0.650762 0.029757
vt 0.600970 0.032956
vt 0.619981 0.032956
vt 0.674432 0.029758
vt 0.580727 0.032956
vt 0.628535 0.029757
vt 0.650762 0.029757
vt 0.600970 0.032956
vt 0.619981 0.032956
vt 0.674432 0.029758
vt 0.580727 0.032956
vt 0.174822 0.136832
vt 0.189025 0.136979
vt 0.191327 0.128441
vt 0.176133 0.126594
vt 0.212013 0.185213
vt 0.222181 0.184952
vt 0.174829 0.136837
vt 0.176141 0.126603
vt 0.191329 0.128449
vt 0.189029 0.136985
vt 0.222174 0.184944
vt 0.212009 0.185205
vt 0.223976 0.196470
vt 0.213034 0.197378
vt 0.213019 0.206849
vt 0.223957 0.207798
vt 0.186358 0.196200
vt 0.152191 0.196168
vt 0.152185 0.207900
vt 0.186344 0.207939
vt 0.152191 0.196168
vt 0.143715 0.195955
vt 0.143715 0.208114
vt 0.152185 0.207900
vt 0.029076 0.989527
vt 0.085869 0.982982
vt 0.085950 0.973428
vt 0.028546 0.972752
vt 0.029073 0.919083
vt 0.086440 0.919348
vt 0.086530 0.909799
vt 0.029941 0.902334
vt 0.160624 0.973789
vt 0.161108 0.920146
vt 0.144866 0.920019
vt 0.144381 0.973663
vt 0.012803 0.918944
vt 0.012275 0.972612
vt 0.028546 0.972752
vt 0.029073 0.919083
vt 0.144866 0.920019
vt 0.144329 0.903285
vt 0.143542 0.990387
vt 0.144381 0.973663
vt 0.174822 0.136832
vt 0.189025 0.136979
vt 0.191327 0.128441
vt 0.176133 0.126594
vt 0.212013 0.185213
vt 0.222181 0.184952
vt 0.174829 0.136837
vt 0.176141 0.126603
vt 0.191329 0.128449
vt 0.189029 0.136985
vt 0.222174 0.184944
vt 0.212009 0.185205
vt 0.223976 0.196470
vt 0.213034 0.197378
vt 0.213019 0.206849
vt 0.223956 0.207798
vt 0.186358 0.196200
vt 0.152191 0.196168
vt 0.152185 0.207900
vt 0.186344 0.207939
vt 0.152191 0.196168
vt 0.143715 0.195955
vt 0.143715 0.208114
vt 0.152185 0.207900
vt 0.174822 0.136832
vt 0.189025 0.136979
vt 0.191327 0.128441
vt 0.176133 0.126594
vt 0.212009 0.185205
vt 0.174822 0.136832
vt 0.176133 0.126594
vt 0.191327 0.128441
vt 0.189025 0.136979
vt 0.212009 0.185205
vt 0.223974 0.196470
vt 0.213034 0.197378
vt 0.213019 0.206849
vt 0.223956 0.207798
vt 0.186358 0.196200
vt 0.152191 0.196168
vt 0.152185 0.207900
vt 0.186344 0.207939
vt 0.152191 0.196168
vt 0.143715 0.195955
vt 0.143715 0.208114
vt 0.152185 0.207900
vt 0.029076 0.989527
vt 0.085869 0.982982
vt 0.085950 0.973428
vt 0.028546 0.972752
vt 0.029073 0.919083
vt 0.086440 0.919348
vt 0.086530 0.909799
vt 0.029941 0.902335
vt 0.160624 0.973789
vt 0.161108 0.920146
vt 0.144866 0.920019
vt 0.144381 0.973663
vt 0.012803 0.918944
vt 0.012275 0.972612
vt 0.028546 0.972752
vt 0.029073 0.919083
vt 0.144866 0.920019
vt 0.144329 0.903285
vt 0.143542 0.990387
vt 0.144381 0.973663
vt 0.174822 0.136832
vt 0.189025 0.136979
vt 0.191327 0.128441
vt 0.176133 0.126594
vt 0.212009 0.185205
vt 0.174822 0.136832
vt 0.176133 0.126594
vt 0.191327 0.128441
vt 0.189025 0.136979
vt 0.212009 0.185205
vt 0.186358 0.196200
vt 0.152191 0.196168
vt 0.152185 0.207900
vt 0.186344 0.207939
vt 0.152191 0.196168
vt 0.143715 0.195955
vt 0.143715 0.208114
vt 0.152185 0.207900
vt 0.945111 0.584944
vt 0.945189 0.591887
vt 0.965441 0.590457
vt 0.965362 0.583513
vt 0.945111 0.584944
vt 0.945189 0.591887
vt 0.965441 0.590458
vt 0.965362 0.583513
vt 0.432887 0.915098
vt 0.447248 0.915094
vt 0.448154 0.849959
vt 0.431404 0.851894
vt 0.448393 0.833024
vt 0.448154 0.849959
vt 0.533533 0.849959
vt 0.533772 0.833024
vt 0.535639 0.764845
vt 0.450253 0.764845
vt 0.450110 0.828183
vt 0.535500 0.828183
vt 0.432886 0.915347
vt 0.431404 0.851905
vt 0.448154 0.849959
vt 0.448393 0.833024
vt 0.533772 0.833024
vt 0.533533 0.849959
vt 0.448154 0.849959
vt 0.447248 0.915094
vt 0.448154 0.849959
vt 0.533533 0.849959
vt 0.532626 0.915094
vt 0.535638 0.764845
vt 0.535498 0.828183
vt 0.450110 0.828183
vt 0.450254 0.764845
vt 0.549546 0.839804
vt 0.686557 0.839804
vt 0.686557 0.766420
vt 0.549546 0.766420
vt 0.549546 0.839804
vt 0.551589 0.891219
vt 0.684735 0.891406
vt 0.686557 0.839804
vt 0.728195 0.378410
vt 0.728242 0.345495
vt 0.712121 0.343125
vt 0.712069 0.380736
vt 0.695325 0.345451
vt 0.695278 0.378366
vt 0.940809 0.297498
vt 0.899813 0.300379
vt 0.899998 0.325679
vt 0.900832 0.373884
vt 0.939885 0.344344
vt 0.900142 0.343649
vt 0.868001 0.372721
vt 0.868660 0.345654
vt 0.866602 0.297789
vt 0.843504 0.298977
vt 0.844879 0.325713
vt 0.868319 0.324892
vt 0.844917 0.372430
vt 0.845249 0.345712
vt 0.899813 0.300379
vt 0.866602 0.297789
vt 0.868319 0.324892
vt 0.899998 0.325679
vt 0.868001 0.372721
vt 0.900142 0.343649
vt 0.868660 0.345654
vt 0.843504 0.298977
vt 0.844879 0.325713
vt 0.844917 0.372430
vt 0.845249 0.345712
vt 0.728195 0.378410
vt 0.728242 0.345495
vt 0.712121 0.343125
vt 0.712069 0.380736
vt 0.695325 0.345451
vt 0.695278 0.378366
vt 0.940809 0.297498
vt 0.899813 0.300379
vt 0.899998 0.325679
vt 0.939386 0.324138
vt 0.900832 0.373884
vt 0.939885 0.344344
vt 0.900142 0.343649
vt 0.866602 0.297789
vt 0.868319 0.324892
vt 0.868001 0.372721
vt 0.868660 0.345654
vt 0.728195 0.378410
vt 0.728242 0.345495
vt 0.712121 0.343125
vt 0.712069 0.380736
vt 0.695325 0.345451
vt 0.695278 0.378366
vt 0.940809 0.297498
vt 0.899813 0.300379
vt 0.899998 0.325679
vt 0.939386 0.324138
vt 0.900832 0.373884
vt 0.941715 0.371086
vt 0.939885 0.344344
vt 0.900142 0.343649
vt 0.866602 0.297789
vt 0.868319 0.324892
vt 0.868001 0.372721
vt 0.868660 0.345654
vt 0.843504 0.298977
vt 0.844879 0.325713
vt 0.844917 0.372430
vt 0.845249 0.345712
vt 0.728195 0.378410
vt 0.728242 0.345495
vt 0.712121 0.343125
vt 0.712069 0.380736
vt 0.695325 0.345451
vt 0.695278 0.378366
vt 0.944090 0.643423
vt 0.949905 0.657973
vt 0.988907 0.652063
vt 0.997019 0.642184
vt 0.941174 0.629693
vt 0.996136 0.628493
vt 0.947399 0.616345
vt 0.987859 0.615844
vt 0.975149 0.609363
vt 0.959784 0.608446
vt 0.977305 0.661967
vt 0.913207 0.453729
vt 0.911983 0.462700
vt 0.956080 0.463603
vt 0.957304 0.454633
vt 0.911983 0.462700
vt 0.956794 0.479568
vt 0.956080 0.463603
vt 0.913946 0.417646
vt 0.913480 0.437172
vt 0.957577 0.438075
vt 0.958044 0.418549
vt 0.913480 0.437172
vt 0.913207 0.453729
vt 0.957304 0.454633
vt 0.957577 0.438075
vt 0.913207 0.453729
vt 0.911983 0.462700
vt 0.956080 0.463603
vt 0.911983 0.462700
vt 0.912697 0.478665
vt 0.956794 0.479568
vt 0.956080 0.463603
vt 0.913946 0.417646
vt 0.913480 0.437172
vt 0.957577 0.438075
vt 0.958044 0.418549
vt 0.913480 0.437172
vt 0.957304 0.454633
vt 0.957577 0.438075
vt 0.852377 0.444507
vt 0.844290 0.440132
vt 0.843951 0.458750
vt 0.836033 0.445066
vt 0.835864 0.454375
vt 0.993792 0.684717
vt 0.994203 0.671255
vt 0.983798 0.664368
vt 0.972933 0.670948
vt 0.972512 0.684500
vt 0.982962 0.691383
vt 0.726423 0.719640
vt 0.736393 0.719640
vt 0.736392 0.711134
vt 0.726423 0.711134
vt 0.717259 0.719640
vt 0.726423 0.719640
vt 0.726423 0.711134
vt 0.717259 0.711134
vt 0.706925 0.719640
vt 0.717259 0.719640
vt 0.717259 0.711134
vt 0.706925 0.711134
vt 0.696485 0.719640
vt 0.706925 0.719640
vt 0.706925 0.711134
vt 0.696485 0.711134
vt 0.685626 0.719640
vt 0.696485 0.719640
vt 0.696485 0.711134
vt 0.685627 0.711134
vt 0.736393 0.719640
vt 0.746240 0.719640
vt 0.746240 0.711134
vt 0.736392 0.711134
vt 0.962377 0.382209
vt 0.953389 0.409837
vt 0.962378 0.409832
vt 0.917808 0.382206
vt 0.908728 0.382209
vt 0.908733 0.409840
vt 0.917813 0.409832
vt 0.926084 0.382207
vt 0.917808 0.382206
vt 0.917813 0.409832
vt 0.926087 0.409835
vt 0.934492 0.382204
vt 0.926084 0.382207
vt 0.926087 0.409835
vt 0.934492 0.409835
vt 0.943949 0.382205
vt 0.934492 0.382204
vt 0.934492 0.409835
vt 0.943950 0.409833
vt 0.953388 0.382203
vt 0.943949 0.382205
vt 0.943950 0.409833
vt 0.953389 0.409837
vt 0.765355 0.668489
vt 0.766762 0.663419
vt 0.756110 0.656121
vt 0.752188 0.659469
vt 0.761434 0.671836
vt 0.750782 0.664539
vt 0.756496 0.672182
vt 0.752426 0.669395
vt 0.765117 0.658563
vt 0.761048 0.655775
vt 0.755030 0.690070
vt 0.755121 0.691118
vt 0.767342 0.693549
vt 0.766882 0.688114
vt 0.752680 0.687988
vt 0.753539 0.688588
vt 0.761753 0.678759
vt 0.757282 0.675638
vt 0.929129 0.616217
vt 0.921653 0.618887
vt 0.920002 0.626975
vt 0.935022 0.621201
vt 0.925710 0.632243
vt 0.933476 0.629371
vt 0.857028 0.645947
vt 0.846384 0.658935
vt 0.853634 0.664879
vt 0.862578 0.661358
vt 0.864277 0.651892
vt 0.765355 0.668489
vt 0.752188 0.659469
vt 0.756110 0.656121
vt 0.766762 0.663419
vt 0.761434 0.671836
vt 0.750782 0.664539
vt 0.756496 0.672182
vt 0.761048 0.655775
vt 0.765117 0.658563
vt 0.755030 0.690070
vt 0.766882 0.688114
vt 0.767342 0.693549
vt 0.755121 0.691118
vt 0.752680 0.687988
vt 0.757282 0.675638
vt 0.761753 0.678759
vt 0.753539 0.688588
vt 0.929129 0.616217
vt 0.935022 0.621201
vt 0.920002 0.626975
vt 0.921653 0.618887
vt 0.925710 0.632243
vt 0.933476 0.629371
vt 0.857028 0.645947
vt 0.846384 0.658935
vt 0.848080 0.649470
vt 0.864277 0.651892
vt 0.862578 0.661358
vt 0.853634 0.664879
vt 0.836061 0.189941
vt 0.871098 0.177117
vt 0.853693 0.205576
vt 0.835760 0.168035
vt 0.848132 0.147715
vt 0.862902 0.142782
vt 0.836061 0.189941
vt 0.853693 0.205576
vt 0.871098 0.177117
vt 0.835760 0.168035
vt 0.862902 0.142782
vt 0.848132 0.147715
vt 0.852146 0.130615
vt 0.836061 0.189941
vt 0.835760 0.168035
vt 0.871098 0.177117
vt 0.848132 0.147715
vt 0.862902 0.142782
vt 0.836061 0.189941
vt 0.871098 0.177117
vt 0.835760 0.168035
vt 0.862902 0.142782
vt 0.848132 0.147715
vt 0.852146 0.130615
vt 0.529300 0.311967
vt 0.529108 0.297958
vt 0.551706 0.303766
vt 0.540575 0.321965
vt 0.529300 0.311967
vt 0.540575 0.321965
vt 0.551706 0.303766
vt 0.529108 0.297958
vt 0.546464 0.281809
vt 0.537019 0.284964
vt 0.529300 0.311967
vt 0.529108 0.297958
vt 0.551706 0.303766
vt 0.540575 0.321965
vt 0.529300 0.311967
vt 0.540575 0.321965
vt 0.551706 0.303766
vt 0.529108 0.297958
vt 0.527892 0.933630
vt 0.538348 0.933583
vt 0.538309 0.923126
vt 0.527846 0.923165
vt 0.627840 0.440285
vt 0.625545 0.417834
vt 0.616979 0.448089
vt 0.588185 0.439122
vt 0.594928 0.445071
vt 0.595805 0.411663
vt 0.627840 0.440285
vt 0.616979 0.448089
vt 0.625545 0.417834
vt 0.588185 0.439122
vt 0.595805 0.411663
vt 0.594928 0.445071
vt 0.655666 0.463990
vt 0.654573 0.448402
vt 0.649325 0.454437
vt 0.565258 0.430230
vt 0.560053 0.438792
vt 0.569873 0.436974
vt 0.474983 0.279034
vt 0.497509 0.277984
vt 0.487295 0.270060
vt 0.476619 0.318946
vt 0.486572 0.327711
vt 0.494340 0.318109
vt 0.413139 0.551358
vt 0.417025 0.526779
vt 0.430646 0.563410
vt 0.389300 0.557957
vt 0.388884 0.402444
vt 0.421084 0.413119
vt 0.396349 0.432831
vt 0.413139 0.551358
vt 0.430646 0.563410
vt 0.417025 0.526779
vt 0.389300 0.557957
vt 0.388884 0.402444
vt 0.396349 0.432831
vt 0.421084 0.413119
vt 0.468690 0.743511
vt 0.475418 0.747458
vt 0.478038 0.731446
vt 0.510176 0.746045
vt 0.501252 0.732821
vt 0.502587 0.749301
vt 0.506222 0.709553
vt 0.498085 0.704042
vt 0.499863 0.717505
vt 0.474427 0.709006
vt 0.480238 0.716706
vt 0.482262 0.703522
vt 0.502117 0.686692
vt 0.495074 0.681746
vt 0.496119 0.691673
vt 0.477232 0.686534
vt 0.483963 0.691341
vt 0.484430 0.681347
vt 0.500697 0.658278
vt 0.494735 0.654680
vt 0.494075 0.664108
vt 0.478454 0.657938
vt 0.485060 0.663744
vt 0.484474 0.654310
vt 0.500532 0.639841
vt 0.496369 0.635093
vt 0.494899 0.644346
vt 0.478967 0.639371
vt 0.484513 0.643967
vt 0.483350 0.634710
vt 0.503024 0.617634
vt 0.498736 0.615408
vt 0.497418 0.625613
vt 0.477373 0.617081
vt 0.482697 0.625220
vt 0.481834 0.614997
vt 0.481508 0.413066
vt 0.480532 0.414847
vt 0.480974 0.416919
vt 0.564173 0.517083
vt 0.559639 0.500179
vt 0.530028 0.514377
vt 0.551360 0.487118
vt 0.532862 0.478079
vt 0.523434 0.483948
vt 0.510684 0.484103
vt 0.498154 0.500666
vt 0.495473 0.519836
vt 0.501886 0.533329
vt 0.509988 0.544475
vt 0.525011 0.551055
vt 0.546770 0.546941
vt 0.559945 0.535375
vt 0.534909 0.661859
vt 0.534258 0.665116
vt 0.551174 0.674648
vt 0.532890 0.668571
vt 0.532254 0.671591
vt 0.532811 0.675943
vt 0.534498 0.679799
vt 0.552799 0.652439
vt 0.550855 0.652380
vt 0.547589 0.652918
vt 0.543878 0.653910
vt 0.540716 0.655090
vt 0.539240 0.656581
vt 0.536769 0.659202
vt 0.877978 0.856483
vt 0.877232 0.872658
vt 0.889929 0.851614
vt 0.905011 0.870715
vt 0.902126 0.972930
vt 0.877310 0.972490
vt 0.890365 0.983221
vt 0.878460 0.981310
vt 0.905096 0.852899
vt 0.901777 0.982274
vt 0.723741 0.946973
vt 0.722927 0.960191
vt 0.736016 0.945534
vt 0.736322 0.974965
vt 0.725525 0.973947
vt 0.828994 0.946923
vt 0.845428 0.959954
vt 0.843442 0.947405
vt 0.831004 0.976284
vt 0.844607 0.974824
vt 0.970981 0.973276
vt 0.972286 0.964119
vt 0.955902 0.974128
vt 0.943732 0.957997
vt 0.944710 0.863614
vt 0.970146 0.858760
vt 0.955654 0.852027
vt 0.968477 0.850066
vt 0.945665 0.969435
vt 0.945065 0.855897
vt 0.260362 0.824402
vt 0.258718 0.830026
vt 0.255089 0.827156
vt 0.256301 0.820871
vt 0.250601 0.822925
vt 0.248926 0.828532
vt 0.252981 0.832101
vt 0.252928 0.820876
vt 0.254644 0.815113
vt 0.248278 0.816496
vt 0.250476 0.811502
vt 0.244596 0.813614
vt 0.242846 0.819357
vt 0.247009 0.823010
vt 0.275191 0.846095
vt 0.272207 0.849169
vt 0.274373 0.844567
vt 0.276356 0.841025
vt 0.274536 0.839067
vt 0.271571 0.842145
vt 0.270407 0.847178
vt 0.259081 0.843251
vt 0.262060 0.840121
vt 0.259253 0.837672
vt 0.263258 0.834998
vt 0.261475 0.833043
vt 0.258515 0.836177
vt 0.257318 0.841262
vt 0.503285 0.920274
vt 0.497208 0.920274
vt 0.502118 0.935389
vt 0.492432 0.920274
vt 0.486946 0.920274
vt 0.492081 0.935389
vt 0.524836 0.920274
vt 0.519326 0.920274
vt 0.524730 0.935389
vt 0.480603 0.979707
vt 0.491431 0.994171
vt 0.506829 0.968376
vt 0.508694 0.999504
vt 0.525797 0.993671
vt 0.536202 0.978901
vt 0.535943 0.960833
vt 0.525109 0.946372
vt 0.507847 0.941039
vt 0.490749 0.946871
vt 0.480338 0.961641
vt 0.480603 0.979707
vt 0.491431 0.994171
vt 0.506829 0.968376
vt 0.508694 0.999504
vt 0.525797 0.993671
vt 0.536202 0.978901
vt 0.535943 0.960833
vt 0.525109 0.946372
vt 0.507847 0.941039
vt 0.490749 0.946871
vt 0.480338 0.961641
vt 0.684567 0.662749
vt 0.696486 0.646341
vt 0.665273 0.636200
vt 0.696486 0.626060
vt 0.684567 0.609652
vt 0.665273 0.603384
vt 0.648314 0.612855
vt 0.637833 0.627283
vt 0.637833 0.645118
vt 0.648314 0.659545
vt 0.665273 0.665057
vt 0.850508 0.375082
vt 0.838249 0.383533
vt 0.850252 0.386839
vt 0.842025 0.128282
vt 0.850396 0.112569
vt 0.852146 0.130615
vt 0.842025 0.128282
vt 0.850396 0.112569
vt 0.842025 0.128282
vt 0.850396 0.112569
vt 0.852146 0.130615
vt 0.842025 0.128282
vt 0.850396 0.112569
vt 0.536350 0.273283
vt 0.271518 0.856214
vt 0.204156 0.857615
vt 0.204156 0.899995
vt 0.271518 0.901396
vt 0.235704 0.841928
vt 0.234555 0.810452
vt 0.157310 0.809737
vt 0.156016 0.842307
vt 0.059247 0.588517
vt 0.838848 0.293986
vt 0.836522 0.271306
vt 0.789349 0.276038
vt 0.788994 0.292912
vt 0.836522 0.271306
vt 0.836139 0.250269
vt 0.790060 0.252294
vt 0.789349 0.276038
vt 0.839620 0.315037
vt 0.838848 0.293986
vt 0.788994 0.292912
vt 0.790838 0.315774
vt 0.703195 0.252538
vt 0.701350 0.278026
vt 0.702717 0.294367
vt 0.705239 0.318423
vt 0.701350 0.278026
vt 0.702717 0.294367
vt 0.609743 0.278209
vt 0.612827 0.250235
vt 0.566104 0.247960
vt 0.561762 0.274868
vt 0.613589 0.295274
vt 0.561153 0.299301
vt 0.565614 0.326142
vt 0.617149 0.323913
vt 0.609743 0.278209
vt 0.561762 0.274868
vt 0.561153 0.299301
vt 0.613589 0.295274
vt 0.566967 0.211539
vt 0.629108 0.214280
vt 0.629533 0.183466
vt 0.566967 0.182011
vt 0.566967 0.126163
vt 0.566967 0.155223
vt 0.630310 0.156081
vt 0.631134 0.127271
vt 0.705742 0.213331
vt 0.705984 0.185397
vt 0.706103 0.159074
vt 0.706733 0.130212
vt 0.774203 0.215096
vt 0.774444 0.185479
vt 0.774579 0.158897
vt 0.775057 0.130741
vt 0.822129 0.214523
vt 0.822129 0.186534
vt 0.822129 0.160647
vt 0.822129 0.132483
vt 0.564669 0.402537
vt 0.564669 0.415372
vt 0.577174 0.415372
vt 0.577174 0.402537
vt 0.502859 0.402537
vt 0.502859 0.415372
vt 0.514444 0.415372
vt 0.514444 0.402537
vt 0.526844 0.402537
vt 0.526844 0.415372
vt 0.539672 0.415372
vt 0.539672 0.402537
vt 0.539672 0.402537
vt 0.539672 0.415372
vt 0.551999 0.415372
vt 0.551999 0.402537
vt 0.471706 0.438331
vt 0.636580 0.476711
vt 0.635402 0.463953
vt 0.618635 0.472311
vt 0.617759 0.484532
vt 0.586407 0.477005
vt 0.589872 0.463947
vt 0.577521 0.450616
vt 0.570367 0.459338
vt 0.603285 0.468937
vt 0.600916 0.483027
vt 0.606649 0.448516
vt 0.610875 0.414923
vt 0.655666 0.463990
vt 0.649325 0.454437
vt 0.569873 0.436974
vt 0.560053 0.438792
vt 0.583448 0.435461
vt 0.636580 0.476711
vt 0.617759 0.484532
vt 0.618635 0.472311
vt 0.635402 0.463953
vt 0.586407 0.477005
vt 0.570367 0.459338
vt 0.577521 0.450616
vt 0.589872 0.463947
vt 0.600916 0.483027
vt 0.603285 0.468937
vt 0.606649 0.448516
vt 0.610875 0.414923
vt 0.649325 0.454437
vt 0.655666 0.463990
vt 0.560053 0.438792
vt 0.569873 0.436974
vt 0.583448 0.435461
vt 0.644722 0.427325
vt 0.626988 0.414531
vt 0.625545 0.417834
vt 0.627840 0.440285
vt 0.651492 0.439741
vt 0.638135 0.450043
vt 0.576238 0.424739
vt 0.583448 0.435461
vt 0.645320 0.557037
vt 0.628080 0.557037
vt 0.526991 0.426368
vt 0.517179 0.429381
vt 0.520509 0.440363
vt 0.526439 0.438091
vt 0.517179 0.429381
vt 0.508314 0.436417
vt 0.515598 0.445643
vt 0.520509 0.440363
vt 0.508314 0.436417
vt 0.501521 0.444148
vt 0.512137 0.450798
vt 0.515598 0.445643
vt 0.550834 0.446378
vt 0.544670 0.438003
vt 0.536515 0.446600
vt 0.539503 0.452135
vt 0.544670 0.438003
vt 0.536437 0.430110
vt 0.532131 0.440845
vt 0.536515 0.446600
vt 0.536437 0.430110
vt 0.526991 0.426368
vt 0.526439 0.438091
vt 0.532131 0.440845
vt 0.596075 0.350114
vt 0.595279 0.364093
vt 0.616080 0.372041
vt 0.619586 0.360479
vt 0.595279 0.364093
vt 0.596663 0.387825
vt 0.614474 0.383641
vt 0.616080 0.372041
vt 0.596663 0.387825
vt 0.596749 0.401610
vt 0.615443 0.396067
vt 0.614474 0.383641
vt 0.596075 0.350114
vt 0.595279 0.364093
vt 0.576423 0.367054
vt 0.573305 0.354868
vt 0.595279 0.364093
vt 0.596662 0.387825
vt 0.579220 0.380289
vt 0.576423 0.367054
vt 0.596662 0.387825
vt 0.596749 0.401610
vt 0.578360 0.393861
vt 0.579220 0.380289
vt 0.663136 0.518737
vt 0.663623 0.527478
vt 0.682644 0.526379
vt 0.682199 0.518654
vt 0.663623 0.527478
vt 0.664859 0.537528
vt 0.683664 0.535253
vt 0.682644 0.526379
vt 0.664859 0.537528
vt 0.665810 0.546416
vt 0.684821 0.542976
vt 0.683664 0.535253
vt 0.665566 0.491283
vt 0.664716 0.500080
vt 0.683415 0.502134
vt 0.684459 0.494459
vt 0.664716 0.500080
vt 0.663572 0.510028
vt 0.682527 0.510949
vt 0.683415 0.502134
vt 0.663572 0.510028
vt 0.663136 0.518737
vt 0.682199 0.518654
vt 0.682527 0.510949
vt 0.650936 0.398976
vt 0.674530 0.408171
vt 0.677767 0.395266
vt 0.652159 0.388592
vt 0.650936 0.398976
vt 0.648781 0.407089
vt 0.670365 0.420597
vt 0.674530 0.408171
vt 0.648387 0.353084
vt 0.650319 0.360342
vt 0.670686 0.351762
vt 0.666825 0.341071
vt 0.650319 0.360342
vt 0.651689 0.369751
vt 0.674400 0.363557
vt 0.670686 0.351762
vt 0.651689 0.369751
vt 0.652289 0.378723
vt 0.676921 0.372844
vt 0.674400 0.363557
vt 0.652289 0.378723
vt 0.652159 0.388592
vt 0.677767 0.395266
vt 0.676921 0.372844
vt 0.592214 0.524960
vt 0.590939 0.534915
vt 0.621449 0.540027
vt 0.620558 0.528554
vt 0.590939 0.534915
vt 0.589752 0.547128
vt 0.622143 0.550196
vt 0.621449 0.540027
vt 0.594670 0.490345
vt 0.594752 0.498591
vt 0.622521 0.497268
vt 0.623368 0.487949
vt 0.594752 0.498591
vt 0.594036 0.507860
vt 0.621199 0.507995
vt 0.622521 0.497268
vt 0.594036 0.507860
vt 0.593124 0.516304
vt 0.620347 0.518145
vt 0.621199 0.507995
vt 0.592214 0.524960
vt 0.620558 0.528554
vt 0.620347 0.518145
vt 0.593124 0.516304
vt 0.622910 0.364541
vt 0.576422 0.367054
vt 0.579220 0.380289
vt 0.579220 0.380289
vt 0.578360 0.393861
vt 0.619586 0.360479
vt 0.616080 0.372041
vt 0.616080 0.372041
vt 0.614475 0.383641
vt 0.614475 0.383641
vt 0.615443 0.396067
vt 0.576422 0.367054
vt 0.573306 0.354868
vt 0.504364 0.430179
vt 0.515502 0.422763
vt 0.495900 0.438403
vt 0.504364 0.430179
vt 0.549155 0.432091
vt 0.556986 0.441053
vt 0.538674 0.423660
vt 0.549155 0.432091
vt 0.538674 0.423660
vt 0.527252 0.419817
vt 0.515502 0.422763
vt 0.527252 0.419817
vt 0.611507 0.577419
vt 0.682203 0.577419
vt 0.579433 0.565670
vt 0.631173 0.386461
vt 0.628519 0.386594
vt 0.627696 0.394707
vt 0.630349 0.395717
vt 0.677767 0.395266
vt 0.674530 0.408171
vt 0.678766 0.408335
vt 0.682670 0.395377
vt 0.625912 0.401585
vt 0.628684 0.404191
vt 0.670365 0.420597
vt 0.675939 0.418930
vt 0.629771 0.355089
vt 0.627119 0.357395
vt 0.628511 0.363821
vt 0.631029 0.362969
vt 0.666825 0.341071
vt 0.670686 0.351762
vt 0.674262 0.351414
vt 0.671635 0.342403
vt 0.628946 0.371478
vt 0.631482 0.371692
vt 0.674400 0.363557
vt 0.678063 0.361880
vt 0.628892 0.378943
vt 0.631482 0.378980
vt 0.676921 0.372844
vt 0.682244 0.374159
vt 0.645908 0.527751
vt 0.646756 0.537356
vt 0.646756 0.537356
vt 0.647554 0.545266
vt 0.647633 0.492680
vt 0.646885 0.500323
vt 0.646885 0.500323
vt 0.646005 0.509698
vt 0.646005 0.509698
vt 0.645609 0.518685
vt 0.645609 0.518685
vt 0.645908 0.527751
vt 0.631173 0.386461
vt 0.630349 0.395717
vt 0.630349 0.395717
vt 0.628684 0.404191
vt 0.629771 0.355089
vt 0.631029 0.362969
vt 0.631029 0.362969
vt 0.631482 0.371692
vt 0.631482 0.371692
vt 0.631482 0.378980
vt 0.631482 0.378980
vt 0.631173 0.386461
vt 0.487257 0.473748
vt 0.485903 0.460807
vt 0.449069 0.329959
vt 0.448603 0.316962
vt 0.448603 0.316962
vt 0.476619 0.318946
vt 0.474983 0.279034
vt 0.448902 0.277481
vt 0.448902 0.277481
vt 0.450991 0.265335
vt 0.494340 0.318109
vt 0.497509 0.277984
vt 0.514716 0.278513
vt 0.512667 0.266454
vt 0.512826 0.330007
vt 0.514338 0.317901
vt 0.514338 0.317901
vt 0.514716 0.278513
vt 0.344424 0.520271
vt 0.344424 0.520271
vt 0.361352 0.520540
vt 0.358009 0.500349
vt 0.344818 0.501772
vt 0.378054 0.519648
vt 0.377081 0.501295
vt 0.358009 0.500349
vt 0.361352 0.520540
vt 0.324464 0.502603
vt 0.324714 0.520542
vt 0.344424 0.520271
vt 0.344818 0.501772
vt 0.322774 0.478356
vt 0.342683 0.476976
vt 0.378120 0.476568
vt 0.361217 0.475862
vt 0.361217 0.475862
vt 0.342683 0.476976
vt 0.361352 0.520540
vt 0.344424 0.520271
vt 0.344818 0.501772
vt 0.358009 0.500349
vt 0.342683 0.476976
vt 0.324714 0.520542
vt 0.324464 0.502603
vt 0.344818 0.501772
vt 0.344424 0.520271
vt 0.377081 0.501295
vt 0.378054 0.519648
vt 0.361352 0.520540
vt 0.358009 0.500349
vt 0.342683 0.476976
vt 0.361217 0.475862
vt 0.378120 0.476568
vt 0.361217 0.475862
vt 0.322774 0.478356
vt 0.342683 0.476976
vt 0.222063 0.640983
vt 0.232602 0.641656
vt 0.229869 0.626101
vt 0.224076 0.625716
vt 0.232602 0.641656
vt 0.242917 0.638984
vt 0.237795 0.625314
vt 0.229869 0.626101
vt 0.211398 0.638579
vt 0.222063 0.640983
vt 0.224076 0.625716
vt 0.216061 0.625036
vt 0.231040 0.609000
vt 0.223056 0.609127
vt 0.223056 0.609127
vt 0.215592 0.609352
vt 0.238469 0.609318
vt 0.231040 0.609000
vt 0.219438 0.583879
vt 0.232442 0.591968
vt 0.241387 0.594449
vt 0.242833 0.589244
vt 0.233884 0.586760
vt 0.308714 0.586081
vt 0.324357 0.638458
vt 0.323444 0.627585
vt 0.312039 0.627996
vt 0.311729 0.634709
vt 0.323444 0.627585
vt 0.321996 0.615624
vt 0.311409 0.619644
vt 0.312039 0.627996
vt 0.303156 0.626893
vt 0.301772 0.638365
vt 0.303036 0.619791
vt 0.303156 0.626893
vt 0.311729 0.634709
vt 0.301772 0.638365
vt 0.302390 0.645062
vt 0.310686 0.643271
vt 0.321144 0.647155
vt 0.324357 0.638458
vt 0.394498 0.609284
vt 0.399013 0.589480
vt 0.380656 0.590156
vt 0.378793 0.606734
vt 0.012612 0.615551
vt 0.032947 0.613055
vt 0.032996 0.596849
vt 0.016472 0.597515
vt 0.304228 0.684120
vt 0.324279 0.687030
vt 0.320886 0.671506
vt 0.304361 0.670512
vt 0.358383 0.584027
vt 0.358855 0.609095
vt 0.324497 0.651731
vt 0.304580 0.655376
vt 0.033075 0.578771
vt 0.013316 0.574716
vt 0.748784 0.691477
vt 0.748480 0.702196
vt 0.659803 0.698968
vt 0.659783 0.688498
vt 0.747992 0.664740
vt 0.748398 0.675457
vt 0.660428 0.678715
vt 0.660352 0.668247
vt 0.579945 0.676595
vt 0.580222 0.666178
vt 0.578935 0.701757
vt 0.578565 0.691342
vt 0.748784 0.691477
vt 0.748784 0.691477
vt 0.659783 0.688498
vt 0.659803 0.698968
vt 0.748480 0.702196
vt 0.747992 0.664740
vt 0.660352 0.668247
vt 0.660428 0.678715
vt 0.748398 0.675457
vt 0.580222 0.666178
vt 0.579945 0.676595
vt 0.578565 0.691342
vt 0.578935 0.701757
vt 0.394499 0.609285
vt 0.378793 0.606735
vt 0.380656 0.590154
vt 0.399014 0.589479
vt 0.012613 0.615550
vt 0.016473 0.597515
vt 0.032996 0.596849
vt 0.032945 0.613053
vt 0.304227 0.684121
vt 0.304360 0.670511
vt 0.320886 0.671506
vt 0.324279 0.687032
vt 0.358854 0.609097
vt 0.358382 0.584027
vt 0.304578 0.655375
vt 0.324496 0.651730
vt 0.013317 0.574717
vt 0.033075 0.578772
vt 0.397326 0.525455
vt 0.377378 0.549829
vt 0.382728 0.483359
vt 0.404267 0.484518
vt 0.391658 0.460595
vt 0.412854 0.460201
vt 0.375531 0.411402
vt 0.379646 0.431434
vt 0.464447 0.403667
vt 0.464447 0.422788
vt 0.464447 0.453096
vt 0.464447 0.481306
vt 0.464447 0.522919
vt 0.464447 0.569581
vt 0.397326 0.525455
vt 0.377378 0.549829
vt 0.389300 0.557957
vt 0.382728 0.483359
vt 0.404267 0.484518
vt 0.391658 0.460595
vt 0.412854 0.460201
vt 0.375531 0.411402
vt 0.379646 0.431434
vt 0.464447 0.422788
vt 0.464447 0.403667
vt 0.464447 0.481306
vt 0.464447 0.453096
vt 0.464447 0.522919
vt 0.464447 0.569581
vt 0.010190 0.305514
vt 0.535133 0.601239
vt 0.460008 0.693674
vt 0.460009 0.657172
vt 0.442813 0.657173
vt 0.442813 0.693674
vt 0.460009 0.657172
vt 0.460009 0.632714
vt 0.442813 0.632714
vt 0.442813 0.657173
vt 0.460009 0.612313
vt 0.442813 0.612313
vt 0.669282 0.581740
vt 0.651918 0.581730
vt 0.651909 0.597528
vt 0.669273 0.597537
vt 0.636647 0.581726
vt 0.636638 0.597515
vt 0.460008 0.751131
vt 0.442812 0.751130
vt 0.460009 0.657172
vt 0.460008 0.693674
vt 0.442813 0.693674
vt 0.442813 0.657173
vt 0.460009 0.632714
vt 0.460009 0.657172
vt 0.442813 0.657173
vt 0.442813 0.632714
vt 0.576483 0.581689
vt 0.588662 0.581696
vt 0.588654 0.597490
vt 0.576476 0.597484
vt 0.651918 0.581730
vt 0.669282 0.581740
vt 0.669273 0.597537
vt 0.651909 0.597528
vt 0.460009 0.612313
vt 0.442813 0.612313
vt 0.636647 0.581726
vt 0.636638 0.597515
vt 0.460008 0.751131
vt 0.442812 0.751130
vt 0.487466 0.581644
vt 0.554962 0.581699
vt 0.554955 0.597452
vt 0.487458 0.597440
vt 0.783360 0.652036
vt 0.812776 0.683445
vt 0.813882 0.685355
vt 0.818483 0.683168
vt 0.816824 0.680039
vt 0.814511 0.687440
vt 0.819374 0.686466
vt 0.814662 0.689588
vt 0.819492 0.689809
vt 0.814439 0.691373
vt 0.818891 0.692930
vt 0.813712 0.693053
vt 0.817568 0.695812
vt 0.812567 0.694474
vt 0.815588 0.698344
vt 0.811143 0.695494
vt 0.813017 0.700465
vt 0.809581 0.695998
vt 0.809852 0.702204
vt 0.808041 0.695903
vt 0.805861 0.703835
vt 0.805637 0.680477
vt 0.807485 0.680282
vt 0.807391 0.672942
vt 0.802386 0.671108
vt 0.809413 0.680776
vt 0.811276 0.674891
vt 0.811241 0.681879
vt 0.814402 0.677265
vt 0.823809 0.680791
vt 0.821558 0.676344
vt 0.824941 0.685510
vt 0.824999 0.690208
vt 0.824005 0.694745
vt 0.822035 0.698904
vt 0.819161 0.702605
vt 0.815456 0.705788
vt 0.810935 0.708504
vt 0.805497 0.710831
vt 0.808411 0.665482
vt 0.801715 0.662733
vt 0.813854 0.668651
vt 0.818242 0.672245
vt 0.830202 0.678209
vt 0.827367 0.672210
vt 0.831594 0.684488
vt 0.831524 0.690843
vt 0.830086 0.696914
vt 0.827377 0.702496
vt 0.823544 0.707391
vt 0.818698 0.711590
vt 0.812929 0.715186
vt 0.806296 0.718397
vt 0.810670 0.657642
vt 0.802657 0.653692
vt 0.817509 0.661920
vt 0.823095 0.666781
vt 0.838055 0.675248
vt 0.834566 0.667575
vt 0.839666 0.683448
vt 0.839417 0.691721
vt 0.837409 0.699631
vt 0.833841 0.706759
vt 0.828920 0.712903
vt 0.822842 0.718003
vt 0.815778 0.722248
vt 0.808002 0.726193
vt 0.814102 0.649457
vt 0.804901 0.644510
vt 0.822376 0.654653
vt 0.829290 0.660653
vt 0.847724 0.671826
vt 0.843520 0.662151
vt 0.849553 0.682315
vt 0.849007 0.692983
vt 0.846253 0.703090
vt 0.841608 0.712018
vt 0.835426 0.719424
vt 0.827944 0.725250
vt 0.819320 0.729601
vt 0.809824 0.732673
vt 0.818443 0.641044
vt 0.807332 0.637017
vt 0.828578 0.646584
vt 0.837071 0.653672
vt 0.478038 0.731446
vt 0.475418 0.747458
vt 0.502587 0.749301
vt 0.501252 0.732821
vt 0.499863 0.717505
vt 0.480238 0.716706
vt 0.498085 0.704042
vt 0.482262 0.703522
vt 0.496119 0.691673
vt 0.483963 0.691341
vt 0.495074 0.681746
vt 0.484430 0.681347
vt 0.494638 0.672668
vt 0.484639 0.672262
vt 0.494075 0.664108
vt 0.485060 0.663744
vt 0.494735 0.654680
vt 0.484474 0.654310
vt 0.494899 0.644346
vt 0.484513 0.643967
vt 0.496369 0.635093
vt 0.483350 0.634710
vt 0.497418 0.625613
vt 0.482697 0.625220
vt 0.498736 0.615408
vt 0.481834 0.614997
vt 0.500869 0.672188
vt 0.494638 0.672668
vt 0.478404 0.671920
vt 0.484639 0.672262
vt 0.882516 0.759686
vt 0.897602 0.759686
vt 0.894575 0.739550
vt 0.880596 0.739550
vt 0.912157 0.759686
vt 0.908064 0.739550
vt 0.926600 0.759686
vt 0.921447 0.739550
vt 0.939670 0.759686
vt 0.933559 0.739550
vt 0.772985 0.759686
vt 0.786521 0.759686
vt 0.791639 0.739550
vt 0.779096 0.739550
vt 0.800131 0.759686
vt 0.804252 0.739550
vt 0.812358 0.759686
vt 0.815583 0.739550
vt 0.825814 0.759686
vt 0.828051 0.739550
vt 0.839090 0.759686
vt 0.840355 0.739550
vt 0.853467 0.759686
vt 0.853677 0.739550
vt 0.868155 0.759686
vt 0.867288 0.739550
vt 0.492522 0.405842
vt 0.488491 0.410470
vt 0.490537 0.415106
vt 0.495655 0.414867
vt 0.483134 0.401702
vt 0.483671 0.408808
vt 0.473015 0.405270
vt 0.478481 0.409747
vt 0.469851 0.414277
vt 0.476164 0.414487
vt 0.472516 0.422852
vt 0.477526 0.419689
vt 0.479280 0.427938
vt 0.481529 0.422787
vt 0.487217 0.427894
vt 0.486123 0.422698
vt 0.493431 0.422925
vt 0.489479 0.419817
vt 0.490537 0.415106
vt 0.485389 0.413277
vt 0.486353 0.415094
vt 0.483464 0.412509
vt 0.482561 0.418274
vt 0.484524 0.418317
vt 0.489479 0.419817
vt 0.485997 0.417071
vt 0.588463 0.518375
vt 0.582757 0.491275
vt 0.570695 0.495881
vt 0.575900 0.516719
vt 0.566828 0.468381
vt 0.559197 0.477783
vt 0.535401 0.454759
vt 0.532256 0.465815
vt 0.535401 0.454759
vt 0.516879 0.456777
vt 0.518735 0.470859
vt 0.532256 0.465815
vt 0.499636 0.466084
vt 0.505757 0.472895
vt 0.499636 0.466084
vt 0.473138 0.492132
vt 0.487052 0.495200
vt 0.505757 0.472895
vt 0.470232 0.524442
vt 0.483049 0.521494
vt 0.481714 0.551020
vt 0.492030 0.541298
vt 0.495590 0.565471
vt 0.502472 0.553718
vt 0.521148 0.577834
vt 0.523453 0.564415
vt 0.558234 0.570570
vt 0.554978 0.558762
vt 0.580638 0.549861
vt 0.570313 0.541447
vt 0.575900 0.516719
vt 0.570695 0.495881
vt 0.564829 0.497612
vt 0.569874 0.516277
vt 0.559197 0.477783
vt 0.555378 0.482994
vt 0.532256 0.465815
vt 0.532035 0.473987
vt 0.518735 0.470859
vt 0.522213 0.478517
vt 0.505757 0.472895
vt 0.508946 0.479077
vt 0.487052 0.495200
vt 0.495046 0.497752
vt 0.483049 0.521494
vt 0.489829 0.519888
vt 0.492030 0.541298
vt 0.496198 0.535370
vt 0.502472 0.553718
vt 0.506121 0.548829
vt 0.523453 0.564415
vt 0.524733 0.556142
vt 0.554978 0.558762
vt 0.550366 0.551457
vt 0.570313 0.541447
vt 0.565224 0.537461
vt 0.569874 0.516277
vt 0.564829 0.497612
vt 0.559639 0.500179
vt 0.564173 0.517083
vt 0.555378 0.482994
vt 0.551360 0.487118
vt 0.532035 0.473987
vt 0.532862 0.478079
vt 0.532035 0.473987
vt 0.522213 0.478517
vt 0.523434 0.483948
vt 0.532862 0.478079
vt 0.508946 0.479077
vt 0.510684 0.484103
vt 0.508946 0.479077
vt 0.495046 0.497752
vt 0.498154 0.500666
vt 0.510684 0.484103
vt 0.489829 0.519888
vt 0.495473 0.519836
vt 0.496198 0.535370
vt 0.501886 0.533329
vt 0.506121 0.548829
vt 0.509988 0.544475
vt 0.524733 0.556142
vt 0.525011 0.551055
vt 0.550366 0.551457
vt 0.546770 0.546941
vt 0.565224 0.537461
vt 0.559945 0.535375
vt 0.367978 0.622362
vt 0.370326 0.670884
vt 0.354199 0.672557
vt 0.349318 0.623464
vt 0.375342 0.711606
vt 0.360147 0.711872
vt 0.358820 0.757868
vt 0.345021 0.748431
vt 0.342426 0.802453
vt 0.325386 0.791696
vt 0.765206 0.813032
vt 0.741407 0.764660
vt 0.727179 0.778369
vt 0.746954 0.819947
vt 0.611815 0.939264
vt 0.611602 0.906953
vt 0.641326 0.908115
vt 0.641490 0.939059
vt 0.420575 0.670676
vt 0.370326 0.670884
vt 0.367978 0.622362
vt 0.420456 0.622477
vt 0.666350 0.911004
vt 0.666413 0.938950
vt 0.420661 0.711339
vt 0.375342 0.711606
vt 0.687944 0.900943
vt 0.687880 0.938966
vt 0.420681 0.757066
vt 0.358820 0.757868
vt 0.714393 0.889311
vt 0.714168 0.939083
vt 0.420616 0.803564
vt 0.342426 0.802453
vt 0.726912 0.840712
vt 0.746954 0.819947
vt 0.727179 0.778369
vt 0.693998 0.819251
vt 0.843397 0.766143
vt 0.741407 0.764660
vt 0.765206 0.813032
vt 0.842668 0.814157
vt 0.420952 0.813491
vt 0.420519 0.919310
vt 0.342421 0.919310
vt 0.342421 0.813491
vt 0.342421 0.813491
vt 0.342421 0.919310
vt 0.325579 0.919310
vt 0.325562 0.813491
vt 0.321004 0.848879
vt 0.320796 0.903364
vt 0.278067 0.903008
vt 0.278421 0.848669
vt 0.367977 0.622359
vt 0.349318 0.623464
vt 0.354199 0.672557
vt 0.370326 0.670884
vt 0.360147 0.711871
vt 0.375344 0.711606
vt 0.345021 0.748431
vt 0.358820 0.757868
vt 0.325386 0.791696
vt 0.342426 0.802456
vt 0.765206 0.813032
vt 0.746954 0.819947
vt 0.727179 0.778369
vt 0.741407 0.764661
vt 0.611815 0.939264
vt 0.641490 0.939059
vt 0.641326 0.908115
vt 0.611602 0.906953
vt 0.420575 0.670676
vt 0.420456 0.622477
vt 0.367977 0.622359
vt 0.370326 0.670884
vt 0.666413 0.938950
vt 0.666350 0.911004
vt 0.420661 0.711339
vt 0.375344 0.711606
vt 0.687880 0.938966
vt 0.687944 0.900943
vt 0.420681 0.757066
vt 0.358820 0.757868
vt 0.714168 0.939083
vt 0.714393 0.889311
vt 0.420616 0.803564
vt 0.342426 0.802456
vt 0.726912 0.840712
vt 0.693998 0.819251
vt 0.727179 0.778369
vt 0.746954 0.819947
vt 0.843397 0.766143
vt 0.842668 0.814157
vt 0.765206 0.813032
vt 0.741407 0.764661
vt 0.420952 0.813491
vt 0.342421 0.813491
vt 0.342421 0.813491
vt 0.325574 0.813491
vt 0.325591 0.919310
vt 0.321004 0.848879
vt 0.278421 0.848669
vt 0.928846 0.238454
vt 0.955163 0.238449
vt 0.958342 0.201882
vt 0.925667 0.201882
vt 0.928846 0.238452
vt 0.955163 0.238456
vt 0.958342 0.201882
vt 0.925667 0.201882
vt 0.928846 0.238452
vt 0.955163 0.238456
vt 0.958342 0.201882
vt 0.925667 0.201882
vt 0.928846 0.238452
vt 0.955163 0.238456
vt 0.958342 0.201882
vt 0.925667 0.201882
vt 0.928846 0.238452
vt 0.955163 0.238456
vt 0.958342 0.201882
vt 0.925667 0.201882
vt 0.928846 0.238452
vt 0.955163 0.238456
vt 0.958342 0.201882
vt 0.925667 0.201882
vt 0.955119 0.169575
vt 0.928798 0.169575
vt 0.955119 0.169575
vt 0.928798 0.169575
vt 0.955119 0.169575
vt 0.928798 0.169575
vt 0.955119 0.169575
vt 0.928798 0.169575
vt 0.955119 0.169575
vt 0.928798 0.169575
vt 0.955119 0.169575
vt 0.928798 0.169575
vt 0.293485 0.577328
vt 0.255393 0.577328
vt 0.250861 0.624083
vt 0.298149 0.624083
vt 0.255462 0.677010
vt 0.293548 0.677003
vt 0.298149 0.624083
vt 0.250861 0.624083
vt 0.255462 0.677010
vt 0.293548 0.677003
vt 0.298149 0.624083
vt 0.250861 0.624083
vt 0.255462 0.677010
vt 0.293548 0.677003
vt 0.298149 0.624083
vt 0.250861 0.624083
vt 0.255462 0.677010
vt 0.293548 0.677003
vt 0.298149 0.624083
vt 0.250861 0.624083
vt 0.255462 0.677010
vt 0.293548 0.677003
vt 0.298149 0.624083
vt 0.250861 0.624083
vt 0.293485 0.577328
vt 0.255393 0.577328
vt 0.293485 0.577328
vt 0.255393 0.577328
vt 0.293485 0.577328
vt 0.255393 0.577328
vt 0.255462 0.677010
vt 0.293548 0.677003
vt 0.293485 0.577328
vt 0.255393 0.577328
vt 0.293485 0.577328
vt 0.255393 0.577328
vt 0.595373 0.720752
vt 0.595373 0.727266
vt 0.599532 0.727266
vt 0.599532 0.720752
vt 0.599532 0.713925
vt 0.595373 0.713925
vt 0.856994 0.676371
vt 0.856994 0.692316
vt 0.865952 0.692316
vt 0.865952 0.676370
vt 0.856993 0.669547
vt 0.865952 0.669547
vt 0.561124 0.713515
vt 0.561124 0.720739
vt 0.566061 0.720739
vt 0.566062 0.713515
vt 0.561124 0.707194
vt 0.566061 0.707194
vt 0.599532 0.720752
vt 0.599532 0.727266
vt 0.603626 0.727267
vt 0.603626 0.720752
vt 0.603626 0.713925
vt 0.599532 0.713925
vt 0.865952 0.676370
vt 0.865952 0.692316
vt 0.874771 0.692316
vt 0.874771 0.676370
vt 0.874771 0.669547
vt 0.865952 0.669547
vt 0.566062 0.713515
vt 0.566061 0.720739
vt 0.570922 0.720739
vt 0.570922 0.713515
vt 0.566061 0.707194
vt 0.570922 0.707194
vt 0.603626 0.720752
vt 0.603626 0.727267
vt 0.607882 0.727266
vt 0.607882 0.720752
vt 0.603626 0.713925
vt 0.607882 0.713925
vt 0.874771 0.676370
vt 0.874771 0.692316
vt 0.883941 0.692316
vt 0.883941 0.676370
vt 0.874771 0.669547
vt 0.883941 0.669547
vt 0.570922 0.720739
vt 0.575975 0.720739
vt 0.575975 0.713515
vt 0.575975 0.707194
vt 0.612524 0.713925
vt 0.607882 0.713925
vt 0.607882 0.720752
vt 0.612524 0.720752
vt 0.607882 0.727266
vt 0.612524 0.727266
vt 0.893936 0.692316
vt 0.893938 0.676370
vt 0.893936 0.669547
vt 0.883941 0.669547
vt 0.575975 0.713515
vt 0.575975 0.720739
vt 0.581485 0.720739
vt 0.581485 0.713515
vt 0.575975 0.707194
vt 0.581485 0.707194
vt 0.612524 0.720752
vt 0.612524 0.727266
vt 0.616770 0.727266
vt 0.616770 0.720752
vt 0.616770 0.713925
vt 0.612524 0.713925
vt 0.893938 0.676370
vt 0.893936 0.692316
vt 0.903084 0.692316
vt 0.903084 0.676370
vt 0.903084 0.669547
vt 0.893936 0.669547
vt 0.581485 0.713515
vt 0.581485 0.720739
vt 0.586525 0.720739
vt 0.586525 0.713515
vt 0.581485 0.707194
vt 0.586526 0.707194
vt 0.621440 0.713925
vt 0.616770 0.713925
vt 0.616770 0.720752
vt 0.621440 0.720752
vt 0.913145 0.676371
vt 0.903084 0.676370
vt 0.903084 0.692316
vt 0.913145 0.692316
vt 0.913145 0.669547
vt 0.903084 0.669547
vt 0.592071 0.713515
vt 0.586525 0.713515
vt 0.586525 0.720739
vt 0.592071 0.720739
vt 0.592071 0.707194
vt 0.586526 0.707194
vt 0.561124 0.726221
vt 0.566062 0.726221
vt 0.586526 0.726221
vt 0.592071 0.726221
vt 0.581485 0.726221
vt 0.586526 0.726221
vt 0.575975 0.726221
vt 0.581485 0.726221
vt 0.570922 0.726221
vt 0.575975 0.726221
vt 0.566062 0.726221
vt 0.570922 0.726221
vt 0.592071 0.707194
vt 0.592071 0.705581
vt 0.586525 0.705581
vt 0.586526 0.707194
vt 0.561124 0.707194
vt 0.566061 0.707194
vt 0.566061 0.705580
vt 0.561124 0.705581
vt 0.570922 0.707194
vt 0.570922 0.705581
vt 0.575975 0.705580
vt 0.575975 0.707194
vt 0.581485 0.707194
vt 0.581485 0.705581
vt 0.561124 0.726221
vt 0.561124 0.727869
vt 0.566062 0.727869
vt 0.566062 0.726221
vt 0.592071 0.726221
vt 0.586526 0.726221
vt 0.586525 0.727869
vt 0.592071 0.727869
vt 0.581485 0.726221
vt 0.581485 0.727869
vt 0.575975 0.726221
vt 0.575975 0.727869
vt 0.570922 0.727869
vt 0.570922 0.726221
vt 0.747637 0.758623
vt 0.756599 0.758623
vt 0.756599 0.747687
vt 0.747637 0.747687
vt 0.634474 0.758623
vt 0.645304 0.758623
vt 0.645304 0.747687
vt 0.634474 0.747687
vt 0.654934 0.758623
vt 0.654934 0.747687
vt 0.665270 0.758623
vt 0.665270 0.747687
vt 0.675491 0.758623
vt 0.675491 0.747687
vt 0.685636 0.758623
vt 0.685636 0.747687
vt 0.695509 0.758623
vt 0.695509 0.747687
vt 0.705178 0.758623
vt 0.705178 0.747687
vt 0.716021 0.758623
vt 0.716021 0.747687
vt 0.726917 0.758623
vt 0.726917 0.747687
vt 0.737640 0.758623
vt 0.737640 0.747687
vt 0.699611 0.737629
vt 0.709390 0.737629
vt 0.709390 0.728639
vt 0.699611 0.728639
vt 0.690890 0.737629
vt 0.690890 0.728639
vt 0.681985 0.737629
vt 0.681985 0.728639
vt 0.672836 0.737629
vt 0.672836 0.728639
vt 0.663617 0.737629
vt 0.663617 0.728639
vt 0.654295 0.737629
vt 0.654295 0.728639
vt 0.645609 0.737629
vt 0.645609 0.728639
vt 0.635841 0.737629
vt 0.635841 0.728639
vt 0.737905 0.737629
vt 0.745988 0.737629
vt 0.745988 0.728639
vt 0.737905 0.728639
vt 0.728889 0.737629
vt 0.728889 0.728639
vt 0.719217 0.737629
vt 0.719217 0.728639
vt 0.586105 0.759121
vt 0.595477 0.759121
vt 0.595477 0.731390
vt 0.586105 0.731390
vt 0.577747 0.759121
vt 0.577747 0.731390
vt 0.569212 0.759121
vt 0.569212 0.731390
vt 0.560443 0.759121
vt 0.560443 0.731390
vt 0.551607 0.759121
vt 0.551607 0.731390
vt 0.542673 0.759121
vt 0.542673 0.731390
vt 0.534348 0.759121
vt 0.534348 0.731390
vt 0.524987 0.759121
vt 0.524987 0.731390
vt 0.622807 0.759121
vt 0.630554 0.759121
vt 0.630554 0.731390
vt 0.622807 0.731390
vt 0.614165 0.759121
vt 0.614165 0.731390
vt 0.604896 0.759121
vt 0.604896 0.731390
vt 0.756599 0.743685
vt 0.747637 0.743685
vt 0.747637 0.747687
vt 0.756599 0.747687
vt 0.645304 0.743685
vt 0.634474 0.743685
vt 0.634474 0.747687
vt 0.645304 0.747687
vt 0.654934 0.743685
vt 0.654934 0.747687
vt 0.665270 0.743685
vt 0.665270 0.747687
vt 0.675491 0.743685
vt 0.675491 0.747687
vt 0.685636 0.743685
vt 0.685636 0.747687
vt 0.695509 0.743685
vt 0.695509 0.747687
vt 0.705178 0.743685
vt 0.705178 0.747687
vt 0.716021 0.743685
vt 0.716021 0.747687
vt 0.726917 0.743685
vt 0.726917 0.747687
vt 0.737640 0.743685
vt 0.737640 0.747687
vt 0.699611 0.740018
vt 0.709390 0.740018
vt 0.709390 0.737629
vt 0.699611 0.737629
vt 0.690890 0.740018
vt 0.690890 0.737629
vt 0.681985 0.740018
vt 0.681985 0.737629
vt 0.672836 0.740018
vt 0.672836 0.737629
vt 0.663617 0.740018
vt 0.663617 0.737629
vt 0.654295 0.740018
vt 0.654295 0.737629
vt 0.645609 0.740018
vt 0.645609 0.737629
vt 0.635841 0.740018
vt 0.635841 0.737629
vt 0.737905 0.740018
vt 0.745988 0.740018
vt 0.745988 0.737629
vt 0.737905 0.737629
vt 0.728889 0.740018
vt 0.728889 0.737629
vt 0.719217 0.740018
vt 0.719217 0.737629
vt 0.737905 0.728639
vt 0.745988 0.728639
vt 0.745988 0.723912
vt 0.737905 0.723912
vt 0.635841 0.728639
vt 0.645609 0.728639
vt 0.645609 0.723912
vt 0.635841 0.723912
vt 0.654295 0.728639
vt 0.654295 0.723912
vt 0.663617 0.728639
vt 0.663617 0.723912
vt 0.672836 0.728639
vt 0.672836 0.723912
vt 0.681985 0.728639
vt 0.681985 0.723912
vt 0.690890 0.728639
vt 0.690890 0.723912
vt 0.699611 0.728639
vt 0.699611 0.723912
vt 0.709390 0.728639
vt 0.709390 0.723912
vt 0.719217 0.728639
vt 0.719217 0.723912
vt 0.728889 0.728639
vt 0.728889 0.723912
vt 0.972643 0.711952
vt 0.585126 0.660273
vt 0.632629 0.636445
vt 0.632629 0.628080
vt 0.585126 0.628079
vt 0.585126 0.636445
vt 0.901080 0.287611
vt 0.968933 0.541315
vt 0.968933 0.602040
vt 0.990302 0.602040
vt 0.990302 0.541315
vt 0.832599 0.220025
vt 0.832599 0.242946
vt 0.838109 0.242946
vt 0.838109 0.220025
vt 0.743574 0.004685
vt 0.983460 0.088298
vt 0.874107 0.088298
vt 0.874107 0.147522
vt 0.883113 0.147522
vt 0.883113 0.088298
vt 0.887681 0.834634
vt 0.872827 0.839011
vt 0.877978 0.856483
vt 0.889929 0.851614
vt 0.890365 0.983221
vt 0.878460 0.981310
vt 0.877263 0.993981
vt 0.889869 0.995168
vt 0.862885 0.858991
vt 0.868188 0.873530
vt 0.877232 0.872658
vt 0.877978 0.856483
vt 0.914042 0.872083
vt 0.920439 0.856190
vt 0.905096 0.852899
vt 0.905011 0.870715
vt 0.914115 0.980316
vt 0.911058 0.972195
vt 0.902126 0.972930
vt 0.901777 0.982274
vt 0.877310 0.972490
vt 0.868396 0.971865
vt 0.865750 0.979998
vt 0.878460 0.981310
vt 0.905493 0.835033
vt 0.905096 0.852899
vt 0.901777 0.982274
vt 0.902012 0.994943
vt 0.875440 0.921242
vt 0.903952 0.919621
vt 0.913021 0.919889
vt 0.903952 0.919621
vt 0.866390 0.921260
vt 0.875440 0.921242
vt 0.699648 0.948281
vt 0.703024 0.963093
vt 0.722927 0.960191
vt 0.723741 0.946973
vt 0.843442 0.947405
vt 0.845428 0.959954
vt 0.862856 0.959286
vt 0.861806 0.945918
vt 0.730020 0.993369
vt 0.738191 0.987277
vt 0.736322 0.974965
vt 0.725525 0.973947
vt 0.738020 0.932516
vt 0.729094 0.925627
vt 0.723741 0.946973
vt 0.736016 0.945534
vt 0.844607 0.974824
vt 0.862882 0.974810
vt 0.705509 0.977442
vt 0.725525 0.973947
vt 0.778391 0.975353
vt 0.779001 0.945164
vt 0.779225 0.932086
vt 0.779001 0.945164
vt 0.778187 0.988191
vt 0.778391 0.975353
vt 0.840872 0.929298
vt 0.827900 0.934040
vt 0.828994 0.946923
vt 0.843442 0.947405
vt 0.831004 0.976284
vt 0.829627 0.988919
vt 0.842546 0.993311
vt 0.844607 0.974824
vt 0.955654 0.852027
vt 0.968477 0.850066
vt 0.964984 0.833800
vt 0.951820 0.836633
vt 0.990713 0.968848
vt 0.984178 0.962364
vt 0.972286 0.964119
vt 0.970981 0.973276
vt 0.932031 0.956549
vt 0.925678 0.966767
vt 0.945665 0.969435
vt 0.943732 0.957997
vt 0.928983 0.858811
vt 0.933210 0.865106
vt 0.944710 0.863614
vt 0.945065 0.855897
vt 0.970146 0.858760
vt 0.981805 0.859541
vt 0.985608 0.851314
vt 0.968477 0.850066
vt 0.938975 0.992992
vt 0.952457 0.996821
vt 0.955902 0.974128
vt 0.945065 0.855897
vt 0.940448 0.839911
vt 0.932698 0.907687
vt 0.944597 0.907822
vt 0.983276 0.912869
vt 0.971340 0.913129
vt 0.971340 0.913129
vt 0.944597 0.907822
vt 0.263387 0.820968
vt 0.260536 0.830772
vt 0.256313 0.814849
vt 0.246400 0.818415
vt 0.243450 0.828163
vt 0.250511 0.834400
vt 0.250511 0.834400
vt 0.263341 0.817739
vt 0.260016 0.829144
vt 0.255109 0.810639
vt 0.263341 0.817739
vt 0.243571 0.814783
vt 0.255109 0.810639
vt 0.240112 0.826113
vt 0.243571 0.814783
vt 0.248325 0.833374
vt 0.240112 0.826113
vt 0.260016 0.829144
vt 0.248325 0.833374
vt 0.260162 0.815582
vt 0.257240 0.825524
vt 0.252981 0.809384
vt 0.242889 0.813007
vt 0.252981 0.809384
vt 0.239864 0.822891
vt 0.247031 0.829211
vt 0.273779 0.846308
vt 0.268600 0.851651
vt 0.275811 0.837484
vt 0.272655 0.834114
vt 0.267535 0.839468
vt 0.265509 0.848181
vt 0.265509 0.848181
vt 0.270482 0.845127
vt 0.264499 0.851328
vt 0.272847 0.834896
vt 0.270482 0.845127
vt 0.269220 0.831016
vt 0.272847 0.834896
vt 0.263314 0.837231
vt 0.269220 0.831016
vt 0.260958 0.847313
vt 0.263314 0.837231
vt 0.264499 0.851328
vt 0.260958 0.847313
vt 0.266182 0.842857
vt 0.261006 0.848258
vt 0.268246 0.833980
vt 0.265129 0.830614
vt 0.268246 0.833980
vt 0.260012 0.836023
vt 0.257954 0.844789
vt 0.610201 0.993026
vt 0.622646 0.997530
vt 0.623014 0.991721
vt 0.613835 0.988165
vt 0.635725 0.994072
vt 0.632533 0.989195
vt 0.644223 0.983536
vt 0.638750 0.981532
vt 0.644854 0.970053
vt 0.639268 0.971669
vt 0.637480 0.958808
vt 0.633890 0.963368
vt 0.624946 0.954015
vt 0.624658 0.959808
vt 0.611984 0.957453
vt 0.615092 0.962349
vt 0.603448 0.967843
vt 0.608834 0.970042
vt 0.602536 0.981548
vt 0.608284 0.979956
vt 0.638750 0.981532
vt 0.223917 0.932574
vt 0.232999 0.932574
vt 0.233000 0.920753
vt 0.223917 0.920753
vt 0.242220 0.932574
vt 0.242221 0.920753
vt 0.251160 0.932574
vt 0.251160 0.920753
vt 0.260035 0.932574
vt 0.260035 0.920753
vt 0.268544 0.932574
vt 0.268544 0.920753
vt 0.277163 0.932574
vt 0.277163 0.920753
vt 0.207906 0.932574
vt 0.215683 0.932574
vt 0.215684 0.920753
vt 0.207906 0.920753
vt 0.515161 0.920274
vt 0.508480 0.920274
vt 0.513159 0.935389
vt 0.482685 0.920274
vt 0.482685 0.935389
vt 0.277163 0.910653
vt 0.268544 0.910653
vt 0.260035 0.910653
vt 0.251161 0.910653
vt 0.242220 0.910653
vt 0.233000 0.910653
vt 0.223918 0.910653
vt 0.215683 0.910653
vt 0.207906 0.910653
vt 0.843661 0.831557
vt 0.819500 0.827674
vt 0.819713 0.842626
vt 0.843172 0.844352
vt 0.843172 0.844352
vt 0.819713 0.842626
vt 0.821588 0.854563
vt 0.841518 0.857027
vt 0.841518 0.857027
vt 0.821588 0.854563
vt 0.820635 0.869631
vt 0.838933 0.868515
vt 0.743085 0.844945
vt 0.745467 0.860837
vt 0.760808 0.858542
vt 0.758528 0.842570
vt 0.783801 0.855202
vt 0.760808 0.858542
vt 0.763696 0.873734
vt 0.786416 0.871830
vt 0.782820 0.842597
vt 0.783786 0.825691
vt 0.759320 0.826753
vt 0.758528 0.842570
vt 0.783801 0.855202
vt 0.782820 0.842597
vt 0.758528 0.842570
vt 0.760808 0.858542
vt 0.802566 0.854047
vt 0.803938 0.869997
vt 0.801575 0.826974
vt 0.800737 0.842863
vt 0.800737 0.842863
vt 0.802566 0.854047
vt 0.542787 0.946218
vt 0.536571 0.965426
vt 0.545739 0.965419
vt 0.550219 0.951608
vt 0.542788 0.984598
vt 0.550215 0.979216
vt 0.559123 0.996488
vt 0.561961 0.987757
vt 0.579316 0.996466
vt 0.576476 0.987751
vt 0.595626 0.984618
vt 0.588215 0.979224
vt 0.601901 0.965425
vt 0.592711 0.965417
vt 0.595647 0.946198
vt 0.588222 0.951603
vt 0.579308 0.934361
vt 0.576475 0.943077
vt 0.559139 0.934348
vt 0.561967 0.943074
vt 0.797692 0.676526
vt 0.772294 0.670822
vt 0.772294 0.670822
vt 0.795301 0.685331
vt 0.772017 0.680774
vt 0.542787 0.946218
vt 0.536571 0.965426
vt 0.545739 0.965419
vt 0.550219 0.951608
vt 0.542788 0.984598
vt 0.550215 0.979216
vt 0.559123 0.996488
vt 0.561961 0.987757
vt 0.579316 0.996466
vt 0.576476 0.987751
vt 0.595626 0.984618
vt 0.588215 0.979224
vt 0.601901 0.965425
vt 0.592711 0.965417
vt 0.595647 0.946198
vt 0.588222 0.951603
vt 0.579308 0.934361
vt 0.576475 0.943077
vt 0.559139 0.934348
vt 0.561967 0.943074
vt 0.795301 0.685331
vt 0.792431 0.659122
vt 0.843661 0.831557
vt 0.819500 0.827674
vt 0.819713 0.842626
vt 0.843172 0.844352
vt 0.843172 0.844352
vt 0.819713 0.842626
vt 0.821588 0.854563
vt 0.841518 0.857027
vt 0.841518 0.857027
vt 0.821588 0.854563
vt 0.820635 0.869631
vt 0.838933 0.868515
vt 0.783801 0.855202
vt 0.760808 0.858542
vt 0.763696 0.873734
vt 0.786416 0.871830
vt 0.782819 0.842597
vt 0.783786 0.825691
vt 0.759320 0.826753
vt 0.758528 0.842570
vt 0.783801 0.855202
vt 0.782819 0.842597
vt 0.758528 0.842570
vt 0.760808 0.858542
vt 0.802566 0.854047
vt 0.803938 0.869997
vt 0.801575 0.826974
vt 0.800737 0.842863
vt 0.800737 0.842863
vt 0.802566 0.854047
vt 0.224206 0.989148
vt 0.238950 0.989148
vt 0.238950 0.961720
vt 0.224206 0.961720
vt 0.255949 0.989148
vt 0.255949 0.961720
vt 0.272788 0.989148
vt 0.272788 0.961720
vt 0.288974 0.989148
vt 0.288974 0.961720
vt 0.306463 0.989148
vt 0.306463 0.961720
vt 0.323231 0.989148
vt 0.323231 0.961720
vt 0.339239 0.989148
vt 0.339239 0.961720
vt 0.355049 0.989148
vt 0.355049 0.961720
vt 0.368223 0.989148
vt 0.368223 0.961720
vt 0.207121 0.989148
vt 0.207121 0.961720
vt 0.207395 0.958377
vt 0.221277 0.958377
vt 0.221277 0.940272
vt 0.207395 0.940272
vt 0.236980 0.958377
vt 0.236980 0.940272
vt 0.252534 0.958377
vt 0.252534 0.940272
vt 0.267492 0.958377
vt 0.267492 0.940272
vt 0.282960 0.958377
vt 0.282960 0.940272
vt 0.297506 0.958377
vt 0.297506 0.940272
vt 0.312107 0.958377
vt 0.312107 0.940272
vt 0.326609 0.958377
vt 0.326609 0.940272
vt 0.340477 0.958377
vt 0.340477 0.940272
vt 0.353511 0.958377
vt 0.353511 0.940272
vt 0.244109 0.761706
vt 0.254564 0.761442
vt 0.254755 0.752994
vt 0.243283 0.752660
vt 0.265432 0.762039
vt 0.265848 0.753583
vt 0.276282 0.763408
vt 0.277002 0.753908
vt 0.286803 0.765604
vt 0.288526 0.754549
vt 0.296804 0.768765
vt 0.300125 0.756467
vt 0.286803 0.765604
vt 0.288526 0.754549
vt 0.276282 0.763408
vt 0.277002 0.753908
vt 0.265432 0.762039
vt 0.265848 0.753583
vt 0.254564 0.761442
vt 0.254755 0.752994
vt 0.246936 0.782374
vt 0.254690 0.781015
vt 0.262737 0.781821
vt 0.270448 0.784814
vt 0.277369 0.789342
vt 0.283527 0.794494
vt 0.277369 0.789342
vt 0.270448 0.784814
vt 0.262737 0.781821
vt 0.254690 0.781015
vt 0.248280 0.806800
vt 0.253085 0.805996
vt 0.257812 0.806614
vt 0.262222 0.808685
vt 0.266210 0.811780
vt 0.269832 0.815302
vt 0.266210 0.811780
vt 0.262222 0.808685
vt 0.257812 0.806614
vt 0.253085 0.805996
vt 0.795787 0.887974
vt 0.795787 0.887974
vt 0.792508 0.888345
vt 0.799010 0.924296
vt 0.814208 0.917624
vt 0.792508 0.888345
vt 0.789242 0.887569
vt 0.782798 0.925228
vt 0.799010 0.924296
vt 0.786081 0.886458
vt 0.783049 0.885021
vt 0.755406 0.909143
vt 0.767554 0.919929
vt 0.783049 0.885021
vt 0.780759 0.882646
vt 0.747574 0.894536
vt 0.755406 0.909143
vt 0.224206 0.989148
vt 0.238950 0.989148
vt 0.238950 0.961720
vt 0.224206 0.961720
vt 0.255949 0.989148
vt 0.255949 0.961720
vt 0.272788 0.989148
vt 0.272788 0.961720
vt 0.288974 0.989148
vt 0.288974 0.961720
vt 0.306463 0.989148
vt 0.306463 0.961720
vt 0.323231 0.989148
vt 0.323231 0.961720
vt 0.339239 0.989148
vt 0.339239 0.961720
vt 0.355049 0.989148
vt 0.355049 0.961720
vt 0.368223 0.989148
vt 0.368223 0.961720
vt 0.207121 0.989148
vt 0.207121 0.961720
vt 0.421130 0.976369
vt 0.207395 0.958377
vt 0.221277 0.958377
vt 0.221277 0.940272
vt 0.207395 0.940272
vt 0.236980 0.958377
vt 0.236980 0.940272
vt 0.252534 0.958377
vt 0.252534 0.940272
vt 0.267492 0.958377
vt 0.267492 0.940272
vt 0.282960 0.958377
vt 0.282960 0.940272
vt 0.297506 0.958377
vt 0.297506 0.940272
vt 0.312107 0.958377
vt 0.312107 0.940272
vt 0.326609 0.958377
vt 0.326609 0.940272
vt 0.340477 0.958377
vt 0.340477 0.940272
vt 0.353511 0.958377
vt 0.353511 0.940272
vt 0.244109 0.761706
vt 0.254564 0.761442
vt 0.254755 0.752994
vt 0.243283 0.752660
vt 0.265432 0.762039
vt 0.265848 0.753583
vt 0.276282 0.763408
vt 0.277002 0.753908
vt 0.286803 0.765604
vt 0.288526 0.754549
vt 0.296804 0.768765
vt 0.300125 0.756467
vt 0.286803 0.765604
vt 0.288526 0.754549
vt 0.276282 0.763408
vt 0.277002 0.753908
vt 0.265432 0.762039
vt 0.265848 0.753583
vt 0.254564 0.761442
vt 0.254755 0.752994
vt 0.246936 0.782374
vt 0.254690 0.781015
vt 0.262737 0.781821
vt 0.270448 0.784814
vt 0.277369 0.789342
vt 0.283527 0.794494
vt 0.277369 0.789342
vt 0.270448 0.784814
vt 0.262737 0.781821
vt 0.254690 0.781015
vt 0.248280 0.806800
vt 0.253085 0.805996
vt 0.257812 0.806614
vt 0.262222 0.808685
vt 0.266210 0.811780
vt 0.269832 0.815302
vt 0.266210 0.811780
vt 0.262222 0.808685
vt 0.257812 0.806614
vt 0.253085 0.805996
vt 0.795787 0.887974
vt 0.792508 0.888345
vt 0.799010 0.924296
vt 0.814208 0.917624
vt 0.792508 0.888345
vt 0.789242 0.887569
vt 0.782798 0.925228
vt 0.799010 0.924296
vt 0.786081 0.886458
vt 0.783049 0.885021
vt 0.755406 0.909143
vt 0.767554 0.919929
vt 0.783049 0.885021
vt 0.780759 0.882646
vt 0.747574 0.894536
vt 0.755406 0.909143
vt 0.174377 0.138546
vt 0.207891 0.172147
vt 0.207779 0.158104
vt 0.181977 0.172356
vt 0.433241 0.397430
vt 0.456386 0.397430
vt 0.456386 0.347763
vt 0.433241 0.347763
vt 0.325524 0.397430
vt 0.351838 0.397430
vt 0.351838 0.347763
vt 0.325524 0.347763
vt 0.371053 0.397430
vt 0.371053 0.347763
vt 0.390364 0.397430
vt 0.390364 0.347763
vt 0.412002 0.397430
vt 0.412002 0.347763
vt 0.433587 0.254843
vt 0.445877 0.254833
vt 0.445709 0.192432
vt 0.434165 0.192550
vt 0.422955 0.254845
vt 0.424181 0.192806
vt 0.410655 0.254588
vt 0.412743 0.193408
vt 0.390056 0.254089
vt 0.391217 0.194966
vt 0.458216 0.255010
vt 0.468927 0.254922
vt 0.467250 0.192560
vt 0.457255 0.192394
vt 0.456386 0.347763
vt 0.444716 0.005849
vt 0.427037 0.006031
vt 0.411726 0.006585
vt 0.394088 0.008055
vt 0.371787 0.010630
vt 0.478706 0.193054
vt 0.500278 0.194393
vt 0.517699 0.009834
vt 0.495369 0.007501
vt 0.477713 0.006223
vt 0.462396 0.005837
vt 0.390363 0.397430
vt 0.390363 0.347763
vt 0.371053 0.347763
vt 0.371053 0.397430
vt 0.505253 0.397430
vt 0.505253 0.347763
vt 0.478889 0.347763
vt 0.478889 0.397430
vt 0.456386 0.347763
vt 0.456386 0.397430
vt 0.433241 0.347763
vt 0.433241 0.397430
vt 0.412002 0.347763
vt 0.412002 0.397430
vt 0.458216 0.255011
vt 0.457255 0.192394
vt 0.445709 0.192432
vt 0.445877 0.254833
vt 0.468927 0.254922
vt 0.467249 0.192560
vt 0.481304 0.254550
vt 0.478706 0.193054
vt 0.502013 0.253817
vt 0.500278 0.194392
vt 0.410655 0.254588
vt 0.412743 0.193408
vt 0.391217 0.194966
vt 0.390056 0.254089
vt 0.422955 0.254845
vt 0.424181 0.192806
vt 0.433587 0.254843
vt 0.434165 0.192550
vt 0.371053 0.347763
vt 0.351838 0.334431
vt 0.351838 0.347763
vt 0.325523 0.334431
vt 0.325523 0.347763
vt 0.505253 0.347763
vt 0.505253 0.334431
vt 0.462396 0.005837
vt 0.444716 0.005849
vt 0.477713 0.006223
vt 0.495369 0.007501
vt 0.517699 0.009835
vt 0.394088 0.008055
vt 0.371787 0.010630
vt 0.411726 0.006585
vt 0.427037 0.006031
vt 0.573963 0.010867
vt 0.517699 0.009835
vt 0.500278 0.194392
vt 0.546586 0.196227
vt 0.546586 0.196228
vt 0.502013 0.253817
vt 0.546788 0.255153
vt 0.559262 0.348354
vt 0.559262 0.334313
vt 0.505244 0.334437
vt 0.505244 0.347769
vt 0.433234 0.397436
vt 0.456379 0.397436
vt 0.456379 0.347769
vt 0.433234 0.347769
vt 0.478881 0.397436
vt 0.478881 0.347769
vt 0.505244 0.397436
vt 0.505244 0.347769
vt 0.325517 0.397436
vt 0.351830 0.397436
vt 0.351830 0.347769
vt 0.325517 0.347769
vt 0.371046 0.397436
vt 0.371046 0.347769
vt 0.390356 0.397436
vt 0.390356 0.347769
vt 0.411994 0.397436
vt 0.411994 0.347769
vt 0.433579 0.254849
vt 0.445870 0.254839
vt 0.445702 0.192438
vt 0.434159 0.192556
vt 0.422947 0.254850
vt 0.424174 0.192811
vt 0.410648 0.254593
vt 0.412736 0.193413
vt 0.390049 0.254094
vt 0.391210 0.194972
vt 0.481297 0.254555
vt 0.502006 0.253823
vt 0.500270 0.194399
vt 0.478698 0.193060
vt 0.468920 0.254927
vt 0.467242 0.192566
vt 0.458209 0.255016
vt 0.457247 0.192400
vt 0.456379 0.347769
vt 0.478881 0.334437
vt 0.478881 0.347769
vt 0.505244 0.334437
vt 0.505244 0.347769
vt 0.444709 0.005856
vt 0.427029 0.006038
vt 0.411720 0.006592
vt 0.394081 0.008062
vt 0.371780 0.010637
vt 0.517692 0.009840
vt 0.495361 0.007508
vt 0.477706 0.006230
vt 0.462389 0.005844
vt 0.573080 0.111794
vt 0.617867 0.111794
vt 0.617853 0.089806
vt 0.573071 0.089806
vt 0.623897 0.111794
vt 0.647030 0.111794
vt 0.647029 0.089806
vt 0.623887 0.089806
vt 0.670910 0.111794
vt 0.670920 0.089806
vt 0.623897 0.111794
vt 0.623887 0.089806
vt 0.616463 0.083451
vt 0.573144 0.083451
vt 0.624826 0.083451
vt 0.647085 0.083451
vt 0.624826 0.083451
vt 0.669990 0.083451
vt 0.573159 0.118205
vt 0.616489 0.118205
vt 0.647086 0.118205
vt 0.669977 0.118205
vt 0.624841 0.118205
vt 0.624841 0.118205
vt 0.573080 0.111794
vt 0.617867 0.111794
vt 0.617853 0.089806
vt 0.573071 0.089806
vt 0.721801 0.089806
vt 0.678175 0.089806
vt 0.678162 0.111794
vt 0.721792 0.111794
vt 0.623897 0.111794
vt 0.647030 0.111794
vt 0.647029 0.089806
vt 0.623887 0.089806
vt 0.670910 0.111794
vt 0.670920 0.089806
vt 0.670920 0.089806
vt 0.670910 0.111794
vt 0.623897 0.111794
vt 0.623887 0.089806
vt 0.616463 0.083451
vt 0.573144 0.083451
vt 0.721708 0.083451
vt 0.679462 0.083451
vt 0.624826 0.083451
vt 0.647085 0.083451
vt 0.624826 0.083451
vt 0.669990 0.083451
vt 0.669990 0.083451
vt 0.573159 0.118205
vt 0.616489 0.118205
vt 0.679434 0.118205
vt 0.721693 0.118205
vt 0.669977 0.118205
vt 0.647086 0.118205
vt 0.669977 0.118205
vt 0.624841 0.118205
vt 0.624841 0.118205
vt 0.715725 0.056066
vt 0.715723 0.032352
vt 0.682043 0.032352
vt 0.682041 0.056066
vt 0.715726 0.078252
vt 0.682040 0.078251
vt 0.710043 0.029956
vt 0.687722 0.029957
vt 0.687718 0.080599
vt 0.710048 0.080599
vt 0.573080 0.111794
vt 0.573071 0.089806
vt 0.617853 0.089806
vt 0.617867 0.111794
vt 0.623897 0.111794
vt 0.623887 0.089806
vt 0.647029 0.089806
vt 0.647030 0.111794
vt 0.670920 0.089806
vt 0.670910 0.111794
vt 0.623887 0.089806
vt 0.623897 0.111794
vt 0.573144 0.083451
vt 0.616463 0.083451
vt 0.624826 0.083451
vt 0.624826 0.083451
vt 0.647085 0.083451
vt 0.669990 0.083451
vt 0.616489 0.118205
vt 0.573159 0.118205
vt 0.669977 0.118205
vt 0.647086 0.118205
vt 0.624841 0.118205
vt 0.624841 0.118205
vt 0.715724 0.056066
vt 0.682041 0.056066
vt 0.682043 0.032353
vt 0.715722 0.032353
vt 0.715725 0.078251
vt 0.682040 0.078251
vt 0.710043 0.029957
vt 0.687723 0.029957
vt 0.710048 0.080599
vt 0.687718 0.080599
vt 0.213034 0.197378
vt 0.202559 0.197150
vt 0.202544 0.207042
vt 0.213019 0.206849
vt 0.186358 0.196200
vt 0.186344 0.207939
vt 0.180225 0.157496
vt 0.168351 0.158737
vt 0.169209 0.175931
vt 0.179621 0.174454
vt 0.181754 0.189784
vt 0.187389 0.183595
vt 0.203120 0.194920
vt 0.202461 0.187693
vt 0.180231 0.157515
vt 0.179629 0.174456
vt 0.169227 0.175931
vt 0.168368 0.158755
vt 0.187388 0.183587
vt 0.181758 0.189769
vt 0.202444 0.187681
vt 0.203102 0.194901
vt 0.144716 0.126890
vt 0.143601 0.143303
vt 0.153187 0.143957
vt 0.155341 0.127980
vt 0.166833 0.147117
vt 0.167453 0.130088
vt 0.156468 0.130088
vt 0.157086 0.147117
vt 0.143677 0.162180
vt 0.151780 0.162337
vt 0.166138 0.159930
vt 0.157899 0.159930
vt 0.145001 0.185061
vt 0.150461 0.185078
vt 0.164736 0.176598
vt 0.157603 0.176598
vt 0.028546 0.972752
vt 0.085950 0.973428
vt 0.086440 0.919348
vt 0.029073 0.919083
vt 0.166909 0.908600
vt 0.166909 0.944868
vt 0.201591 0.944868
vt 0.201591 0.908600
vt 0.144381 0.973663
vt 0.144866 0.920019
vt 0.166909 0.981830
vt 0.201591 0.981830
vt 0.213034 0.197378
vt 0.202559 0.197150
vt 0.202544 0.207042
vt 0.213019 0.206849
vt 0.186358 0.196200
vt 0.186344 0.207939
vt 0.180225 0.157496
vt 0.168351 0.158737
vt 0.169209 0.175931
vt 0.179621 0.174454
vt 0.181754 0.189784
vt 0.187389 0.183595
vt 0.203120 0.194920
vt 0.202461 0.187693
vt 0.180231 0.157515
vt 0.179629 0.174456
vt 0.169227 0.175931
vt 0.168368 0.158754
vt 0.187388 0.183587
vt 0.181758 0.189769
vt 0.202444 0.187681
vt 0.203102 0.194901
vt 0.144716 0.126890
vt 0.143601 0.143303
vt 0.153187 0.143957
vt 0.155341 0.127980
vt 0.166833 0.147117
vt 0.167453 0.130088
vt 0.156468 0.130088
vt 0.157086 0.147117
vt 0.143677 0.162180
vt 0.151778 0.162337
vt 0.166138 0.159930
vt 0.157900 0.159930
vt 0.145001 0.185061
vt 0.150461 0.185078
vt 0.164736 0.176598
vt 0.157603 0.176598
vt 0.222181 0.184952
vt 0.222181 0.184952
vt 0.213034 0.197378
vt 0.202559 0.197150
vt 0.202544 0.207042
vt 0.213019 0.206849
vt 0.186358 0.196200
vt 0.186344 0.207939
vt 0.180231 0.157515
vt 0.168368 0.158755
vt 0.169227 0.175931
vt 0.179629 0.174456
vt 0.181758 0.189769
vt 0.187388 0.183587
vt 0.203102 0.194901
vt 0.202444 0.187681
vt 0.180231 0.157515
vt 0.179629 0.174456
vt 0.169227 0.175931
vt 0.168368 0.158755
vt 0.187388 0.183587
vt 0.181758 0.189769
vt 0.202444 0.187681
vt 0.203102 0.194901
vt 0.144716 0.126890
vt 0.143601 0.143303
vt 0.153187 0.143957
vt 0.155341 0.127980
vt 0.166833 0.147117
vt 0.167453 0.130088
vt 0.156468 0.130088
vt 0.157086 0.147117
vt 0.143677 0.162180
vt 0.151778 0.162337
vt 0.166138 0.159930
vt 0.157900 0.159930
vt 0.145001 0.185061
vt 0.150461 0.185078
vt 0.164736 0.176598
vt 0.157603 0.176598
vt 0.028546 0.972752
vt 0.085950 0.973428
vt 0.086440 0.919348
vt 0.029073 0.919083
vt 0.166909 0.908600
vt 0.166909 0.944868
vt 0.201591 0.944868
vt 0.201591 0.908600
vt 0.144381 0.973663
vt 0.144866 0.920019
vt 0.166909 0.981830
vt 0.201591 0.981830
vt 0.222181 0.184952
vt 0.222181 0.184952
vt 0.213034 0.197378
vt 0.202559 0.197150
vt 0.202544 0.207042
vt 0.213019 0.206849
vt 0.223974 0.196470
vt 0.213034 0.197378
vt 0.213019 0.206849
vt 0.223956 0.207798
vt 0.186358 0.196200
vt 0.186344 0.207939
vt 0.180231 0.157515
vt 0.168368 0.158755
vt 0.169227 0.175931
vt 0.179629 0.174456
vt 0.181758 0.189769
vt 0.187388 0.183587
vt 0.203102 0.194901
vt 0.202444 0.187681
vt 0.180231 0.157515
vt 0.179629 0.174456
vt 0.169227 0.175931
vt 0.168368 0.158755
vt 0.187388 0.183587
vt 0.181758 0.189769
vt 0.202444 0.187681
vt 0.203102 0.194901
vt 0.144716 0.126890
vt 0.143601 0.143303
vt 0.153187 0.143957
vt 0.155341 0.127980
vt 0.166833 0.147117
vt 0.167453 0.130088
vt 0.156468 0.130088
vt 0.157086 0.147117
vt 0.143677 0.162180
vt 0.151778 0.162337
vt 0.166138 0.159930
vt 0.157900 0.159930
vt 0.145001 0.185061
vt 0.150461 0.185078
vt 0.164736 0.176598
vt 0.157603 0.176598
vt 0.890755 0.733858
vt 0.898922 0.733858
vt 0.898869 0.702745
vt 0.891741 0.702745
vt 0.907283 0.733858
vt 0.906193 0.702745
vt 0.915853 0.733858
vt 0.913663 0.702745
vt 0.924218 0.733858
vt 0.920871 0.702745
vt 0.932056 0.733858
vt 0.927442 0.702745
vt 0.849772 0.733858
vt 0.857324 0.733858
vt 0.862545 0.702745
vt 0.856201 0.702745
vt 0.865355 0.733858
vt 0.869515 0.702745
vt 0.873860 0.733858
vt 0.876967 0.702745
vt 0.882431 0.733858
vt 0.884482 0.702745
vt 0.877212 0.695801
vt 0.869967 0.695801
vt 0.863093 0.695801
vt 0.855827 0.695801
vt 0.927610 0.695801
vt 0.919918 0.695801
vt 0.912946 0.695801
vt 0.906382 0.695801
vt 0.899676 0.695801
vt 0.892485 0.695801
vt 0.884848 0.695801
vt 0.890755 0.733859
vt 0.898921 0.733859
vt 0.898869 0.702746
vt 0.891741 0.702746
vt 0.907283 0.733859
vt 0.906193 0.702746
vt 0.915852 0.733859
vt 0.913663 0.702746
vt 0.924219 0.733859
vt 0.920872 0.702746
vt 0.932056 0.733859
vt 0.927442 0.702746
vt 0.849772 0.733859
vt 0.857325 0.733859
vt 0.862545 0.702746
vt 0.856201 0.702746
vt 0.865356 0.733859
vt 0.869515 0.702746
vt 0.873860 0.733859
vt 0.876967 0.702746
vt 0.882430 0.733859
vt 0.884482 0.702746
vt 0.877212 0.695802
vt 0.869967 0.695802
vt 0.863093 0.695802
vt 0.855827 0.695802
vt 0.927610 0.695802
vt 0.919918 0.695802
vt 0.912946 0.695802
vt 0.906382 0.695802
vt 0.899675 0.695802
vt 0.892485 0.695802
vt 0.884849 0.695802
vt 0.447248 0.915094
vt 0.532627 0.915094
vt 0.533533 0.849959
vt 0.448154 0.849959
vt 0.447248 0.915094
vt 0.692740 0.609015
vt 0.717206 0.609015
vt 0.717206 0.593044
vt 0.692740 0.593044
vt 0.742813 0.609015
vt 0.742813 0.593044
vt 0.765585 0.609015
vt 0.765585 0.593044
vt 0.790694 0.609015
vt 0.790694 0.593044
vt 0.814694 0.609015
vt 0.814694 0.593044
vt 0.842015 0.609015
vt 0.842015 0.593044
vt 0.867997 0.609015
vt 0.867997 0.593044
vt 0.893928 0.609015
vt 0.893928 0.593044
vt 0.918320 0.609015
vt 0.918320 0.593044
vt 0.939929 0.609015
vt 0.939929 0.593044
vt 0.692740 0.557075
vt 0.717206 0.557075
vt 0.717206 0.549366
vt 0.692740 0.549445
vt 0.742813 0.557075
vt 0.742813 0.549430
vt 0.765585 0.557075
vt 0.765585 0.549427
vt 0.790694 0.557075
vt 0.790694 0.549449
vt 0.814694 0.557075
vt 0.814694 0.549420
vt 0.842015 0.557075
vt 0.842015 0.549403
vt 0.867997 0.557075
vt 0.867997 0.549417
vt 0.893928 0.557075
vt 0.893928 0.549408
vt 0.918320 0.557075
vt 0.918320 0.549438
vt 0.939929 0.557075
vt 0.939929 0.549388
vt 0.692740 0.549445
vt 0.717206 0.549366
vt 0.717206 0.539500
vt 0.692740 0.539500
vt 0.742813 0.549430
vt 0.742813 0.539500
vt 0.765585 0.549427
vt 0.765585 0.539500
vt 0.790694 0.549449
vt 0.790694 0.539500
vt 0.790694 0.549449
vt 0.814694 0.549420
vt 0.814694 0.539500
vt 0.790694 0.539500
vt 0.842015 0.549403
vt 0.842015 0.539500
vt 0.867997 0.549417
vt 0.867997 0.539500
vt 0.893928 0.549408
vt 0.893928 0.539500
vt 0.918320 0.549438
vt 0.918320 0.539500
vt 0.939929 0.549388
vt 0.939929 0.539500
vt 0.867997 0.575341
vt 0.893928 0.575341
vt 0.893928 0.557075
vt 0.867997 0.557075
vt 0.842015 0.575341
vt 0.842015 0.557075
vt 0.814694 0.575341
vt 0.814694 0.557075
vt 0.790694 0.575341
vt 0.790694 0.557075
vt 0.765585 0.575341
vt 0.765585 0.557075
vt 0.742813 0.575341
vt 0.742813 0.557075
vt 0.717206 0.575341
vt 0.717206 0.557075
vt 0.692740 0.575341
vt 0.692740 0.557075
vt 0.918320 0.575341
vt 0.939929 0.575341
vt 0.939929 0.557075
vt 0.918320 0.557075
vt 0.692520 0.407616
vt 0.692520 0.438477
vt 0.725542 0.438477
vt 0.725542 0.407616
vt 0.725542 0.502057
vt 0.725542 0.470710
vt 0.692520 0.470710
vt 0.692520 0.502057
vt 0.692520 0.438477
vt 0.692520 0.453555
vt 0.725542 0.453555
vt 0.725542 0.438477
vt 0.692520 0.518117
vt 0.692520 0.533770
vt 0.725542 0.533770
vt 0.725542 0.518117
vt 0.729861 0.438477
vt 0.729861 0.407616
vt 0.729861 0.453555
vt 0.729861 0.438477
vt 0.729861 0.502057
vt 0.729861 0.470710
vt 0.729861 0.533770
vt 0.729861 0.518117
vt 0.725542 0.502057
vt 0.729861 0.502057
vt 0.692520 0.502057
vt 0.692520 0.470710
vt 0.725542 0.470710
vt 0.729861 0.470710
vt 0.939885 0.344344
vt 0.939386 0.324138
vt 0.899998 0.325679
vt 0.900142 0.343649
vt 0.939386 0.324138
vt 0.941715 0.371086
vt 0.868319 0.324892
vt 0.868660 0.345654
vt 0.844879 0.325713
vt 0.845249 0.345712
vt 0.939885 0.344344
vt 0.939386 0.324138
vt 0.899998 0.325679
vt 0.900142 0.343649
vt 0.940809 0.297498
vt 0.939386 0.324138
vt 0.900832 0.373884
vt 0.941715 0.371086
vt 0.939885 0.344344
vt 0.868319 0.324892
vt 0.868660 0.345654
vt 0.844879 0.325713
vt 0.845249 0.345712
vt 0.692520 0.407616
vt 0.692520 0.438477
vt 0.725542 0.438477
vt 0.725542 0.407616
vt 0.725542 0.502057
vt 0.725542 0.470710
vt 0.692520 0.470710
vt 0.692520 0.502057
vt 0.692520 0.438477
vt 0.692520 0.453555
vt 0.725542 0.453555
vt 0.725542 0.438477
vt 0.692520 0.518117
vt 0.692520 0.533770
vt 0.725542 0.533770
vt 0.725542 0.518117
vt 0.729861 0.438477
vt 0.729861 0.407616
vt 0.729861 0.453555
vt 0.729861 0.438477
vt 0.729861 0.502057
vt 0.729861 0.470710
vt 0.729861 0.533770
vt 0.729861 0.518117
vt 0.725542 0.502057
vt 0.729861 0.502057
vt 0.692520 0.502057
vt 0.692520 0.470710
vt 0.725542 0.470710
vt 0.729861 0.470710
vt 0.939885 0.344344
vt 0.939386 0.324138
vt 0.899998 0.325679
vt 0.900142 0.343649
vt 0.941715 0.371086
vt 0.868319 0.324892
vt 0.868660 0.345654
vt 0.843504 0.298977
vt 0.844879 0.325713
vt 0.844879 0.325713
vt 0.845249 0.345712
vt 0.844917 0.372430
vt 0.845249 0.345712
vt 0.692520 0.407616
vt 0.692520 0.438477
vt 0.725542 0.438477
vt 0.725542 0.407616
vt 0.725542 0.502057
vt 0.725542 0.470710
vt 0.692520 0.470710
vt 0.692520 0.502057
vt 0.692520 0.438477
vt 0.692520 0.453555
vt 0.725542 0.453555
vt 0.725542 0.438477
vt 0.692520 0.518117
vt 0.692520 0.533770
vt 0.725542 0.533770
vt 0.725542 0.518117
vt 0.729861 0.438477
vt 0.729861 0.407616
vt 0.729861 0.453555
vt 0.729861 0.438477
vt 0.729861 0.502057
vt 0.729861 0.470710
vt 0.729861 0.533770
vt 0.729861 0.518117
vt 0.725542 0.502057
vt 0.729861 0.502057
vt 0.692520 0.502057
vt 0.692520 0.470710
vt 0.725542 0.470710
vt 0.729861 0.470710
vt 0.939885 0.344344
vt 0.939386 0.324138
vt 0.899998 0.325679
vt 0.900142 0.343649
vt 0.868319 0.324892
vt 0.868660 0.345654
vt 0.844879 0.325713
vt 0.845249 0.345712
vt 0.692520 0.407616
vt 0.692520 0.438477
vt 0.725542 0.438477
vt 0.725542 0.407616
vt 0.725542 0.502057
vt 0.725542 0.470710
vt 0.692520 0.470710
vt 0.692520 0.502057
vt 0.692520 0.438477
vt 0.692520 0.453555
vt 0.725542 0.453555
vt 0.725542 0.438477
vt 0.692520 0.518117
vt 0.692520 0.533770
vt 0.725542 0.533770
vt 0.725542 0.518117
vt 0.729861 0.438477
vt 0.729861 0.407616
vt 0.729861 0.453555
vt 0.729861 0.438477
vt 0.729861 0.502057
vt 0.729861 0.470710
vt 0.729861 0.533770
vt 0.729861 0.518117
vt 0.725542 0.502057
vt 0.729861 0.502057
vt 0.692520 0.502057
vt 0.692520 0.470710
vt 0.725542 0.470710
vt 0.729861 0.470710
vt 0.734306 0.534676
vt 0.783426 0.534676
vt 0.783469 0.485554
vt 0.734878 0.485438
vt 0.832497 0.535082
vt 0.832123 0.485559
vt 0.783453 0.436543
vt 0.734464 0.436118
vt 0.832472 0.436098
vt 0.872792 0.613786
vt 0.853734 0.612237
vt 0.853944 0.628134
vt 0.870679 0.629661
vt 0.835799 0.613290
vt 0.838282 0.628773
vt 0.967861 0.746371
vt 0.969147 0.727937
vt 0.954108 0.728889
vt 0.952982 0.745012
vt 0.967303 0.710321
vt 0.952588 0.713255
vt 0.962781 0.693028
vt 0.948703 0.697853
vt 0.955664 0.677432
vt 0.942633 0.684041
vt 0.946876 0.660263
vt 0.935073 0.669134
vt 0.935251 0.646255
vt 0.924899 0.657066
vt 0.921006 0.634921
vt 0.912418 0.647359
vt 0.904397 0.625334
vt 0.897971 0.639224
vt 0.889902 0.617976
vt 0.885409 0.633104
vt 0.901593 0.655573
vt 0.912975 0.663108
vt 0.912975 0.663108
vt 0.922153 0.673181
vt 0.922153 0.673181
vt 0.928680 0.686158
vt 0.933454 0.698178
vt 0.933454 0.698178
vt 0.936531 0.711408
vt 0.937902 0.724912
vt 0.937902 0.724912
vt 0.937623 0.739175
vt 0.835075 0.645702
vt 0.848902 0.644436
vt 0.863596 0.644341
vt 0.876775 0.645744
vt 0.876775 0.645744
vt 0.888347 0.649729
vt 0.962965 0.664735
vt 0.912697 0.478665
vt 0.886088 0.455685
vt 0.908393 0.456087
vt 0.905257 0.438109
vt 0.894941 0.438976
vt 0.887521 0.462014
vt 0.884886 0.480072
vt 0.907170 0.479053
vt 0.897857 0.462595
vt 0.957304 0.454633
vt 0.913207 0.453729
vt 0.886088 0.455685
vt 0.908393 0.456087
vt 0.905257 0.438109
vt 0.894941 0.438976
vt 0.887521 0.462014
vt 0.884886 0.480072
vt 0.907170 0.479053
vt 0.897857 0.462595
vt 0.847207 0.533353
vt 0.855382 0.534309
vt 0.855548 0.527683
vt 0.848043 0.526833
vt 0.855382 0.534309
vt 0.862861 0.534750
vt 0.862763 0.528041
vt 0.855548 0.527683
vt 0.862861 0.534750
vt 0.870463 0.534212
vt 0.870024 0.527636
vt 0.862763 0.528041
vt 0.870463 0.534212
vt 0.878425 0.532921
vt 0.877410 0.526607
vt 0.870024 0.527636
vt 0.878425 0.532921
vt 0.886229 0.530982
vt 0.884225 0.525367
vt 0.877410 0.526607
vt 0.838944 0.531680
vt 0.847207 0.533353
vt 0.848043 0.526833
vt 0.840988 0.525864
vt 0.852208 0.453817
vt 0.953388 0.382203
vt 0.962381 0.379198
vt 0.953391 0.379190
vt 0.953388 0.382203
vt 0.962377 0.382209
vt 0.953390 0.413333
vt 0.962382 0.413326
vt 0.962378 0.409832
vt 0.953389 0.409837
vt 0.917809 0.379193
vt 0.908728 0.379195
vt 0.908728 0.382209
vt 0.917808 0.382206
vt 0.908738 0.413338
vt 0.917814 0.413327
vt 0.917813 0.409832
vt 0.908733 0.409840
vt 0.926085 0.379194
vt 0.926084 0.382207
vt 0.926086 0.413331
vt 0.926087 0.409835
vt 0.934492 0.379190
vt 0.934492 0.382204
vt 0.934492 0.413330
vt 0.934492 0.409835
vt 0.943951 0.379193
vt 0.943949 0.382205
vt 0.943950 0.413327
vt 0.943950 0.409833
vt 0.868850 0.504464
vt 0.875480 0.503975
vt 0.874188 0.479446
vt 0.868089 0.479673
vt 0.862513 0.504601
vt 0.868850 0.504464
vt 0.868089 0.479673
vt 0.862369 0.479702
vt 0.856262 0.504404
vt 0.862513 0.504601
vt 0.862369 0.479702
vt 0.856737 0.479596
vt 0.849604 0.504006
vt 0.856262 0.504404
vt 0.856737 0.479596
vt 0.850631 0.479418
vt 0.843080 0.503581
vt 0.849604 0.504006
vt 0.850631 0.479418
vt 0.844681 0.479216
vt 0.875480 0.503975
vt 0.881858 0.503313
vt 0.880025 0.479065
vt 0.874188 0.479446
vt 0.873834 0.461243
vt 0.867888 0.461225
vt 0.867888 0.461225
vt 0.862304 0.461148
vt 0.862304 0.461148
vt 0.856808 0.461156
vt 0.856808 0.461156
vt 0.850857 0.461215
vt 0.850857 0.461215
vt 0.845260 0.461190
vt 0.879332 0.461065
vt 0.873834 0.461243
vt 0.869830 0.402958
vt 0.889269 0.401140
vt 0.887019 0.394049
vt 0.865905 0.392227
vt 0.838928 0.405387
vt 0.852082 0.404251
vt 0.850252 0.386839
vt 0.838249 0.383533
vt 0.842487 0.424429
vt 0.855934 0.421234
vt 0.874402 0.417067
vt 0.892210 0.410176
vt 0.860312 0.451857
vt 0.868700 0.443409
vt 0.879060 0.431597
vt 0.896100 0.422242
vt 0.869830 0.402958
vt 0.865905 0.392227
vt 0.887019 0.394049
vt 0.889269 0.401140
vt 0.838928 0.405387
vt 0.838249 0.383533
vt 0.850252 0.386839
vt 0.852082 0.404251
vt 0.842487 0.424429
vt 0.855934 0.421234
vt 0.874402 0.417068
vt 0.892210 0.410176
vt 0.860312 0.451857
vt 0.868700 0.443409
vt 0.879060 0.431597
vt 0.896100 0.422242
vt 0.888298 0.385681
vt 0.868699 0.380390
vt 0.865905 0.392227
vt 0.887019 0.394049
vt 0.886975 0.440720
vt 0.900786 0.429337
vt 0.896100 0.422242
vt 0.879060 0.431597
vt 0.633364 0.720187
vt 0.638579 0.720186
vt 0.638579 0.712444
vt 0.633364 0.712444
vt 0.644023 0.720186
vt 0.644023 0.712444
vt 0.649218 0.720186
vt 0.649218 0.712444
vt 0.654439 0.720187
vt 0.654439 0.712444
vt 0.659886 0.720187
vt 0.659886 0.712444
vt 0.664767 0.720187
vt 0.664767 0.712444
vt 0.669811 0.720187
vt 0.669811 0.712444
vt 0.674133 0.720187
vt 0.674133 0.712444
vt 0.678858 0.720187
vt 0.678858 0.712444
vt 0.628491 0.720187
vt 0.628491 0.712444
vt 0.792183 0.720849
vt 0.787280 0.722822
vt 0.792578 0.733394
vt 0.798474 0.732060
vt 0.781962 0.724601
vt 0.783205 0.735394
vt 0.776964 0.725977
vt 0.777420 0.736479
vt 0.772509 0.726942
vt 0.772195 0.738293
vt 0.768639 0.727374
vt 0.767334 0.739780
vt 0.765173 0.727165
vt 0.762744 0.740196
vt 0.761857 0.726292
vt 0.758332 0.739158
vt 0.758568 0.724783
vt 0.754157 0.736648
vt 0.755269 0.722753
vt 0.750471 0.733127
vt 0.796793 0.718681
vt 0.804814 0.731182
vt 0.784474 0.708630
vt 0.781942 0.710985
vt 0.778738 0.712706
vt 0.775456 0.713462
vt 0.772572 0.713380
vt 0.770099 0.712831
vt 0.767818 0.712139
vt 0.765544 0.711481
vt 0.763215 0.710934
vt 0.760759 0.710454
vt 0.786309 0.706096
vt 0.778292 0.701635
vt 0.777305 0.703052
vt 0.775945 0.704020
vt 0.774335 0.704328
vt 0.772685 0.704039
vt 0.771079 0.703415
vt 0.769474 0.702737
vt 0.767834 0.702192
vt 0.766168 0.701851
vt 0.764476 0.701658
vt 0.779008 0.700064
vt 0.755121 0.691118
vt 0.754541 0.691970
vt 0.765745 0.698617
vt 0.767342 0.693549
vt 0.751732 0.687455
vt 0.752680 0.687988
vt 0.757282 0.675638
vt 0.751968 0.674424
vt 0.753539 0.688588
vt 0.754373 0.689200
vt 0.764915 0.683031
vt 0.761753 0.678759
vt 0.754373 0.689200
vt 0.755030 0.690070
vt 0.766882 0.688114
vt 0.764915 0.683031
vt 0.848080 0.649470
vt 0.633364 0.720187
vt 0.633364 0.712444
vt 0.638579 0.712444
vt 0.638579 0.720186
vt 0.644023 0.712444
vt 0.644023 0.720186
vt 0.649218 0.712444
vt 0.649218 0.720186
vt 0.654439 0.712444
vt 0.654439 0.720187
vt 0.659886 0.712444
vt 0.659886 0.720187
vt 0.664767 0.712444
vt 0.664767 0.720187
vt 0.669811 0.712444
vt 0.669811 0.720187
vt 0.674133 0.712444
vt 0.674133 0.720187
vt 0.678858 0.712444
vt 0.678858 0.720187
vt 0.628491 0.720187
vt 0.628491 0.712444
vt 0.752426 0.669395
vt 0.792183 0.720849
vt 0.798474 0.732060
vt 0.792578 0.733394
vt 0.787280 0.722822
vt 0.783205 0.735394
vt 0.781962 0.724601
vt 0.777420 0.736479
vt 0.776964 0.725977
vt 0.772195 0.738293
vt 0.772509 0.726942
vt 0.767334 0.739780
vt 0.768639 0.727374
vt 0.762744 0.740196
vt 0.765173 0.727165
vt 0.758332 0.739158
vt 0.761857 0.726292
vt 0.754157 0.736648
vt 0.758568 0.724783
vt 0.750471 0.733127
vt 0.755269 0.722753
vt 0.796793 0.718681
vt 0.804814 0.731182
vt 0.781942 0.710985
vt 0.784474 0.708630
vt 0.778738 0.712706
vt 0.775456 0.713462
vt 0.772572 0.713380
vt 0.770099 0.712831
vt 0.767818 0.712139
vt 0.765544 0.711481
vt 0.763215 0.710934
vt 0.760759 0.710454
vt 0.786309 0.706096
vt 0.777305 0.703052
vt 0.778292 0.701635
vt 0.775945 0.704020
vt 0.774335 0.704328
vt 0.772685 0.704039
vt 0.771079 0.703415
vt 0.769474 0.702737
vt 0.767834 0.702192
vt 0.766168 0.701851
vt 0.764476 0.701658
vt 0.779008 0.700064
vt 0.755121 0.691118
vt 0.767342 0.693549
vt 0.765745 0.698617
vt 0.754541 0.691970
vt 0.751732 0.687455
vt 0.751968 0.674424
vt 0.757282 0.675638
vt 0.752680 0.687988
vt 0.753539 0.688588
vt 0.761753 0.678759
vt 0.764915 0.683031
vt 0.754373 0.689200
vt 0.754373 0.689200
vt 0.764915 0.683031
vt 0.766882 0.688114
vt 0.755030 0.690070
vt 0.853693 0.205576
vt 0.853693 0.205576
vn -1.0000 0.0000 0.0000
vn 0.0000 -0.0000 1.0000
vn -0.0000 -0.0312 0.9995
vn -0.0000 -0.0313 0.9995
vn 0.0000 0.0000 -1.0000
vn 0.0000 -1.0000 0.0000
vn 0.0000 1.0000 0.0000
vn -0.1158 0.3512 0.9291
vn -0.1158 0.3511 0.9291
vn -0.1518 -0.3370 0.9292
vn -0.1518 -0.3371 0.9292
vn 0.1874 -0.2767 0.9425
vn 0.8790 0.4768 0.0001
vn -0.8737 -0.4864 0.0000
vn 0.8737 0.4864 0.0001
vn 0.0000 0.5023 -0.8647
vn 0.0000 0.9998 0.0211
vn 0.0000 -0.9997 0.0225
vn 0.0000 0.9939 0.1103
vn 0.0000 -0.7995 -0.6007
vn 0.0000 -0.4391 0.8985
vn 0.0000 -0.4390 0.8985
vn 0.8795 0.4671 -0.0905
vn -0.8795 0.4671 -0.0904
vn 0.0000 0.8265 0.5629
vn 0.0000 -0.9022 0.4314
vn 0.8660 -0.4941 -0.0765
vn 0.4871 -0.4155 -0.7682
vn -0.4871 -0.4155 -0.7682
vn -0.8660 -0.4941 -0.0765
vn -0.4694 -0.6707 0.5743
vn -0.4693 -0.6708 0.5743
vn 0.4693 -0.6707 0.5743
vn 0.0000 -0.9882 -0.1531
vn -0.0000 -0.8389 -0.5443
vn 0.0000 -0.8388 -0.5445
vn 0.0001 0.9879 0.1552
vn -0.0001 0.9879 0.1551
vn -0.0001 -0.8388 -0.5444
vn -0.0000 0.9879 0.1550
vn -0.0000 0.9879 0.1551
vn 0.0000 -0.8388 -0.5444
vn 0.0001 0.9879 0.1550
vn 0.0002 0.9879 0.1552
vn 0.0001 -0.8388 -0.5444
vn 0.0000 0.9879 0.1552
vn -0.9428 0.3296 0.0510
vn -0.5173 0.5403 -0.6637
vn -0.5172 0.5404 -0.6637
vn 0.5173 0.5404 -0.6636
vn 0.5172 0.5403 -0.6637
vn 0.9428 0.3296 0.0510
vn 0.5444 0.1924 0.8164
vn -0.5444 0.1924 0.8165
vn 0.0000 0.9111 0.4121
vn -0.9998 0.0213 0.0000
vn 0.9999 0.0129 0.0000
vn -0.9992 -0.0390 0.0002
vn -0.9992 -0.0393 0.0000
vn 0.9949 0.1007 0.0000
vn 0.0000 -0.3127 0.9498
vn 0.0000 -0.1355 -0.9908
vn 0.0000 0.9987 0.0515
vn 0.0000 -0.1600 0.9871
vn 0.0000 -0.0502 -0.9987
vn -0.0000 -0.9965 0.0837
vn 0.0000 0.9971 0.0755
vn 0.1977 0.1115 0.9739
vn 0.1314 0.1329 -0.9824
vn 0.0000 -0.0157 0.9999
vn 0.0000 -0.0360 -0.9994
vn 0.1977 -0.1115 0.9739
vn 0.1314 -0.1329 -0.9824
vn 1.0000 -0.0000 0.0000
vn 0.0000 -0.7313 -0.6821
vn 0.0000 0.7094 -0.7049
vn 0.0000 -0.9890 0.1477
vn 0.0000 0.7313 -0.6821
vn 0.0000 -0.7094 -0.7049
vn 0.0000 0.9890 0.1477
vn 0.0000 0.3673 0.9301
vn 0.0000 0.9980 0.0638
vn 0.0000 -0.9769 0.2137
vn 0.0000 -0.9769 0.2138
vn 0.0000 0.6862 0.7274
vn 0.0000 0.6596 -0.7516
vn 0.0000 -0.6454 0.7638
vn 0.0000 -0.1771 0.9842
vn 0.0000 0.9869 0.1613
vn 0.0000 -0.4954 -0.8686
vn 0.0000 -0.8983 0.4393
vn -0.9837 -0.0191 0.1787
vn -0.1589 0.5349 -0.8299
vn -0.1487 -0.4938 -0.8568
vn -0.1488 -0.4938 -0.8568
vn -0.0127 -0.9887 -0.1492
vn -0.0339 0.9938 -0.1063
vn 0.4991 0.8280 0.2554
vn 0.4992 0.8280 0.2553
vn -0.3675 0.9184 0.1464
vn -0.3676 0.9184 0.1464
vn 0.9471 -0.3130 0.0707
vn 0.7533 0.6349 -0.1714
vn -0.1856 0.9303 -0.3164
vn -0.7443 -0.6675 0.0215
vn 0.1976 -0.9659 0.1676
vn -0.0717 0.2009 0.9770
vn -0.0718 0.2009 0.9770
vn -0.9786 0.2056 0.0000
vn -0.1850 0.0389 0.9820
vn 0.9786 -0.2056 0.0000
vn -0.1784 -0.9839 0.0000
vn 0.1785 0.9839 0.0000
vn -0.1785 -0.9839 0.0000
vn 0.0052 0.0289 0.9996
vn 0.0050 0.0277 -0.9996
vn -0.9662 0.2031 -0.1586
vn -0.9662 0.2030 -0.1586
vn 0.9662 -0.2030 -0.1586
vn 0.1737 0.9577 0.2293
vn -0.1737 -0.9577 0.2293
vn 0.0124 -0.0026 -0.9999
vn -0.3573 0.9340 0.0000
vn -0.0271 0.0911 0.9955
vn -0.0272 0.0911 0.9955
vn 0.9995 0.0317 0.0000
vn 0.9995 0.0316 0.0000
vn -0.1685 0.9857 0.0045
vn 0.1685 -0.9857 0.0045
vn 0.1685 -0.9857 0.0044
vn 0.8086 0.0029 -0.5884
vn -0.8390 -0.0031 0.5442
vn -0.1465 0.9892 0.0034
vn 0.1465 -0.9892 0.0034
vn -0.8044 -0.0378 -0.5929
vn 0.8351 0.0392 0.5487
vn -0.1693 0.9855 0.0044
vn -0.1693 0.9856 0.0044
vn 0.1693 -0.9855 0.0044
vn 0.8088 0.0014 -0.5881
vn -0.8391 -0.0015 0.5440
vn -0.1510 0.9885 0.0033
vn 0.1510 -0.9885 0.0033
vn -0.8052 -0.0315 -0.5921
vn 0.8359 0.0327 0.5479
vn 0.8567 -0.4633 0.2268
vn 0.4744 0.8774 -0.0718
vn -0.8781 0.4749 -0.0584
vn -0.4619 -0.8541 0.2392
vn 0.4433 0.8653 0.2338
vn 0.4433 0.8654 0.2338
vn -0.8871 0.4544 -0.0812
vn -0.4549 -0.8881 -0.0659
vn 0.8622 -0.4417 0.2479
vn -0.5181 -0.8205 0.2414
vn -0.5181 -0.8206 0.2413
vn 0.8433 -0.5324 -0.0730
vn 0.5324 0.8432 -0.0741
vn -0.8208 0.5182 0.2404
vn -0.8552 0.4648 0.2292
vn -0.8552 0.4648 0.2293
vn -0.4764 -0.8765 -0.0692
vn 0.8770 -0.4766 -0.0610
vn 0.4639 0.8536 0.2368
vn 0.8433 -0.5325 -0.0730
vn 0.5325 0.8432 -0.0741
vn -0.8207 0.5182 0.2404
vn 0.4433 0.8653 0.2339
vn 0.8622 -0.4418 0.2479
vn 0.8567 -0.4633 0.2269
vn 0.8567 -0.4632 0.2268
vn 0.4745 0.8773 -0.0718
vn -0.8552 0.4647 0.2293
vn 0.4639 0.8536 0.2369
vn 0.4638 0.8537 0.2368
vn -0.9998 0.0184 0.0000
vn 0.9997 -0.0244 0.0000
vn -0.8216 0.4341 0.3695
vn 0.4420 -0.2335 -0.8661
vn -0.7821 0.4131 -0.4666
vn -0.7822 0.4136 -0.4660
vn -0.7820 0.4132 -0.4666
vn 0.6136 -0.3242 0.7200
vn 0.6136 -0.3242 0.7199
vn 0.6137 -0.3242 0.7199
vn -0.8519 -0.3712 0.3695
vn -0.8519 -0.3711 0.3695
vn 0.4583 0.1997 -0.8661
vn -0.8109 -0.3533 -0.4666
vn -0.8109 -0.3532 -0.4665
vn -0.8110 -0.3533 -0.4664
vn 0.6363 0.2772 0.7199
vn 0.0000 -1.0000 0.0022
vn -0.9996 -0.0000 0.0274
vn -0.9960 0.0000 -0.0897
vn -0.9994 -0.0000 0.0332
vn -0.9941 0.0000 -0.1085
vn -0.1156 0.3511 0.9292
vn -0.1518 -0.3369 0.9292
vn 0.0000 0.0855 0.9963
vn -0.0000 0.0854 0.9963
vn 0.0000 0.9971 0.0767
vn -0.0000 -0.0854 0.9963
vn 0.0000 -0.0855 0.9963
vn 0.0000 0.9935 -0.1139
vn -0.0000 -0.9971 0.0767
vn 0.0000 0.0016 1.0000
vn -0.0144 0.9999 0.0000
vn 0.0144 -0.9999 0.0000
vn -1.0000 0.0084 0.0000
vn 1.0000 -0.0084 0.0000
vn 0.9998 -0.0174 -0.0000
vn -0.9998 0.0174 0.0000
vn -0.0757 0.0167 0.9970
vn -0.0493 -0.0699 0.9963
vn -0.8316 0.5473 0.0948
vn 0.1299 0.0154 -0.9914
vn 0.6744 -0.5072 0.5367
vn 0.6744 -0.5072 0.5366
vn -0.0782 -0.0548 0.9954
vn 0.8055 0.5607 0.1918
vn -0.0016 -0.0008 -1.0000
vn -0.7312 -0.5092 0.4539
vn 0.2787 -0.5816 0.7642
vn 0.2787 -0.5817 0.7642
vn -0.3272 0.7801 -0.5333
vn -0.2838 -0.8393 -0.4638
vn 0.6729 -0.5082 -0.5374
vn 0.6730 -0.5082 -0.5375
vn 0.9873 0.1494 0.0546
vn 0.9874 0.1488 0.0546
vn 0.4541 0.4942 0.7413
vn 0.4541 0.4941 0.7413
vn -0.5432 0.1466 0.8267
vn -0.5431 0.1466 0.8268
vn -0.8446 -0.5020 0.1860
vn -0.8447 -0.5020 0.1860
vn -0.3806 -0.6847 -0.6215
vn 0.6261 -0.3363 -0.7035
vn 0.9317 0.3541 -0.0812
vn 0.9317 0.3541 -0.0811
vn 0.3602 0.7241 0.5882
vn -0.6403 0.3780 0.6687
vn -0.6404 0.3780 0.6686
vn -0.9484 -0.3127 0.0530
vn -0.9484 -0.3127 0.0529
vn -0.1122 0.9462 0.3035
vn -0.1123 0.9462 0.3035
vn 0.1700 -0.9854 0.0125
vn 0.1703 -0.9853 0.0125
vn -0.3963 0.7641 0.5089
vn -0.3968 0.7641 0.5086
vn -0.2516 -0.6470 0.7198
vn -0.2517 -0.6468 0.7199
vn -0.2520 -0.6467 0.7199
vn -0.2513 -0.6473 0.7196
vn 0.3760 0.3489 -0.8584
vn 0.3760 0.3488 -0.8585
vn -0.1122 -0.9462 0.3035
vn -0.1123 -0.9462 0.3035
vn -0.1122 -0.9462 0.3036
vn 0.1703 0.9853 0.0125
vn 0.1700 0.9854 0.0125
vn -0.3968 -0.7641 0.5086
vn -0.3967 -0.7641 0.5087
vn -0.2518 0.6468 0.7198
vn -0.2521 0.6467 0.7199
vn 0.3761 -0.3487 -0.8585
vn 0.3760 -0.3489 -0.8584
vn 0.3760 -0.3488 -0.8585
vn -0.8663 -0.4992 -0.0163
vn -0.8663 -0.4992 -0.0162
vn 0.8662 0.4995 0.0170
vn 0.8661 0.4995 0.0173
vn 0.3015 0.9535 0.0004
vn -0.3012 -0.9535 0.0004
vn -0.3012 -0.9536 0.0003
vn -0.3012 -0.9536 0.0004
vn -0.3011 -0.9536 0.0007
vn 0.8790 0.4767 0.0001
vn 0.8790 0.4769 0.0002
vn -0.8789 -0.4769 0.0002
vn -0.8790 -0.4769 0.0002
vn -0.8790 -0.4768 0.0003
vn -0.8738 -0.4863 0.0002
vn -0.8738 -0.4863 0.0001
vn -0.8737 -0.4865 0.0002
vn -0.8738 -0.4864 0.0001
vn 0.8737 0.4864 0.0002
vn 0.8738 0.4862 0.0005
vn -0.9841 0.0593 0.1672
vn -0.9824 -0.0571 0.1781
vn -0.9943 -0.0547 -0.0919
vn -0.9964 0.0764 0.0380
vn -0.9772 0.1685 -0.1295
vn -0.9831 -0.0913 0.1589
vn 0.9841 0.0593 0.1672
vn 0.9943 -0.0547 -0.0919
vn 0.9824 -0.0571 0.1781
vn 0.9964 0.0764 0.0380
vn 0.9831 -0.0913 0.1589
vn 0.9772 0.1685 -0.1295
vn 0.0000 -0.9470 0.3213
vn 0.0000 -0.7844 0.6203
vn -0.0000 -0.6962 0.7178
vn 0.0000 -0.2168 0.9762
vn 0.0000 -0.2167 0.9762
vn 0.9499 -0.1380 0.2804
vn 0.9973 0.0469 -0.0573
vn 0.9941 0.1069 -0.0187
vn -0.9946 -0.0267 -0.1000
vn -0.9953 -0.0931 0.0250
vn -0.9961 -0.0557 0.0682
vn -0.0451 0.2785 0.9594
vn -0.2417 0.1261 0.9621
vn -0.0589 0.2586 0.9642
vn 0.0087 0.0460 0.9989
vn -0.1041 -0.2125 0.9716
vn -0.0200 -0.4052 0.9140
vn -0.2910 0.0917 0.9523
vn 0.1146 0.3518 0.9290
vn 0.1430 0.2643 0.9538
vn 0.2620 0.0978 0.9601
vn -0.1033 0.3962 0.9124
vn 0.0390 -0.1970 0.9796
vn 0.2531 0.0060 0.9674
vn 0.0419 -0.3900 0.9199
vn 0.1322 0.9901 0.0475
vn 0.1430 0.9884 0.0508
vn 0.1987 0.9778 0.0671
vn 0.1303 -0.9915 0.0014
vn 0.2358 -0.9710 0.0396
vn 0.1336 -0.9910 0.0078
vn 0.1439 -0.9885 0.0457
vn 0.0904 -0.9954 0.0310
vn 0.1494 -0.9880 0.0389
vn 0.1357 0.9863 0.0939
vn 0.1548 0.9826 0.1023
vn 0.1206 0.9895 0.0798
vn 0.0857 -0.9956 -0.0384
vn 0.0293 -0.9983 -0.0513
vn 0.1034 -0.9946 -0.0118
vn 0.0844 0.9963 -0.0157
vn 0.1137 0.9927 0.0412
vn 0.0626 0.9979 -0.0194
vn -0.0822 -0.9948 -0.0596
vn -0.1126 -0.9936 0.0002
vn -0.0586 -0.9963 -0.0626
vn -0.0852 0.9964 0.0016
vn -0.0256 0.9996 -0.0082
vn -0.1035 0.9942 0.0305
vn -0.1367 -0.9894 0.0500
vn -0.1565 -0.9860 0.0571
vn -0.1205 -0.9921 0.0360
vn -0.1472 0.9854 0.0860
vn -0.0923 0.9931 0.0722
vn -0.1524 0.9852 0.0789
vn -0.1315 -0.9913 0.0032
vn -0.1425 -0.9898 0.0065
vn -0.1984 -0.9799 0.0227
vn -0.1317 0.9904 0.0424
vn -0.2362 0.9686 0.0778
vn -0.1355 0.9896 0.0486
vn -0.8346 0.2470 0.4924
vn -0.9128 0.2285 0.3385
vn -0.9331 0.2765 0.2299
vn -0.9260 0.0621 0.3724
vn -0.9202 0.0493 0.3883
vn -0.9310 0.0498 0.3617
vn -0.9186 0.0643 0.3900
vn -0.9163 -0.0102 0.4004
vn -0.9233 -0.0285 0.3831
vn -0.9275 0.0462 0.3710
vn -0.9267 0.0420 0.3734
vn -0.9433 0.0353 0.3301
vn -0.9273 0.0792 0.3659
vn -0.9415 -0.0156 0.3366
vn -0.9618 -0.0078 0.2737
vn -0.9334 0.1077 0.3423
vn -0.9313 0.0522 0.3604
vn 0.8045 -0.1726 0.5684
vn 0.4386 -0.3886 0.8103
vn 0.3240 -0.8087 -0.4909
vn -0.0181 -0.5740 0.8187
vn -0.4393 -0.6766 0.5909
vn -0.7027 -0.6823 0.2017
vn -0.7383 -0.6491 0.1834
vn -0.6231 -0.4500 -0.6398
vn -0.5772 -0.4712 -0.6669
vn -0.1887 -0.2810 -0.9410
vn 0.2980 -0.0851 -0.9508
vn 0.7203 0.0516 -0.6918
vn 0.9577 0.0810 -0.2762
vn 0.9850 -0.0001 0.1723
vn 0.1605 -0.2148 0.9634
vn 0.0533 -0.1481 0.9875
vn 0.0507 -0.1976 0.9790
vn 0.0114 -0.1715 0.9851
vn -0.0521 0.2105 0.9762
vn 0.0031 0.2026 0.9793
vn -0.0284 0.2161 0.9760
vn 0.0297 0.2710 0.9621
vn -0.0217 -0.2143 0.9765
vn -0.0827 0.2383 0.9677
vn -0.0840 -0.4214 0.9030
vn 0.0230 -0.3547 0.9347
vn -0.0238 -0.3287 0.9441
vn 0.0737 -0.2919 0.9536
vn 0.1440 -0.4006 0.9049
vn -0.0481 0.1554 0.9867
vn -0.0451 0.1944 0.9799
vn -0.0887 0.2015 0.9755
vn -0.0204 0.1867 0.9822
vn -0.0024 0.2253 0.9743
vn 0.1567 -0.4098 0.8986
vn 0.0694 -0.3065 0.9493
vn -0.0318 -0.2945 0.9551
vn -0.0686 -0.2259 0.9717
vn -0.1068 0.2116 0.9715
vn -0.0448 0.2217 0.9741
vn -0.0733 0.2230 0.9721
vn -0.0400 0.2567 0.9657
vn -0.2229 -0.3830 0.8965
vn -0.1662 0.2734 0.9474
vn 0.6066 -0.3608 -0.7084
vn 0.0917 -0.4273 -0.8994
vn 0.3482 0.1038 -0.9317
vn 0.7927 0.1483 -0.5913
vn 0.4650 0.5882 -0.6617
vn -0.0452 0.5271 -0.8486
vn -0.2383 0.0227 -0.9709
vn -0.3100 -0.6341 0.7084
vn 0.1573 -0.4078 0.8994
vn -0.3482 -0.1038 0.9317
vn 0.1870 0.1496 0.9709
vn -0.2507 0.4658 0.8486
vn -0.7112 0.2376 0.6616
vn -0.7445 -0.3100 0.5913
vn 0.1870 -0.8652 -0.4652
vn 0.0364 -0.5438 -0.8384
vn 0.5696 -0.5065 -0.6473
vn 0.6274 -0.7547 -0.1919
vn 0.9061 -0.3029 -0.2952
vn 0.7577 0.0206 -0.6523
vn 0.3266 -0.0830 -0.9415
vn -0.9092 0.1689 0.3806
vn -0.6445 -0.0432 0.7633
vn -0.5696 0.5066 0.6473
vn -0.1975 0.2072 0.9582
vn -0.0381 0.6735 0.7382
vn -0.3076 0.8788 0.3649
vn -0.7461 0.6412 0.1795
vn -0.8420 0.5204 0.1425
vn -0.9844 -0.1297 0.1189
vn -0.9425 -0.2329 0.2398
vn -0.5203 -0.8420 0.1424
vn 0.1296 -0.9844 0.1189
vn 0.2329 -0.9425 0.2398
vn 0.9591 0.2822 0.0239
vn 0.9844 0.1299 0.1189
vn 0.0553 0.9985 0.0005
vn 0.0597 -0.3556 0.9327
vn 0.2460 -0.2419 0.9386
vn -0.0666 -0.0334 0.9972
vn 0.3294 -0.0526 0.9427
vn 0.2956 0.1452 0.9442
vn 0.1597 0.2926 0.9428
vn -0.0410 0.3422 0.9387
vn -0.2445 0.2644 0.9329
vn -0.3675 0.0698 0.9274
vn -0.3410 -0.1674 0.9250
vn -0.1697 -0.3337 0.9273
vn 0.3151 -0.1753 0.9327
vn 0.3425 0.0412 0.9386
vn -0.0154 -0.0729 0.9972
vn 0.2466 0.2246 0.9427
vn 0.0710 0.3215 0.9442
vn -0.1290 0.3074 0.9428
vn -0.2930 0.1815 0.9387
vn -0.3591 -0.0261 0.9329
vn -0.2838 -0.2436 0.9274
vn -0.0820 -0.3709 0.9250
vn 0.1548 -0.3409 0.9273
vn 0.1751 -0.1164 0.9776
vn 0.1868 -0.0049 0.9824
vn -0.0091 -0.0520 0.9986
vn 0.1296 0.0978 0.9867
vn 0.0228 0.1473 0.9888
vn -0.0877 0.1274 0.9880
vn -0.1720 0.0425 0.9842
vn -0.1879 -0.0784 0.9791
vn -0.1303 -0.1817 0.9747
vn -0.0229 -0.2315 0.9726
vn 0.0965 -0.2068 0.9736
vn -0.3381 0.9397 -0.0515
vn -0.8662 -0.4994 -0.0173
vn -0.8661 -0.4995 -0.0181
vn -0.8663 -0.4993 -0.0169
vn 0.8663 0.4993 0.0160
vn 0.8663 0.4993 0.0162
vn 0.8664 0.4992 0.0151
vn 0.3013 0.9535 -0.0007
vn 0.3011 0.9536 -0.0015
vn 0.3014 0.9535 -0.0003
vn -0.3015 -0.9535 -0.0007
vn -0.3014 -0.9535 -0.0004
vn -0.3016 -0.9534 -0.0015
vn 0.0000 -0.4367 -0.8996
vn -0.0028 -1.0000 -0.0013
vn -0.0022 -1.0000 0.0000
vn -0.0087 -0.9986 -0.0531
vn -0.0114 -0.9986 -0.0515
vn -0.0150 0.0011 0.9999
vn -0.0357 0.0027 0.9994
vn -0.0261 0.0020 0.9997
vn -0.1265 0.0097 -0.9919
vn -0.0562 0.0043 -0.9984
vn -0.0676 0.0052 -0.9977
vn 0.0118 -0.0010 0.9999
vn -0.0175 0.0013 0.9998
vn 0.0194 -0.0015 -0.9998
vn -0.0068 0.0005 -1.0000
vn 0.0127 -0.9994 -0.0337
vn 0.0117 -0.9997 -0.0207
vn 0.0534 -0.0042 0.9986
vn 0.0528 -0.0040 0.9986
vn 0.0517 -0.0044 0.9987
vn 0.0516 -0.0045 0.9987
vn 0.0362 -0.0028 -0.9993
vn 0.1181 -0.0104 -0.9929
vn 0.1181 -0.0104 -0.9930
vn 0.0734 -0.0057 -0.9973
vn 0.0137 -0.9999 0.0083
vn 0.0200 -0.9998 0.0000
vn 0.0199 -0.9998 0.0002
vn 0.0130 -0.9998 0.0171
vn 0.1116 0.0000 0.9937
vn 0.0613 0.0000 0.9981
vn -0.0100 -0.0000 1.0000
vn -0.1116 0.0000 -0.9937
vn 0.0062 -0.0000 -1.0000
vn -0.0532 0.0000 -0.9986
vn -0.0290 0.0000 0.9996
vn 0.0194 0.0000 0.9998
vn -0.0237 0.0000 -0.9997
vn 0.0324 0.0000 -0.9995
vn -0.0039 0.0000 1.0000
vn -0.0655 -0.0000 0.9979
vn 0.0582 -0.0000 -0.9983
vn 0.0059 0.0000 -1.0000
vn -0.1055 0.0000 0.9944
vn 0.1055 0.0000 -0.9944
vn 0.8632 -0.3146 -0.3949
vn 0.8715 -0.3076 -0.3819
vn 0.8695 -0.3093 -0.3851
vn 0.8610 -0.3164 -0.3983
vn 0.8431 0.5345 -0.0590
vn 0.8381 0.5437 -0.0451
vn 0.8394 0.5413 -0.0487
vn 0.8445 0.5319 -0.0629
vn -0.8441 0.5334 -0.0549
vn -0.8335 0.5494 -0.0593
vn -0.8370 0.5442 -0.0579
vn -0.8469 0.5290 -0.0538
vn -0.8640 -0.3167 -0.3913
vn -0.8692 -0.2989 -0.3939
vn -0.8676 -0.3044 -0.3931
vn -0.8627 -0.3212 -0.3906
vn -0.9350 -0.0970 -0.3410
vn -0.9453 -0.0977 -0.3113
vn -0.9485 0.0734 -0.3080
vn -0.9463 0.0439 -0.3203
vn -0.9547 0.1986 -0.2218
vn -0.9439 0.2788 -0.1769
vn -0.9226 0.3765 -0.0845
vn -0.9332 0.3387 -0.1199
vn -0.9562 0.1643 -0.2422
vn -0.9600 0.1275 -0.2494
vn -0.9863 0.0617 -0.1531
vn -0.9835 -0.0884 0.1577
vn -0.9273 -0.1380 -0.3480
vn -0.9348 -0.1302 -0.3306
vn -0.9155 0.4019 -0.0199
vn -0.9092 0.4146 -0.0377
vn -0.9184 0.2259 0.3249
vn 0.9351 -0.0969 -0.3409
vn 0.9463 0.0438 -0.3202
vn 0.9486 0.0734 -0.3080
vn 0.9453 -0.0976 -0.3112
vn 0.9547 0.1985 -0.2217
vn 0.9333 0.3386 -0.1199
vn 0.9226 0.3764 -0.0844
vn 0.9440 0.2787 -0.1768
vn 0.9600 0.1274 -0.2494
vn 0.9562 0.1643 -0.2421
vn 0.9863 0.0617 -0.1531
vn 0.9835 -0.0884 0.1576
vn 0.9348 -0.1302 -0.3305
vn 0.9273 -0.1380 -0.3479
vn 0.9092 0.4146 -0.0377
vn 0.9155 0.4018 -0.0199
vn 0.9184 0.2259 0.3249
vn 0.0000 -0.9244 0.3815
vn 0.0000 -0.9780 -0.2086
vn 0.0000 -0.9872 0.1592
vn -0.0000 -0.6977 0.7164
vn 0.0000 -0.8077 0.5895
vn -0.5186 -0.6446 0.5618
vn -0.5122 -0.6492 0.5623
vn -0.4500 -0.7376 0.5034
vn -0.4285 -0.7516 0.5015
vn -0.9850 -0.1617 -0.0606
vn -0.9798 -0.1881 -0.0678
vn -0.9399 -0.3324 -0.0783
vn -0.9276 -0.3691 -0.0580
vn -0.5667 0.2628 -0.7809
vn -0.5641 0.2530 -0.7860
vn -0.5668 0.0734 -0.8206
vn -0.5724 0.0664 -0.8173
vn 0.5664 0.2333 -0.7904
vn 0.5643 0.2791 -0.7770
vn 0.5681 0.0856 -0.8185
vn 0.5731 0.0882 -0.8147
vn 0.9744 -0.2135 -0.0705
vn 0.9859 -0.1576 -0.0568
vn 0.9485 -0.3089 -0.0697
vn 0.9517 -0.3034 -0.0477
vn 0.5108 -0.6459 0.5674
vn 0.5148 -0.6607 0.5464
vn 0.4563 -0.7204 0.5223
vn 0.4474 -0.7172 0.5342
vn -0.4370 -0.4052 0.8030
vn -0.3894 -0.4590 0.7985
vn -0.5201 -0.6185 0.5890
vn -0.5481 -0.5957 0.5871
vn -0.9961 0.0835 0.0299
vn -0.9959 -0.0781 -0.0455
vn -0.9684 -0.2193 -0.1186
vn -0.9724 -0.1957 -0.1270
vn -0.3901 0.5854 -0.7107
vn -0.4031 0.4142 -0.8160
vn -0.4709 0.0903 -0.8776
vn -0.5036 0.0493 -0.8626
vn 0.4036 0.5040 -0.7636
vn 0.4053 0.4330 -0.8052
vn 0.4856 0.1468 -0.8618
vn 0.5297 0.1694 -0.8311
vn 0.9994 0.0330 0.0045
vn 0.9994 0.0354 -0.0016
vn 0.9638 -0.2335 -0.1287
vn 0.9585 -0.2391 -0.1552
vn 0.4062 -0.3621 0.8390
vn 0.4116 -0.4332 0.8019
vn 0.5023 -0.6922 0.5182
vn 0.5285 -0.6946 0.4881
vn -0.5736 -0.1157 0.8109
vn -0.5732 -0.1521 0.8051
vn -0.5721 -0.1970 0.7962
vn -0.9983 0.0581 0.0090
vn -1.0000 0.0042 0.0010
vn -0.9987 -0.0501 -0.0078
vn -0.5695 0.2426 -0.7854
vn -0.5730 0.1690 -0.8019
vn -0.5731 0.0824 -0.8153
vn 0.5703 0.2295 -0.7887
vn 0.5726 0.1807 -0.7996
vn 0.5731 0.0824 -0.8154
vn 0.9991 0.0413 0.0063
vn 0.9999 0.0138 0.0027
vn 0.9987 -0.0501 -0.0078
vn 0.5736 -0.1249 0.8096
vn 0.5731 -0.1506 0.8055
vn 0.5721 -0.1970 0.7962
vn -0.9981 0.0615 0.0104
vn -0.9831 0.1808 0.0273
vn -0.9831 0.1808 0.0272
vn -0.9984 0.0553 0.0095
vn -0.5739 0.1566 -0.8038
vn -0.5642 0.2982 -0.7699
vn -0.5556 0.3629 -0.7481
vn -0.5556 0.3628 -0.7481
vn 0.5742 0.1725 -0.8003
vn 0.5659 0.2823 -0.7746
vn 0.5556 0.3629 -0.7481
vn 0.9999 0.0136 0.0035
vn 0.9942 0.1062 0.0164
vn 0.9831 0.1808 0.0272
vn 0.9831 0.1808 0.0273
vn 0.5728 -0.1552 0.8049
vn 0.5708 -0.0329 0.8204
vn 0.5651 0.0468 0.8237
vn -0.5720 -0.1634 0.8038
vn -0.5705 -0.0244 0.8210
vn -0.5652 0.0468 0.8236
vn -0.5652 0.0468 0.8237
vn -0.9991 0.0350 0.0229
vn -0.9991 0.0352 0.0228
vn -0.9998 -0.0183 -0.0089
vn -0.9999 0.0153 0.0064
vn -0.5545 0.5415 -0.6319
vn -0.5539 0.5419 -0.6321
vn -0.5642 0.3527 -0.7465
vn -0.5604 0.4460 -0.6979
vn 0.5544 0.5434 -0.6303
vn 0.5538 0.5435 -0.6308
vn 0.5640 0.3673 -0.7396
vn 0.5619 0.4260 -0.7091
vn 0.9990 0.0373 0.0247
vn 0.9990 0.0374 0.0243
vn 0.9999 -0.0123 -0.0062
vn 1.0000 0.0022 0.0007
vn 0.5572 -0.4666 0.6869
vn 0.5638 -0.3939 0.7259
vn 0.5625 -0.4221 0.7109
vn -0.5570 -0.4666 0.6870
vn -0.5633 -0.4035 0.7210
vn -0.5631 -0.4113 0.7168
vn -0.5572 -0.4666 0.6869
vn -0.9538 0.2886 0.0833
vn -0.9332 0.3551 0.0557
vn -0.4076 0.7379 -0.5379
vn -0.4531 0.7062 -0.5441
vn 0.3937 0.7656 -0.5087
vn 0.4156 0.7729 -0.4795
vn 0.9602 0.2682 0.0775
vn 0.9662 0.2546 0.0400
vn 0.5363 -0.1723 0.8263
vn 0.5724 -0.1900 0.7977
vn -0.5364 -0.1723 0.8262
vn -0.5724 -0.1900 0.7976
vn -0.9927 -0.1127 -0.0423
vn -0.9911 -0.1216 -0.0550
vn -0.5635 0.3484 -0.7490
vn -0.5646 0.3498 -0.7475
vn 0.5635 0.3492 -0.7487
vn 0.5646 0.3470 -0.7488
vn 0.9911 -0.1242 -0.0469
vn 0.9931 -0.1065 -0.0482
vn 0.5261 -0.6100 0.5925
vn 0.5329 -0.6222 0.5735
vn -0.5261 -0.6101 0.5925
vn -0.5329 -0.6222 0.5735
vn 0.5444 0.1925 0.8165
vn -0.5444 0.1925 0.8164
vn -0.3644 0.8356 0.4110
vn -0.4673 0.8467 0.2545
vn -0.4154 0.9001 -0.1311
vn -0.4414 0.8931 -0.0874
vn -0.2214 -0.9745 0.0353
vn -0.2340 -0.9398 -0.2492
vn -0.2054 -0.9371 -0.2822
vn -0.3004 -0.9502 -0.0830
vn -0.4571 0.8450 -0.2775
vn -0.6274 0.7379 -0.2489
vn -0.3323 -0.8847 -0.3271
vn -0.2316 -0.9105 -0.3426
vn 0.5031 0.8219 -0.2671
vn 0.6738 0.6999 -0.2370
vn 0.5042 0.8635 0.0113
vn 0.3817 0.9079 -0.1734
vn 0.2521 -0.9047 -0.3433
vn 0.1950 -0.9334 -0.3013
vn 0.2657 -0.9423 -0.2039
vn 0.3437 -0.8810 -0.3251
vn 0.3782 0.8407 0.3876
vn 0.4266 0.8455 0.3212
vn 0.2564 -0.9664 -0.0175
vn 0.2409 -0.9705 0.0121
vn -0.0884 0.8451 0.5272
vn 0.0650 0.8458 0.5295
vn 0.0368 -0.9926 0.1153
vn -0.0694 -0.9908 0.1164
vn -1.0000 -0.0036 -0.0005
vn -0.9980 0.0613 0.0183
vn -0.5654 0.2723 -0.7786
vn -0.5647 0.3007 -0.7685
vn 0.5652 0.2765 -0.7772
vn 0.5648 0.3002 -0.7687
vn 0.9999 0.0112 0.0034
vn 0.9978 0.0638 0.0191
vn 0.5650 -0.2570 0.7840
vn 0.5634 -0.1441 0.8135
vn -0.5644 -0.2703 0.7800
vn -0.5629 -0.1491 0.8130
vn -0.9982 -0.0593 -0.0064
vn -0.9982 -0.0594 -0.0062
vn -0.5746 0.0960 -0.8128
vn 0.5745 0.0960 -0.8128
vn 0.5746 0.0960 -0.8128
vn 0.9982 -0.0592 -0.0063
vn 0.9982 -0.0592 -0.0062
vn 0.5685 -0.2300 0.7899
vn 0.5684 -0.2300 0.7899
vn -0.5685 -0.2301 0.7898
vn -0.5684 -0.2301 0.7899
vn -0.9978 0.0655 0.0084
vn -0.9980 0.0626 0.0000
vn 0.0048 -0.1171 0.9931
vn 0.0033 -0.0561 0.9984
vn 0.0001 -0.0653 0.9979
vn 0.0000 -0.1241 0.9923
vn 0.9996 -0.0287 -0.0027
vn 0.9996 -0.0297 0.0000
vn 0.0070 0.0953 0.9954
vn -0.0010 0.0756 0.9971
vn 1.0000 0.0046 -0.0082
vn -0.9999 0.0143 0.0058
vn -0.9999 0.0172 0.0000
vn 0.0099 0.1741 0.9847
vn 0.0000 0.1964 0.9805
vn 0.0070 -0.1947 0.9808
vn 0.0195 -0.1797 0.9835
vn -0.0193 -0.2141 0.9766
vn -0.0182 -0.2200 0.9753
vn 0.1079 -0.9942 -0.0000
vn 0.0070 -1.0000 -0.0000
vn -0.0127 0.9999 0.0000
vn 0.0621 0.9981 0.0000
vn 0.0301 0.9995 0.0000
vn -0.0618 0.9981 0.0000
vn -0.1318 -0.9913 -0.0000
vn 0.0006 -0.1772 0.9842
vn 0.0101 -0.1637 0.9865
vn -0.0099 0.1525 0.9882
vn -0.0170 0.1408 0.9899
vn 0.0153 0.1945 0.9808
vn 0.0167 0.1968 0.9803
vn 0.9948 0.1014 -0.0006
vn 0.1198 -0.9928 0.0057
vn 0.0255 -0.9997 0.0057
vn 0.0255 -0.9997 0.0058
vn -0.0109 0.9999 0.0000
vn 0.0791 0.9969 0.0000
vn 0.0373 0.9993 0.0000
vn -0.0047 0.1590 0.9873
vn -0.0087 0.1518 0.9884
vn -0.0570 0.9984 0.0000
vn -0.0775 -0.9970 0.0058
vn -0.9940 -0.0081 0.1091
vn -0.9940 -0.0080 0.1093
vn -0.9993 -0.0023 0.0370
vn -0.9966 -0.0053 0.0825
vn 0.0000 -0.9750 0.2222
vn 0.0000 -1.0000 -0.0077
vn 0.0000 -0.9898 0.1425
vn 0.0000 0.9883 0.1525
vn -0.0000 1.0000 0.0050
vn 0.0000 0.9952 0.0979
vn -1.0000 -0.0000 0.0005
vn 0.0000 0.9975 -0.0712
vn 0.0000 -0.9930 -0.1178
vn 0.0000 -0.9245 -0.3812
vn -0.9895 0.0137 0.1437
vn -0.9886 0.0207 0.1492
vn -0.9997 -0.0019 0.0248
vn -0.9963 -0.0029 0.0861
vn 0.0000 -0.9991 0.0435
vn 0.0000 -0.9937 -0.1119
vn 0.0000 -0.9998 -0.0221
vn -1.0000 -0.0001 0.0009
vn 0.0000 -0.9844 -0.1761
vn 0.0000 0.9934 0.1148
vn 0.0000 0.9336 -0.3583
vn -0.0000 0.9745 -0.2243
vn 0.0000 0.9546 0.2978
vn -0.9769 -0.0149 0.2131
vn -0.9795 -0.0270 0.1995
vn -0.9998 -0.0043 -0.0185
vn -0.9907 -0.0047 0.1359
vn -0.0128 -0.9904 0.1377
vn -0.0193 -0.9893 0.1445
vn 0.0043 -0.9917 -0.1284
vn -0.0049 -0.9982 0.0601
vn -0.0058 0.9973 0.0736
vn -0.0093 0.9976 0.0692
vn 0.0029 0.9956 -0.0941
vn -0.0101 0.9999 -0.0079
vn -0.9877 -0.0093 -0.1564
vn -0.9861 -0.0189 -0.1651
vn -0.0207 0.9697 -0.2433
vn -0.0567 0.9586 -0.2792
vn -0.0174 -0.9801 -0.1977
vn -0.0368 -0.9828 -0.1810
vn 0.0000 -0.9997 0.0231
vn 0.0000 -0.9999 -0.0126
vn 0.0000 -1.0000 0.0045
vn 0.0000 0.9999 0.0163
vn 0.0000 1.0000 -0.0011
vn 0.0000 1.0000 0.0071
vn 0.0000 1.0000 -0.0086
vn 0.0000 -0.9996 -0.0277
vn 0.0000 0.9990 0.0447
vn -0.0000 0.9998 0.0220
vn -0.0000 1.0000 -0.0005
vn 0.0000 -0.9997 0.0235
vn -0.0000 -1.0000 0.0005
vn -0.0000 -0.9997 -0.0224
vn 0.0000 -0.9991 -0.0431
vn 0.0000 0.9998 -0.0207
vn -0.9769 0.0148 0.2131
vn -0.9907 0.0047 0.1359
vn -0.9998 0.0043 -0.0185
vn -0.9795 0.0270 0.1995
vn -0.0122 0.9905 0.1372
vn -0.0049 0.9982 0.0601
vn 0.0043 0.9917 -0.1284
vn -0.0193 0.9893 0.1446
vn -0.0057 -0.9973 0.0737
vn -0.0101 -0.9999 -0.0079
vn 0.0029 -0.9956 -0.0941
vn -0.0093 -0.9976 0.0692
vn -0.9861 0.0189 -0.1651
vn -0.9877 0.0091 -0.1561
vn -0.0567 -0.9586 -0.2792
vn -0.0213 -0.9696 -0.2438
vn -0.0368 0.9828 -0.1811
vn -0.0174 0.9801 -0.1977
vn -0.4833 0.0879 0.8710
vn -0.0017 -0.0276 0.9996
vn -0.3363 -0.0659 0.9394
vn -0.3034 0.0088 0.9528
vn -0.3443 0.1339 0.9293
vn -0.1699 -0.0196 0.9853
vn -0.1450 -0.1672 0.9752
vn -0.4023 0.2265 0.8870
vn -0.2722 -0.4334 0.8591
vn -0.1784 -0.2607 0.9488
vn -0.1192 -0.0482 0.9917
vn -0.1640 -0.0521 0.9851
vn -0.1205 0.0849 0.9891
vn -0.0683 0.2624 0.9625
vn 0.5108 -0.0862 0.8554
vn -0.0380 -0.0132 0.9992
vn 0.3610 -0.1188 0.9250
vn 0.3505 -0.0707 0.9339
vn 0.3102 -0.0044 0.9507
vn 0.1518 -0.0667 0.9862
vn 0.1303 -0.1546 0.9793
vn 0.3390 0.0215 0.9405
vn 0.1207 -0.4064 0.9057
vn 0.1584 -0.5819 0.7977
vn 0.1659 -0.1238 0.9783
vn 0.1338 -0.0863 0.9872
vn 0.1344 0.0311 0.9904
vn 0.1373 0.2318 0.9630
vn 0.0000 0.2638 -0.9646
vn 0.0000 -0.0272 -0.9996
vn 0.0000 0.1305 -0.9914
vn 0.0000 -0.9863 -0.1650
vn -0.0000 -0.9537 -0.3007
vn -0.0000 -0.8595 -0.5111
vn 0.0000 -0.7660 -0.6429
vn 0.0000 -0.0874 0.9962
vn 0.0001 -0.2905 0.9569
vn 0.0000 -0.5661 0.8243
vn 0.0000 -0.6861 0.7275
vn 0.0000 0.5159 -0.8567
vn 0.0000 -0.1038 -0.9946
vn 0.0000 -0.2134 -0.9770
vn 0.0000 -0.3165 -0.9486
vn 0.0001 0.8081 -0.5891
vn 0.0000 0.9818 -0.1901
vn 0.0000 0.9260 -0.3775
vn 0.0000 -0.9961 0.0878
vn -0.0000 0.3966 0.9180
vn 0.0000 0.2237 0.9747
vn 0.0000 0.2868 0.9580
vn 0.0000 0.7318 -0.6815
vn 0.0000 0.5142 0.8577
vn 0.0000 -0.4988 -0.8667
vn 0.0000 0.6064 0.7951
vn -0.1924 -0.5500 0.8127
vn -0.4207 -0.4309 0.7983
vn -0.5831 -0.4037 0.7050
vn -0.3208 -0.6275 0.7094
vn -0.5865 -0.1813 0.7894
vn -0.7100 -0.0945 0.6979
vn -0.5861 0.1412 0.7979
vn -0.6780 0.2289 0.6986
vn -0.4131 0.3947 0.8207
vn -0.4958 0.4958 0.7130
vn -0.1755 0.5121 0.8408
vn -0.2030 0.6495 0.7327
vn 0.0589 0.5298 0.8461
vn 0.1407 0.6519 0.7451
vn 0.2929 0.4647 0.8356
vn 0.4522 0.4940 0.7426
vn 0.5043 0.2809 0.8166
vn 0.6524 0.2175 0.7260
vn 0.5943 0.3181 0.7387
vn 0.7009 0.2019 0.6841
vn 0.5358 -0.3301 0.7771
vn 0.4987 -0.3273 0.8026
vn 0.5871 -0.4117 0.6970
vn 0.6300 -0.4083 0.6606
vn 0.2768 -0.5120 0.8132
vn 0.3424 -0.6263 0.7004
vn 0.0387 -0.5725 0.8190
vn 0.0161 -0.7069 0.7071
vn -0.7135 -0.4724 0.5174
vn -0.4007 -0.7541 0.5203
vn -0.8528 -0.0921 0.5140
vn -0.8034 0.2946 0.5174
vn -0.5837 0.6143 0.5310
vn -0.2296 0.8032 0.5496
vn 0.1896 0.8049 0.5624
vn 0.5659 0.6050 0.5601
vn 0.7975 0.2604 0.5443
vn 0.8310 0.2405 0.5017
vn 0.7004 -0.4946 0.5146
vn 0.7306 -0.4867 0.4789
vn 0.4070 -0.7554 0.5136
vn 0.0100 -0.8553 0.5180
vn -0.7883 -0.5064 0.3496
vn -0.4491 -0.8214 0.3515
vn -0.9335 -0.0861 0.3481
vn -0.8728 0.3370 0.3532
vn -0.6288 0.6856 0.3669
vn -0.2389 0.8917 0.3845
vn 0.2223 0.8908 0.3962
vn 0.6334 0.6662 0.3937
vn 0.8811 0.2834 0.3787
vn 0.9021 0.2612 0.3436
vn 0.7631 -0.5435 0.3498
vn 0.7835 -0.5333 0.3189
vn 0.4394 -0.8284 0.3474
vn 0.0021 -0.9368 0.3500
vn -0.8308 -0.5150 0.2110
vn -0.4815 -0.8506 0.2113
vn -0.9744 -0.0734 0.2126
vn -0.9039 0.3670 0.2195
vn -0.6448 0.7281 0.2326
vn -0.2348 0.9399 0.2478
vn 0.2483 0.9339 0.2574
vn 0.6749 0.6925 0.2548
vn 0.9265 0.2881 0.2420
vn 0.9393 0.2654 0.2174
vn 0.7905 -0.5732 0.2156
vn 0.8028 -0.5646 0.1916
vn 0.4492 -0.8682 0.2110
vn -0.0102 -0.9775 0.2108
vn -0.8706 -0.4654 0.1596
vn -0.5436 -0.8241 0.1589
vn -0.9866 -0.0140 0.1628
vn -0.8885 0.4258 0.1710
vn -0.6030 0.7763 0.1839
vn -0.1718 0.9651 0.1977
vn 0.3170 0.9259 0.2053
vn 0.7293 0.6539 0.2016
vn 0.9542 0.2318 0.1890
vn 0.9625 0.2073 0.1751
vn 0.7606 -0.6280 0.1643
vn 0.7591 -0.6360 0.1390
vn 0.3945 -0.9049 0.1595
vn -0.0784 -0.9842 0.1587
vn -0.9777 0.0470 0.2046
vn -0.9891 0.0496 0.1385
vn -0.9790 0.0473 0.1983
vn -0.9308 0.0399 0.3635
vn -0.9464 0.0420 0.3202
vn -0.8453 0.0305 0.5335
vn -0.8735 0.0334 0.4857
vn -0.6819 0.0160 0.7313
vn -0.7327 0.0202 0.6803
vn -0.3938 -0.0050 0.9192
vn -0.4767 0.0007 0.8791
vn 0.0268 -0.0301 0.9992
vn -0.0769 -0.0243 0.9967
vn 0.4462 -0.0497 0.8935
vn 0.3557 -0.0460 0.9335
vn 0.7244 -0.0589 0.6869
vn 0.6682 -0.0574 0.7418
vn 0.8679 -0.0611 0.4930
vn 0.8380 -0.0609 0.5423
vn 0.9418 -0.0605 0.3306
vn 0.9249 -0.0608 0.3754
vn 0.9802 -0.0584 0.1894
vn 0.9712 -0.0592 0.2309
vn 0.9879 -0.0576 0.1440
vn 0.0323 -0.9953 -0.0915
vn -0.0065 -0.9958 -0.0908
vn -0.0270 0.9984 -0.0503
vn 0.0116 0.9987 -0.0487
vn 0.2077 -0.9389 0.2744
vn 0.6445 -0.7116 0.2799
vn 0.7421 -0.6081 0.2820
vn 0.3420 -0.8986 0.2750
vn 0.9101 -0.2960 0.2899
vn 0.9432 -0.1565 0.2929
vn 0.9327 0.1975 0.3019
vn 0.8916 0.3349 0.3049
vn 0.9472 0.1950 0.2547
vn 0.8914 0.3544 0.2825
vn 0.3021 0.9072 0.2927
vn 0.2862 0.9035 0.3190
vn 0.1494 0.9358 0.3194
vn 0.1389 0.9532 0.2687
vn -0.2097 0.9241 0.3196
vn -0.3422 0.8841 0.3182
vn -0.6487 0.6933 0.3140
vn -0.7421 0.5937 0.3112
vn -0.9124 0.2741 0.3038
vn -0.9432 0.1425 0.3002
vn -0.9309 -0.2196 0.2918
vn -0.8917 -0.3490 0.2883
vn -0.7007 -0.6557 0.2813
vn -0.6013 -0.7489 0.2786
vn -0.2842 -0.9185 0.2749
vn -0.1498 -0.9501 0.2738
vn -0.0347 -0.5829 0.8118
vn -0.4166 -0.5855 0.6954
vn -0.2896 -0.9467 0.1412
vn -0.2339 -0.9344 0.2686
vn -0.0276 0.0746 0.9968
vn -0.3195 -0.1307 0.9385
vn -0.1757 0.6390 0.7489
vn -0.3731 0.4053 0.8346
vn -0.3828 0.8821 0.2745
vn -0.5378 0.7144 0.4478
vn -0.5863 0.7798 -0.2196
vn -0.7237 0.6901 0.0106
vn -0.7281 0.3685 -0.5780
vn -0.8674 0.3792 -0.3223
vn -0.7243 -0.2417 -0.6457
vn -0.9025 -0.1302 -0.4106
vn -0.5260 -0.7866 -0.3234
vn -0.5506 -0.7488 -0.3689
vn -0.8568 -0.3866 0.3413
vn -0.7965 -0.1364 0.5891
vn -0.8820 -0.1398 0.4499
vn -0.7531 0.0673 0.6545
vn -0.9795 0.1632 0.1181
vn -0.9851 -0.0414 0.1670
vn -0.9624 -0.2505 0.1053
vn -0.9300 -0.1044 0.3524
vn 0.0011 -0.9914 -0.1310
vn 0.2040 -0.9470 0.2482
vn 0.2529 -0.9043 0.3440
vn 0.0937 -0.9948 0.0388
vn 0.3922 -0.7255 0.5656
vn 0.4138 -0.6055 0.6798
vn 0.0087 -0.5295 0.8483
vn -0.0092 -0.5327 0.8462
vn 0.2125 0.3523 0.9114
vn 0.2994 0.3353 0.8932
vn 0.2834 0.1874 0.9405
vn 0.1622 0.3211 0.9330
vn -0.0600 -0.1966 0.9786
vn -0.0079 -0.1548 0.9879
vn -0.3603 0.5755 0.7341
vn 0.0027 0.9459 0.3243
vn 0.0219 0.9389 0.3436
vn -0.3383 0.5942 0.7297
vn -0.1678 0.9751 -0.1452
vn -0.2085 0.9418 -0.2638
vn -0.4777 0.8167 -0.3237
vn -0.5106 0.8217 -0.2531
vn -0.4050 0.6327 -0.6601
vn -0.4557 0.6366 -0.6221
vn -0.4705 0.3191 -0.8227
vn -0.4809 0.1226 -0.8682
vn -0.4302 -0.3387 -0.8368
vn -0.3397 -0.6192 -0.7079
vn -0.2393 -0.8017 -0.5477
vn -0.1391 -0.9151 -0.3786
vn -0.9295 0.0415 0.3665
vn -0.9173 0.0484 0.3952
vn -0.9243 0.0461 0.3788
vn -0.9179 0.0355 0.3953
vn -0.8915 0.0614 0.4488
vn -0.9140 0.0813 0.3975
vn -0.9889 0.0046 0.1482
vn -0.9682 -0.2480 -0.0336
vn -0.8946 0.1200 0.4304
vn -0.9219 0.0439 0.3849
vn -0.8955 0.1226 0.4279
vn -0.9295 0.0756 0.3610
vn -0.8817 -0.4181 0.2186
vn -0.8601 -0.4579 0.2248
vn -0.9601 0.0153 0.2791
vn -0.9594 0.0966 0.2650
vn -0.8018 -0.1989 0.5635
vn -0.7846 -0.2209 0.5793
vn -0.9586 -0.0428 0.2816
vn -0.9658 -0.0723 0.2491
vn -0.9258 -0.0383 0.3761
vn -0.9179 0.0807 0.3886
vn -0.9354 0.1016 0.3387
vn -0.9382 0.0761 0.3375
vn -0.9287 0.0508 0.3674
vn -0.9346 0.0626 0.3502
vn -0.0242 0.9957 0.0890
vn -0.2168 0.9373 -0.2729
vn -0.2586 0.8984 -0.3550
vn -0.0856 0.9960 -0.0241
vn -0.4213 0.8161 -0.3956
vn -0.4086 0.6219 -0.6681
vn -0.0595 0.2999 -0.9521
vn 0.0190 0.2591 -0.9657
vn -0.2104 -0.4805 -0.8514
vn -0.4416 -0.2857 -0.8505
vn -0.4555 -0.1538 -0.8769
vn -0.1814 -0.4897 -0.8528
vn -0.4784 0.0138 -0.8781
vn -0.4783 0.0138 -0.8781
vn -0.2490 -0.7857 -0.5662
vn -0.2286 -0.7795 -0.5832
vn 0.1016 -0.9785 -0.1795
vn -0.2504 -0.7855 -0.5660
vn 0.0185 -0.9996 -0.0190
vn 0.1972 -0.9357 0.2925
vn 0.5794 -0.7543 0.3088
vn 0.5798 -0.7561 0.3036
vn 0.3191 -0.8189 0.4770
vn 0.3888 -0.5625 0.7297
vn 0.4758 -0.2602 0.8402
vn 0.4807 -0.0857 0.8727
vn 0.4132 0.4072 0.8145
vn 0.3977 0.4612 0.7932
vn 0.2411 0.7992 0.5505
vn 0.1868 0.8681 0.4599
vn -0.9990 0.0000 0.0458
vn -0.9973 0.0002 0.0730
vn -0.9952 0.0002 0.0978
vn -0.9985 0.0541 -0.0027
vn -0.9303 -0.0001 -0.3667
vn -0.9194 -0.2407 -0.3110
vn -0.9192 -0.2608 -0.2950
vn -0.9420 -0.2237 -0.2503
vn -0.9371 -0.2697 -0.2215
vn -0.8369 -0.4450 -0.3186
vn -0.6119 -0.7646 -0.2025
vn -0.7152 -0.6647 -0.2160
vn -0.8046 -0.4820 -0.3469
vn 0.0000 0.9993 0.0362
vn 0.0000 1.0000 -0.0013
vn -0.0000 0.9999 0.0145
vn -0.0000 -0.9988 0.0490
vn 0.0000 -0.9997 0.0233
vn -0.0000 0.9716 -0.2365
vn -0.0000 0.9947 -0.1024
vn -0.0000 -0.9847 0.1745
vn -0.0000 -0.9919 0.1267
vn -0.0000 0.8294 -0.5586
vn 0.0000 0.9326 -0.3609
vn 0.0000 -0.8997 0.4366
vn -0.0000 -0.9105 0.4135
vn -0.0000 0.8792 -0.4764
vn 0.0000 0.9263 -0.3768
vn 0.0000 -0.9105 0.4134
vn 0.0000 -0.9566 0.2915
vn -0.0000 0.5097 -0.8603
vn 0.0000 0.4120 -0.9112
vn 0.0205 0.8891 -0.4572
vn 0.0003 0.8906 -0.4548
vn 0.0065 -0.8571 0.5151
vn -0.0000 -0.8527 0.5224
vn 0.0000 -0.4832 0.8755
vn -0.0000 -0.3652 0.9309
vn -0.0070 0.0728 0.9973
vn -0.0166 -0.0000 0.9999
vn -0.0112 -0.0000 0.9999
vn -0.0000 0.0909 0.9959
vn -0.9966 0.0798 0.0211
vn -0.9761 0.1949 0.0964
vn -0.0211 -0.0805 -0.9965
vn -0.0504 0.0000 -0.9987
vn -0.0331 0.0000 -0.9995
vn -0.0000 -0.1132 -0.9936
vn -0.9952 -0.0002 0.0977
vn -0.9973 -0.0002 0.0730
vn -0.9303 0.0001 -0.3667
vn -0.9985 -0.0541 -0.0027
vn -0.9223 0.2544 -0.2910
vn -0.9214 0.2311 -0.3125
vn -0.9452 0.2892 -0.1513
vn -0.9594 0.2393 -0.1490
vn -0.8061 0.5121 -0.2966
vn -0.7583 0.5671 -0.3215
vn -0.6533 0.7215 -0.2296
vn -0.5393 0.8141 -0.2155
vn 0.0000 -0.9993 0.0362
vn -0.0000 -0.9999 0.0145
vn 0.0000 -1.0000 -0.0013
vn -0.0000 0.9988 0.0490
vn 0.0000 0.9997 0.0233
vn 0.0000 -0.9947 -0.1024
vn -0.0000 -0.9716 -0.2365
vn -0.0000 0.9847 0.1745
vn -0.0000 0.9919 0.1267
vn -0.0000 -0.9333 -0.3590
vn 0.0000 -0.8141 -0.5807
vn 0.0000 0.8918 0.4525
vn 0.0000 0.9050 0.4254
vn -0.0000 -0.8891 -0.4578
vn -0.0000 -0.8423 -0.5389
vn -0.0000 0.8772 0.4802
vn -0.0000 0.9273 0.3742
vn -0.0001 -0.5130 -0.8584
vn -0.0000 -0.9013 -0.4332
vn 0.0210 -0.8990 -0.4375
vn -0.0000 -0.4304 -0.9026
vn 0.0066 0.8643 0.5029
vn -0.0000 0.3764 0.9264
vn 0.0000 0.4823 0.8760
vn -0.0000 0.8604 0.5097
vn -0.0070 -0.0630 0.9980
vn -0.0000 -0.0804 0.9968
vn -0.9965 -0.0810 0.0214
vn -0.9749 -0.2048 0.0874
vn -0.0214 0.0703 -0.9973
vn 0.0000 0.1010 -0.9949
vn 0.8829 -0.3876 -0.2650
vn 0.9123 -0.4006 0.0846
vn 0.9151 -0.4018 -0.0330
vn 0.7771 0.5708 -0.2650
vn 0.8031 0.5898 0.0846
vn 0.8055 0.5917 -0.0330
vn -0.1058 0.9584 -0.2650
vn -0.1057 0.9584 -0.2650
vn -0.1093 0.9904 0.0846
vn -0.1096 0.9934 -0.0330
vn -0.8829 0.3876 -0.2650
vn -0.9124 0.4006 0.0846
vn -0.9151 0.4018 -0.0330
vn -0.7771 -0.5708 -0.2650
vn -0.8031 -0.5898 0.0846
vn -0.8055 -0.5917 -0.0330
vn 0.1058 -0.9584 -0.2650
vn 0.1093 -0.9904 0.0846
vn 0.1096 -0.9934 -0.0330
vn -0.8741 0.3838 0.2977
vn -0.1047 0.9489 0.2977
vn 0.7694 0.5651 0.2977
vn 0.8741 -0.3838 0.2977
vn 0.1047 -0.9489 0.2977
vn -0.7694 -0.5651 0.2977
vn 0.4522 0.8790 -0.1513
vn 0.4567 0.8878 0.0572
vn 0.4573 0.8890 -0.0238
vn -0.5351 0.8311 -0.1513
vn -0.5405 0.8394 0.0572
vn -0.5412 0.8405 -0.0238
vn -0.9873 -0.0479 -0.1513
vn -0.9972 -0.0483 0.0572
vn -0.9985 -0.0484 -0.0238
vn -0.4522 -0.8790 -0.1513
vn -0.4567 -0.8878 0.0572
vn -0.4573 -0.8890 -0.0238
vn 0.5351 -0.8311 -0.1513
vn 0.5405 -0.8394 0.0572
vn 0.5412 -0.8405 -0.0238
vn 0.9873 0.0479 -0.1513
vn 0.9873 0.0479 -0.1514
vn 0.9972 0.0483 0.0572
vn 0.9985 0.0484 -0.0238
vn -0.4507 -0.8761 0.1711
vn -0.9841 -0.0477 0.1711
vn -0.5334 0.8284 0.1711
vn 0.4507 0.8761 0.1711
vn 0.9841 0.0477 0.1711
vn 0.5334 -0.8284 0.1711
vn -0.0421 0.3215 0.9460
vn 0.2054 0.2381 0.9493
vn 0.2055 0.2382 0.9492
vn -0.0611 0.3175 0.9463
vn -0.3229 0.2947 0.8994
vn -0.3230 0.2944 0.8994
vn 0.3838 -0.4958 0.7790
vn 0.3255 -0.5938 0.7358
vn 0.3328 -0.5927 0.7335
vn 0.3739 -0.5236 0.7655
vn 0.4035 -0.4450 0.7995
vn 0.4046 -0.4444 0.7992
vn 0.2973 0.2183 0.9295
vn 0.4426 -0.0849 0.8927
vn 0.4424 -0.3404 0.8297
vn 0.3762 0.0725 0.9237
vn 0.2514 0.2311 0.9399
vn 0.2476 0.2176 0.9441
vn -0.1939 -0.7421 0.6416
vn -0.2942 -0.7596 0.5801
vn -0.2941 -0.7606 0.5788
vn -0.1890 -0.7440 0.6409
vn -0.0818 -0.7503 0.6560
vn -0.0818 -0.7504 0.6559
vn -0.6930 -0.0191 0.7207
vn -0.7478 0.0838 0.6587
vn -0.7412 0.0811 0.6664
vn -0.7048 -0.0503 0.7076
vn -0.7138 -0.0715 0.6967
vn -0.7151 -0.0687 0.6956
vn -0.6738 -0.4364 0.5963
vn -0.7211 -0.2995 0.6247
vn -0.7258 -0.2883 0.6246
vn -0.8694 -0.4627 0.1732
vn -0.6710 -0.4656 0.5770
vn -0.8169 -0.5277 0.2328
vn -0.0455 -0.9846 -0.1690
vn -0.3593 -0.9173 -0.1716
vn -0.3606 -0.9173 -0.1687
vn -0.1852 -0.9615 -0.2030
vn 0.0172 -0.9987 0.0482
vn 0.0351 -0.9993 0.0114
vn -0.9534 0.3018 -0.0010
vn -0.8906 0.4539 0.0275
vn -0.8294 0.5031 -0.2428
vn -0.8807 0.3874 -0.2726
vn -0.9678 0.2510 -0.0171
vn -0.9679 0.2508 -0.0175
vn -0.9755 -0.1860 -0.1177
vn -0.9880 -0.1134 -0.1053
vn -0.9050 -0.3961 -0.1551
vn -0.8442 -0.5085 -0.1697
vn 0.2173 -0.5737 -0.7897
vn 0.2200 -0.5786 -0.7854
vn 0.0635 -0.4862 -0.8716
vn 0.0492 -0.4778 -0.8771
vn -0.1026 -0.4953 -0.8626
vn -0.1021 -0.4950 -0.8629
vn -0.6043 0.4913 -0.6272
vn -0.5583 0.3975 -0.7282
vn -0.5656 0.3850 -0.7293
vn -0.5699 0.3817 -0.7277
vn -0.5324 -0.1057 -0.8398
vn -0.5893 0.0544 -0.8061
vn -0.6020 0.1403 -0.7861
vn -0.5330 -0.1034 -0.8398
vn -0.5280 -0.1580 -0.8344
vn -0.5342 -0.1581 -0.8304
vn 0.1949 0.7479 -0.6345
vn 0.4707 0.6550 -0.5911
vn 0.4709 0.6551 -0.5908
vn 0.2077 0.7443 -0.6347
vn -0.0625 0.7121 -0.6993
vn -0.0622 0.7117 -0.6997
vn 0.6508 -0.1253 -0.7488
vn 0.5169 -0.2147 -0.8287
vn 0.5246 -0.2467 -0.8148
vn 0.6113 -0.2297 -0.7573
vn 0.6939 0.0001 -0.7201
vn 0.6948 0.0003 -0.7192
vn 0.5748 0.5951 -0.5617
vn 0.7152 0.2949 -0.6336
vn 0.7426 0.0926 -0.6633
vn 0.6653 0.4748 -0.5762
vn 0.5085 0.6425 -0.5733
vn 0.4935 0.6455 -0.5829
vn -0.2890 0.9433 0.1635
vn -0.2889 0.9433 0.1635
vn 0.8939 -0.4469 0.0350
vn 0.8375 -0.5465 0.0049
vn 0.7980 -0.6025 -0.0133
vn 0.9362 -0.3457 0.0634
vn 0.7718 0.5875 0.2433
vn 0.8513 0.4714 0.2304
vn 0.9874 -0.0914 0.1291
vn 0.9781 0.1187 0.1712
vn 0.7002 0.6687 0.2503
vn 0.7001 0.6687 0.2504
vn 0.4309 -0.3981 0.8098
vn 0.4331 -0.3963 0.8095
vn 0.9696 -0.2250 0.0966
vn 0.9694 -0.2264 0.0945
vn 0.7217 0.0749 -0.6881
vn 0.7303 0.0592 -0.6805
vn -0.6099 0.2201 -0.7613
vn -0.6101 0.2202 -0.7611
vn -0.9967 0.0384 -0.0717
vn -0.9966 0.0383 -0.0724
vn -0.7382 -0.1911 0.6469
vn -0.7411 -0.1927 0.6432
vn 0.7600 -0.6485 -0.0428
vn 0.7573 -0.6531 -0.0046
vn 0.7718 -0.6355 -0.0215
vn 0.7737 -0.6332 -0.0220
vn 0.8146 -0.5795 -0.0258
vn 0.7835 -0.6187 0.0576
vn 0.7719 -0.6330 0.0596
vn 0.8174 -0.5702 -0.0818
vn 0.6428 -0.7648 0.0426
vn 0.6136 -0.7894 -0.0178
vn 0.6578 -0.7261 -0.2001
vn 0.6287 -0.7608 -0.1609
vn 0.7896 -0.6070 -0.0902
vn 0.8238 -0.5637 -0.0597
vn 0.3246 0.9191 0.2235
vn 0.3242 0.9313 0.1663
vn 0.2439 0.9176 0.3139
vn 0.2509 0.9155 0.3145
vn 0.2340 0.9449 0.2289
vn 0.2720 0.9243 0.2677
vn 0.2753 0.9195 0.2805
vn 0.2344 0.9346 0.2674
vn 0.3170 0.9312 0.1799
vn 0.2878 0.9433 0.1654
vn 0.0791 0.9861 0.1464
vn 0.0298 0.9822 0.1854
vn 0.1013 0.9289 0.3563
vn 0.0836 0.9420 0.3249
vn -0.7472 -0.2839 -0.6009
vn -0.7820 -0.2851 -0.5542
vn -0.6714 -0.2228 -0.7069
vn -0.6615 -0.2280 -0.7144
vn 0.1329 0.1505 -0.9796
vn 0.1506 0.1473 -0.9776
vn 0.2881 0.1939 -0.9378
vn 0.3099 0.2216 -0.9246
vn 0.6228 0.2886 -0.7272
vn 0.7096 0.3058 -0.6348
vn 0.8969 0.3167 -0.3086
vn 0.9287 0.3085 -0.2059
vn 0.9577 0.2447 0.1516
vn 0.9439 0.2183 0.2477
vn 0.8078 0.0872 0.5830
vn 0.7458 0.0445 0.6647
vn 0.4421 -0.1296 0.8876
vn 0.3221 -0.1871 0.9280
vn -0.0617 -0.3428 0.9374
vn -0.2133 -0.3933 0.8943
vn -0.5278 -0.4740 0.7048
vn -0.6433 -0.4937 0.5852
vn -0.8140 -0.4967 0.3012
vn -0.8618 -0.4836 0.1534
vn -0.8895 -0.4291 -0.1571
vn -0.8697 -0.3919 -0.3002
vn -0.0647 -0.3349 0.9400
vn -0.5323 -0.4668 0.7062
vn -0.6484 -0.4867 0.5854
vn -0.2180 -0.3859 0.8964
vn 0.4408 -0.1207 0.8895
vn 0.3193 -0.1790 0.9306
vn 0.8063 0.0958 0.5837
vn 0.7437 0.0528 0.6664
vn 0.9554 0.2525 0.1530
vn 0.9416 0.2260 0.2498
vn 0.8949 0.3245 -0.3063
vn 0.9267 0.3162 -0.2031
vn 0.6210 0.2967 -0.7254
vn 0.7081 0.3141 -0.6324
vn 0.1472 0.1555 -0.9768
vn 0.2859 0.2026 -0.9366
vn 0.1300 0.1582 -0.9788
vn 0.3076 0.2286 -0.9236
vn -0.7517 -0.2766 -0.5987
vn -0.7858 -0.2794 -0.5518
vn -0.6757 -0.2161 -0.7048
vn -0.6653 -0.2203 -0.7133
vn -0.8932 -0.4217 -0.1560
vn -0.8732 -0.3841 -0.2999
vn -0.8182 -0.4895 0.3015
vn -0.8660 -0.4761 0.1530
vn -0.0562 -0.3641 0.9297
vn -0.5210 -0.4933 0.6966
vn -0.6419 -0.5127 0.5701
vn -0.2156 -0.4164 0.8832
vn 0.4455 -0.1519 0.8823
vn 0.3205 -0.2116 0.9233
vn 0.8107 0.0657 0.5817
vn 0.7467 0.0214 0.6648
vn 0.9624 0.2242 0.1532
vn 0.9475 0.1967 0.2522
vn 0.9047 0.2963 -0.3062
vn 0.9369 0.2881 -0.1980
vn 0.6329 0.2690 -0.7260
vn 0.7244 0.2867 -0.6270
vn 0.1628 0.1257 -0.9786
vn 0.3074 0.1759 -0.9352
vn 0.1491 0.1342 -0.9797
vn 0.3252 0.2074 -0.9226
vn -0.7357 -0.3015 -0.6065
vn -0.7710 -0.2984 -0.5626
vn -0.6578 -0.2381 -0.7146
vn -0.6477 -0.2438 -0.7218
vn -0.8799 -0.4457 -0.1646
vn -0.8582 -0.4082 -0.3112
vn -0.8062 -0.5140 0.2928
vn -0.8550 -0.4996 0.1394
vn 0.4238 -0.9018 -0.0849
vn 0.4216 -0.9021 -0.0924
vn 0.4265 -0.8992 -0.0976
vn 0.4367 -0.8952 -0.0887
vn 0.3421 -0.9365 -0.0770
vn 0.3445 -0.9367 -0.0625
vn 0.3579 -0.9314 -0.0664
vn 0.3595 -0.9303 -0.0730
vn 0.3067 -0.9465 -0.1004
vn 0.3224 -0.9426 -0.0867
vn 0.2900 -0.9476 -0.1341
vn 0.2954 -0.9480 -0.1185
vn 0.2915 -0.9415 -0.1691
vn 0.2894 -0.9439 -0.1592
vn 0.3111 -0.9291 -0.1998
vn 0.3060 -0.9320 -0.1945
vn 0.3474 -0.9119 -0.2184
vn 0.3368 -0.9166 -0.2153
vn 0.3911 -0.8947 -0.2156
vn 0.3736 -0.9012 -0.2196
vn 0.4260 -0.8842 -0.1916
vn 0.4107 -0.8884 -0.2053
vn 0.4425 -0.8828 -0.1578
vn 0.4373 -0.8825 -0.1731
vn 0.4407 -0.8892 -0.1230
vn 0.4428 -0.8868 -0.1325
vn -0.3725 0.9085 0.1893
vn -0.3958 0.9007 0.1793
vn -0.3989 0.8998 0.1766
vn -0.3787 0.9063 0.1878
vn -0.3468 0.9192 0.1866
vn -0.3567 0.9148 0.1893
vn -0.3277 0.9290 0.1721
vn -0.3359 0.9244 0.1805
vn -0.3201 0.9351 0.1519
vn -0.3220 0.9329 0.1610
vn -0.3241 0.9369 0.1311
vn -0.3222 0.9368 0.1364
vn -0.3385 0.9341 0.1133
vn -0.3355 0.9349 0.1158
vn -0.3619 0.9265 0.1033
vn -0.3558 0.9287 0.1047
vn -0.3630 0.9265 0.0993
vn -0.3550 0.9298 0.0972
vn -0.4066 0.9057 0.1203
vn -0.4101 0.9051 0.1120
vn -0.4023 0.9089 0.1099
vn -0.3984 0.9103 0.1120
vn -0.4139 0.8994 0.1406
vn -0.4120 0.9017 0.1314
vn -0.4104 0.8975 0.1615
vn -0.4123 0.8976 0.1562
vn 0.4313 -0.8975 -0.0921
vn 0.4420 -0.8932 -0.0832
vn 0.4277 -0.9004 -0.0793
vn 0.4263 -0.9004 -0.0871
vn 0.3563 -0.9324 -0.0600
vn 0.3582 -0.9312 -0.0676
vn 0.3391 -0.9380 -0.0718
vn 0.3415 -0.9382 -0.0561
vn 0.3184 -0.9444 -0.0822
vn 0.3004 -0.9488 -0.0973
vn 0.2883 -0.9504 -0.1164
vn 0.2816 -0.9501 -0.1341
vn 0.2814 -0.9459 -0.1612
vn 0.2838 -0.9433 -0.1722
vn 0.3005 -0.9326 -0.1999
vn 0.3059 -0.9297 -0.2053
vn 0.3349 -0.9159 -0.2212
vn 0.3461 -0.9110 -0.2242
vn 0.3747 -0.8995 -0.2248
vn 0.3936 -0.8925 -0.2204
vn 0.4144 -0.8856 -0.2098
vn 0.4318 -0.8807 -0.1946
vn 0.4442 -0.8786 -0.1752
vn 0.4504 -0.8788 -0.1576
vn 0.4503 -0.8833 -0.1303
vn 0.4481 -0.8859 -0.1197
vn -0.9339 0.2815 -0.2205
vn -0.1953 0.9807 0.0000
vn -0.5986 0.8011 0.0000
vn -0.3737 0.9275 0.0000
vn 0.1764 -0.9843 0.0000
vn -0.1090 -0.9940 0.0000
vn 0.0535 -0.9986 0.0000
vn -0.9977 -0.0671 0.0000
vn -0.9975 -0.0700 0.0000
vn -0.9976 -0.0699 0.0000
vn 0.9949 0.1004 0.0000
vn 0.9947 0.1031 0.0000
vn 0.9947 0.1028 0.0000
vn 0.9755 0.2202 0.0000
vn 0.9778 0.2097 -0.0000
vn 0.9766 0.2149 0.0000
vn -0.9801 -0.1983 0.0000
vn -0.9789 -0.2041 0.0000
vn -0.9785 -0.2063 0.0000
vn 0.1007 0.9949 0.0000
vn 0.3278 -0.9447 0.0000
vn 0.0002 0.0010 1.0000
vn 0.0039 -0.0206 0.9998
vn 0.9947 0.1026 0.0000
vn -0.9909 -0.1349 0.0000
vn -0.9942 -0.1076 -0.0000
vn 0.1954 0.9807 0.0000
vn -0.0610 0.9981 0.0000
vn -0.0609 0.9981 0.0000
vn 0.4029 -0.9153 0.0000
vn 0.2775 -0.9607 0.0000
vn 0.1658 -0.9862 0.0000
vn -0.9953 -0.0969 0.0000
vn -0.9952 -0.0980 -0.0000
vn 0.9943 0.1068 0.0000
vn 0.9947 0.1025 0.0000
vn 0.0106 -0.9999 0.0000
vn -0.3383 0.9410 0.0000
vn -0.0014 0.0123 0.9999
vn 0.0060 -0.0569 0.9984
vn 0.9944 0.1061 0.0000
vn 0.9939 0.1105 -0.0000
vn -0.9948 -0.1023 -0.0000
vn -0.9946 -0.1042 0.0000
vn 0.9805 0.1967 0.0000
vn 0.9818 0.1897 -0.0000
vn 0.9859 0.1671 0.0000
vn -0.9829 -0.1844 -0.0000
vn -0.9779 -0.2089 0.0000
vn -0.9752 -0.2211 0.0000
vn 0.4041 -0.9147 0.0000
vn 0.1541 -0.9880 0.0000
vn 0.2995 -0.9541 0.0000
vn -1.0000 0.0019 0.0000
vn -1.0000 -0.0018 -0.0000
vn -1.0000 -0.0033 -0.0000
vn 0.9677 0.2523 -0.0000
vn 0.9890 -0.1482 0.0000
vn 0.9984 0.0559 0.0000
vn 0.9468 0.3217 0.0000
vn 0.9886 0.1504 0.0000
vn 0.9890 0.1480 0.0000
vn 0.9889 0.1486 -0.0000
vn -0.9793 -0.2023 0.0000
vn -0.9751 -0.2216 -0.0000
vn -0.9745 -0.2244 0.0000
vn 0.2992 0.9542 -0.0000
vn 0.5030 0.8643 0.0000
vn 0.0990 0.9951 0.0000
vn 0.5195 -0.8545 0.0000
vn 0.9958 0.0914 0.0000
vn -0.9941 -0.1080 0.0000
vn -0.9939 -0.1105 -0.0000
vn -0.0032 -0.0221 0.9998
vn 0.0044 0.0414 0.9991
vn 0.7371 -0.6025 -0.3061
vn -0.0769 -0.8038 -0.5899
vn 0.9583 0.2392 -0.1565
vn 0.3694 0.8849 -0.2836
vn -0.4456 0.6935 -0.5661
vn -0.7622 0.2773 -0.5849
vn -0.4155 -0.6044 -0.6797
vn 0.2547 -0.9639 0.0777
vn 0.3147 -0.9460 -0.0777
vn 0.9103 -0.2573 0.3243
vn 0.9525 -0.2393 0.1881
vn 0.6298 0.7162 0.3005
vn 0.6589 0.7215 0.2129
vn -0.2976 0.9542 0.0312
vn -0.2735 0.9614 -0.0313
vn -0.9464 0.2430 -0.2128
vn -0.9191 0.2546 -0.3006
vn -0.6659 -0.7219 -0.1883
vn -0.6208 -0.7137 -0.3243
vn 0.5045 -0.6305 0.5898
vn -0.2869 -0.9078 0.3060
vn 0.6787 -0.2783 0.6797
vn -0.0069 0.8243 0.5661
vn 0.4861 0.6493 0.5849
vn -0.7937 0.5383 0.2835
vn -0.9328 -0.3245 0.1565
vn -0.1303 -0.9848 -0.1152
vn -0.4844 -0.4832 -0.7293
vn 0.6118 -0.7441 0.2684
vn 0.9983 0.0142 0.0571
vn 0.6530 0.5266 -0.5444
vn 0.2178 0.6125 -0.7599
vn -0.4107 -0.1472 -0.8998
vn -0.7763 -0.6303 -0.0093
vn -0.6579 -0.7395 -0.1423
vn -0.0457 -0.8029 0.5944
vn 0.0600 -0.8816 0.4682
vn 0.7484 -0.1049 0.6549
vn 0.7937 -0.1510 0.5893
vn 0.7097 0.6989 0.0888
vn 0.7321 0.6782 0.0636
vn -0.0284 0.8609 -0.5080
vn 0.0139 0.8295 -0.5584
vn -0.8098 0.1692 -0.5618
vn -0.7285 0.0861 -0.6796
vn -0.5898 -0.5408 0.5997
vn -0.9961 -0.0870 -0.0122
vn -0.2885 -0.5085 0.8113
vn 0.4805 0.5543 0.6796
vn 0.5198 0.0774 0.8508
vn 0.0645 0.9959 0.0635
vn -0.6766 0.6830 -0.2752
vn -0.6401 -0.7228 -0.2604
vn -0.1027 -0.9673 -0.2319
vn 0.0584 -0.9718 -0.2285
vn -0.5062 -0.8252 -0.2507
vn 0.4767 -0.8490 -0.2282
vn 0.6024 -0.7638 -0.2319
vn 0.8753 -0.4135 -0.2506
vn 0.9249 -0.2779 -0.2594
vn 0.9414 0.1712 -0.2907
vn 0.9025 0.3077 -0.3014
vn 0.6510 0.6821 -0.3331
vn 0.5363 0.7716 -0.3422
vn 0.1150 0.9252 -0.3617
vn -0.0383 0.9300 -0.3656
vn -0.4626 0.8077 -0.3655
vn -0.5967 0.7161 -0.3622
vn -0.8616 0.3743 -0.3430
vn -0.9181 0.2149 -0.3331
vn -0.9296 -0.2102 -0.3028
vn -0.8806 -0.3745 -0.2904
vn -0.5651 -0.8073 -0.1704
vn 0.1712 -0.9704 -0.1704
vn 0.2723 -0.9566 -0.1033
vn -0.4839 -0.8690 -0.1033
vn 0.8072 -0.5651 -0.1704
vn 0.8690 -0.4839 -0.1033
vn 0.9704 0.1712 -0.1704
vn 0.9566 0.2723 -0.1033
vn 0.5651 0.8073 -0.1704
vn 0.4839 0.8690 -0.1033
vn -0.1712 0.9704 -0.1704
vn -0.2723 0.9566 -0.1033
vn -0.1363 0.9854 -0.1025
vn -0.2916 0.9537 -0.0739
vn -0.9818 -0.1290 -0.1397
vn -0.9704 -0.1712 -0.1704
vn -0.9567 -0.2723 -0.1033
vn -0.9657 -0.2483 -0.0762
vn 0.5203 0.8420 0.1425
vn -0.1296 0.9844 0.1189
vn -0.2330 0.9425 0.2398
vn 0.2794 -0.9451 0.1697
vn 0.1028 -0.9907 0.0893
vn -0.4104 0.9114 -0.0297
vn -0.3768 0.9256 -0.0372
vn 0.3881 0.9209 -0.0372
vn 0.9256 0.3768 -0.0372
vn 0.9209 -0.3881 -0.0372
vn 0.3768 -0.9256 -0.0372
vn -0.3880 -0.9209 -0.0372
vn -0.9256 -0.3768 -0.0372
vn -0.9117 -0.4103 -0.0226
vn -0.0935 0.9956 0.0000
vn -0.1188 0.9929 0.0000
vn -0.1155 0.9933 -0.0000
vn -0.1191 -0.0083 0.9928
vn 0.0227 0.0066 0.9997
vn -0.0264 -0.0055 0.9996
vn -0.1220 -0.0039 0.9925
vn -0.0435 -0.9991 0.0000
vn 0.0138 -0.9999 0.0000
vn 0.0916 -0.9958 0.0000
vn -0.9528 -0.3037 0.0000
vn 0.2276 -0.9738 -0.0000
vn 0.3238 -0.9461 0.0000
vn 0.2649 -0.9643 -0.0000
vn -0.1350 0.9908 0.0000
vn -0.1502 0.9887 0.0000
vn -0.1778 0.9841 0.0000
vn 0.0458 0.0116 0.9989
vn 0.0455 0.0112 0.9989
vn 0.0456 0.0134 0.9989
vn 0.0460 0.0147 0.9988
vn 0.1528 -0.9883 -0.0000
vn -0.1220 0.9925 0.0000
vn -0.1277 0.9918 -0.0000
vn 0.0561 0.0167 0.9983
vn 0.0756 0.0225 0.9969
vn -0.6308 -0.7063 0.3214
vn -0.0951 -0.9422 0.3214
vn 0.0607 -0.9451 0.3210
vn -0.5065 -0.8003 0.3210
vn 0.4768 -0.8182 0.3214
vn 0.6045 -0.7290 0.3211
vn 0.8666 -0.3817 0.3214
vn 0.9176 -0.2344 0.3210
vn 0.9254 0.2006 0.3214
vn 0.8801 0.3497 0.3210
vn 0.6308 0.7063 0.3214
vn 0.5065 0.8002 0.3211
vn 0.0952 0.9422 0.3214
vn -0.0606 0.9451 0.3211
vn -0.4768 0.8182 0.3213
vn -0.6046 0.7290 0.3210
vn -0.8666 0.3817 0.3214
vn -0.9176 0.2344 0.3210
vn -0.9254 -0.2006 0.3214
vn -0.8801 -0.3497 0.3211
vn -0.4618 -0.8541 0.2392
vn -0.0951 -0.9422 0.3213
vn -0.5065 -0.8002 0.3211
vn 0.4768 -0.8181 0.3214
vn 0.9176 -0.2344 0.3211
vn 0.9254 0.2007 0.3214
vn 0.8801 0.3497 0.3211
vn 0.5065 0.8002 0.3210
vn 0.0952 0.9421 0.3214
vn -0.0607 0.9451 0.3211
vn -0.6045 0.7290 0.3210
vn -0.9176 0.2344 0.3211
vn -0.9254 -0.2007 0.3214
vn -0.8801 -0.3497 0.3210
vn 0.0910 0.9958 0.0000
vn 0.0661 0.9978 -0.0000
vn 0.0674 0.9977 -0.0000
vn -0.2429 0.0032 0.9700
vn -0.0224 -0.0010 0.9997
vn -0.0754 -0.0024 0.9972
vn -0.2440 0.0060 0.9698
vn -0.2943 -0.9557 -0.0000
vn -0.2078 -0.9782 -0.0000
vn -0.0818 -0.9966 -0.0000
vn 0.2130 -0.9770 0.0000
vn 0.2828 -0.9592 0.0000
vn 0.2426 -0.9701 0.0000
vn -0.1626 0.9867 0.0000
vn -0.1819 0.9833 -0.0000
vn -0.2089 0.9779 0.0000
vn 0.0876 0.0078 0.9961
vn 0.1100 0.0093 0.9939
vn 0.1525 -0.0004 0.9883
vn 0.1515 -0.0028 0.9884
vn 0.0453 -0.9990 -0.0000
vn 0.1046 -0.9945 -0.0000
vn -0.0698 0.9976 -0.0000
vn -0.0221 0.9998 0.0000
vn 0.0637 0.0054 0.9980
vn 0.0816 0.0072 0.9966
vn -0.0504 0.9931 -0.1059
vn -0.6245 0.7738 -0.1059
vn -0.7459 0.6576 -0.1060
vn -0.2168 0.9704 -0.1060
vn -0.9601 0.2590 -0.1059
vn -0.9900 0.0936 -0.1060
vn -0.9289 -0.3548 -0.1059
vn -0.8559 -0.5062 -0.1060
vn -0.5429 -0.8331 -0.1059
vn -0.3950 -0.9125 -0.1060
vn 0.0504 -0.9931 -0.1059
vn 0.2168 -0.9704 -0.1060
vn 0.6245 -0.7738 -0.1059
vn 0.7459 -0.6576 -0.1061
vn 0.9601 -0.2590 -0.1059
vn 0.9899 -0.0936 -0.1061
vn 0.9289 0.3548 -0.1059
vn 0.8559 0.5062 -0.1060
vn 0.9398 0.3327 -0.0784
vn 0.8460 0.5251 -0.0920
vn -0.0246 0.9954 -0.0929
vn -0.2369 0.9683 -0.0797
vn -0.5996 0.7863 -0.1494
vn -0.6191 0.7667 -0.1698
vn -0.7381 0.6529 -0.1700
vn -0.7553 0.6427 -0.1286
vn -0.9515 0.2564 -0.1698
vn -0.9809 0.0942 -0.1700
vn -0.9205 -0.3519 -0.1698
vn -0.8490 -0.5003 -0.1700
vn -0.5378 -0.8258 -0.1698
vn -0.3928 -0.9038 -0.1700
vn 0.0502 -0.9842 -0.1699
vn 0.2134 -0.9621 -0.1700
vn 0.6191 -0.7667 -0.1699
vn 0.7381 -0.6529 -0.1700
vn 0.9515 -0.2564 -0.1698
vn 0.9809 -0.0942 -0.1700
vn 0.9205 0.3519 -0.1698
vn 0.8490 0.5003 -0.1700
vn 0.5378 0.8258 -0.1698
vn 0.3928 0.9038 -0.1700
vn 0.5614 0.8179 -0.1264
vn 0.3737 0.9157 -0.1477
vn -0.1456 0.9712 -0.1884
vn -0.6975 0.6930 -0.1821
vn -0.7246 0.6270 -0.2860
vn -0.2181 0.9420 -0.2549
vn -0.9725 0.1442 -0.1831
vn -0.9520 0.0900 -0.2925
vn -0.8691 -0.4534 -0.1976
vn -0.8324 -0.4831 -0.2716
vn -0.4372 -0.8672 -0.2382
vn -0.3911 -0.8856 -0.2503
vn 0.1482 -0.9464 -0.2869
vn 0.2077 -0.9481 -0.2406
vn 0.6684 -0.6738 -0.3150
vn 0.7261 -0.6455 -0.2367
vn 0.9394 -0.1535 -0.3066
vn 0.9679 -0.0976 -0.2315
vn 0.8627 0.4296 -0.2668
vn 0.8414 0.4907 -0.2263
vn 0.4545 0.8635 -0.2185
vn 0.3870 0.8927 -0.2309
vn -0.1569 0.9867 0.0428
vn -0.6796 0.7157 0.1610
vn -0.9647 0.1997 0.1719
vn -0.9215 -0.3828 0.0664
vn -0.5630 -0.8141 -0.1426
vn -0.0206 -0.9238 -0.3823
vn 0.5106 -0.6612 -0.5495
vn 0.8226 -0.1204 -0.5557
vn 0.7835 0.4762 -0.3992
vn 0.4086 0.8975 -0.1662
vn -0.0233 0.9981 0.0574
vn -0.5690 0.7781 0.2661
vn -0.9202 0.2471 0.3037
vn -0.9191 -0.3639 0.1511
vn -0.5916 -0.7970 -0.1214
vn -0.0849 -0.9092 -0.4077
vn 0.4182 -0.6777 -0.6048
vn 0.7444 -0.1884 -0.6406
vn 0.7738 0.3902 -0.4990
vn 0.4851 0.8428 -0.2332
vn -0.9082 -0.3832 0.1685
vn -0.9021 -0.4085 0.1388
vn -0.8799 -0.4712 0.0607
vn -0.8811 -0.4687 0.0640
vn -0.3483 -0.8261 -0.4431
vn -0.3300 -0.8202 -0.4673
vn -0.2799 -0.8010 -0.5293
vn -0.2821 -0.8019 -0.5267
vn 0.4455 0.7600 -0.4733
vn 0.4577 0.7465 -0.4829
vn 0.5109 0.6816 -0.5238
vn 0.5092 0.6840 -0.5224
vn -0.2330 0.9655 0.1161
vn -0.2106 0.9716 0.1084
vn -0.1002 0.9925 0.0698
vn -0.1038 0.9921 0.0711
vn -0.8074 0.5804 -0.1059
vn -0.9944 -0.0051 -0.1059
vn -0.9793 -0.1725 -0.1061
vn -0.8936 0.4361 -0.1060
vn -0.8015 -0.5886 -0.1059
vn -0.6908 -0.7152 -0.1061
vn -0.3024 -0.9473 -0.1059
vn -0.1386 -0.9847 -0.1060
vn 0.3121 -0.9441 -0.1059
vn 0.4667 -0.8781 -0.1060
vn 0.8074 -0.5804 -0.1059
vn 0.8936 -0.4361 -0.1060
vn 0.9944 0.0051 -0.1059
vn 0.9793 0.1725 -0.1061
vn 0.8015 0.5886 -0.1059
vn 0.6909 0.7151 -0.1061
vn 0.3024 0.9473 -0.1059
vn 0.1386 0.9846 -0.1061
vn 0.3265 0.9419 -0.0784
vn 0.1175 0.9888 -0.0920
vn -0.7931 0.6019 -0.0929
vn -0.9045 0.4190 -0.0797
vn -0.9885 0.0221 -0.1494
vn -0.9855 -0.0053 -0.1698
vn -0.9708 -0.1695 -0.1700
vn -0.9735 -0.1891 -0.1286
vn -0.7941 -0.5836 -0.1698
vn -0.6858 -0.7077 -0.1700
vn -0.2994 -0.9389 -0.1698
vn -0.1389 -0.9756 -0.1700
vn 0.3096 -0.9356 -0.1698
vn 0.4611 -0.8709 -0.1700
vn 0.8004 -0.5749 -0.1698
vn 0.8849 -0.4335 -0.1700
vn 0.9855 0.0053 -0.1698
vn 0.9708 0.1695 -0.1700
vn 0.7941 0.5836 -0.1698
vn 0.6858 0.7077 -0.1700
vn 0.2994 0.9389 -0.1698
vn 0.1389 0.9756 -0.1700
vn -0.3096 0.9356 -0.1698
vn -0.4611 0.8709 -0.1700
vn -0.2889 0.9490 -0.1264
vn -0.4824 0.8634 -0.1477
vn -0.8498 0.4923 -0.1885
vn -0.9768 -0.1125 -0.1821
vn -0.9421 -0.1750 -0.2860
vn -0.8722 0.4174 -0.2549
vn -0.7195 -0.6699 -0.1832
vn -0.6643 -0.6878 -0.2926
vn -0.1881 -0.9621 -0.1976
vn -0.1419 -0.9519 -0.2717
vn 0.4048 -0.8828 -0.2382
vn 0.4480 -0.8583 -0.2503
vn 0.8320 -0.4747 -0.2869
vn 0.8705 -0.4294 -0.2406
vn 0.9436 0.1019 -0.3150
vn 0.9576 0.1645 -0.2367
vn 0.7061 0.6383 -0.3067
vn 0.6802 0.6955 -0.2315
vn 0.2027 0.9422 -0.2667
vn 0.1415 0.9637 -0.2263
vn -0.3912 0.8940 -0.2184
vn -0.4560 0.8595 -0.2309
vn -0.8689 0.4931 0.0428
vn -0.9833 -0.0845 0.1610
vn -0.7580 -0.6291 0.1720
vn -0.2759 -0.9589 0.0663
vn 0.2848 -0.9479 -0.1426
vn 0.7090 -0.5926 -0.3823
vn 0.8353 -0.0137 -0.5496
vn 0.6075 0.5676 -0.5557
vn 0.1169 0.9094 -0.3991
vn -0.4464 0.8793 -0.1662
vn -0.7945 0.6046 0.0574
vn -0.9631 0.0410 0.2661
vn -0.7672 -0.5649 0.3037
vn -0.2892 -0.9453 0.1511
vn 0.2536 -0.9597 -0.1214
vn 0.6574 -0.6337 -0.4076
vn 0.7906 -0.0961 -0.6048
vn 0.6117 0.4642 -0.6405
vn 0.1780 0.8481 -0.4990
vn -0.3558 0.9050 -0.2331
vn -0.2674 -0.9487 0.1687
vn -0.2438 -0.9598 0.1389
vn -0.1808 -0.9816 0.0607
vn -0.1836 -0.9809 0.0640
vn 0.4282 -0.7876 -0.4431
vn 0.4350 -0.7696 -0.4674
vn 0.4513 -0.7185 -0.5292
vn 0.4506 -0.7208 -0.5266
vn -0.3158 0.8223 -0.4734
vn -0.2977 0.8235 -0.4829
vn -0.2138 0.8246 -0.5237
vn -0.2167 0.8247 -0.5224
vn -0.9000 0.4202 0.1162
vn -0.8908 0.4412 0.1085
vn -0.8381 0.5411 0.0698
vn -0.8400 0.5379 0.0711
vn -0.8109 -0.3533 -0.4665
vn 0.6362 0.2772 0.7200
vn 0.2766 -0.9601 0.0420
vn 0.5528 -0.8321 0.0435
vn 0.5528 -0.8322 0.0435
vn 0.4006 -0.9152 0.0433
vn -0.9793 0.1972 0.0459
vn -0.9989 0.0055 0.0473
vn -0.9907 -0.1286 0.0443
vn -0.9814 0.1876 0.0406
vn -0.8540 -0.5180 0.0480
vn -0.7388 -0.6723 0.0472
vn -0.3992 -0.9158 0.0432
vn -0.2669 -0.9628 0.0419
vn -0.0315 -0.9987 0.0398
vn 0.0342 -0.9986 0.0398
vn -0.4034 -0.9136 0.0499
vn -0.0289 -0.9986 0.0445
vn -0.0258 -0.9994 0.0219
vn -0.3938 -0.9189 0.0218
vn -0.8451 -0.5315 0.0576
vn -0.8388 -0.5440 0.0221
vn -0.9974 -0.0431 0.0583
vn -0.9969 -0.0765 0.0203
vn -0.9852 0.1611 0.0582
vn -0.9933 0.1113 0.0323
vn 0.2897 -0.9559 0.0484
vn 0.5416 -0.8391 0.0508
vn 0.5715 -0.8206 -0.0049
vn 0.2885 -0.9572 0.0227
vn 0.0233 -0.9984 -0.0523
vn -0.3017 -0.9517 -0.0571
vn -0.7487 -0.6596 -0.0661
vn -0.9930 -0.0998 -0.0631
vn -0.9761 0.2094 -0.0586
vn 0.9795 -0.1917 -0.0619
vn 0.9886 0.1384 -0.0592
vn 0.9698 0.2337 -0.0697
vn 0.9976 -0.0017 -0.0685
vn 0.8355 -0.5453 -0.0676
vn 0.3939 -0.9173 -0.0584
vn 0.2766 0.9601 0.0422
vn 0.4006 0.9152 0.0433
vn 0.5528 0.8322 0.0435
vn 0.5528 0.8321 0.0435
vn -0.9793 -0.1972 0.0459
vn -0.9814 -0.1876 0.0406
vn -0.9907 0.1286 0.0453
vn -0.9988 -0.0055 0.0477
vn -0.7388 0.6723 0.0472
vn -0.8540 0.5180 0.0480
vn -0.2669 0.9628 0.0421
vn -0.3992 0.9158 0.0432
vn 0.0342 0.9986 0.0399
vn -0.0315 0.9987 0.0399
vn -0.4034 0.9136 0.0499
vn -0.3938 0.9189 0.0218
vn -0.0258 0.9994 0.0219
vn -0.0289 0.9986 0.0446
vn -0.8451 0.5315 0.0576
vn -0.8388 0.5440 0.0221
vn -0.9974 0.0431 0.0583
vn -0.9969 0.0765 0.0203
vn -0.9852 -0.1611 0.0582
vn -0.9933 -0.1113 0.0323
vn 0.9873 0.1491 0.0546
vn 0.9845 0.1728 0.0303
vn 0.9903 -0.1387 0.0110
vn 0.9859 -0.1597 0.0502
vn 0.7388 0.6716 0.0561
vn 0.7355 0.6770 0.0267
vn 0.2897 0.9559 0.0483
vn 0.2885 0.9572 0.0227
vn 0.0002 -0.0001 1.0000
vn 0.0028 -0.0014 1.0000
vn 0.0035 -0.0013 1.0000
vn -0.0001 -0.0007 1.0000
vn -0.0002 0.0004 1.0000
vn -0.3017 0.9517 -0.0570
vn 0.0233 0.9984 -0.0524
vn -0.7487 0.6596 -0.0661
vn -0.9930 0.0998 -0.0633
vn -0.9761 -0.2094 -0.0586
vn 0.9976 0.0017 -0.0685
vn 0.9698 -0.2337 -0.0697
vn 0.8355 0.5453 -0.0676
vn 0.3939 0.9173 -0.0584
vn 0.0000 -1.0000 -0.0030
vn -0.0000 -1.0000 -0.0035
vn 0.0000 -1.0000 -0.0052
vn -0.0000 -1.0000 0.0057
vn 0.0000 -1.0000 0.0074
vn 0.0000 -1.0000 0.0025
vn 0.0009 0.0021 1.0000
vn 0.0001 0.0036 1.0000
vn 0.0006 -0.0021 1.0000
vn 0.0008 -0.0019 1.0000
vn 0.7458 -0.6645 0.0473
vn 0.8566 -0.5137 0.0480
vn 0.4005 -0.9153 0.0433
vn 0.9919 -0.1189 0.0444
vn 0.9989 -0.0014 0.0472
vn 0.9792 0.1988 0.0405
vn 0.9809 0.1891 0.0460
vn -0.9793 0.1972 0.0458
vn -0.9907 -0.1287 0.0443
vn -0.3992 -0.9158 0.0433
vn 0.9873 -0.1491 0.0540
vn 0.9859 0.1597 0.0502
vn 0.9903 0.1387 0.0110
vn 0.9845 -0.1728 0.0303
vn 0.7389 -0.6716 0.0546
vn 0.7356 -0.6769 0.0267
vn 0.0007 0.0002 1.0000
vn 0.0028 0.0014 1.0000
vn 0.0032 0.0012 1.0000
vn -0.0002 -0.0001 1.0000
vn 0.0234 -0.9984 -0.0523
vn -0.9475 0.0348 -0.3178
vn -0.8962 -0.3461 -0.2776
vn -0.8845 -0.3288 0.3310
vn -0.9693 0.0348 0.2435
vn -0.0087 -0.9622 -0.2722
vn 0.0008 -0.9641 -0.2655
vn 0.0001 -0.9532 0.3025
vn -0.0089 -0.9796 0.2008
vn 0.0104 -0.9690 -0.2468
vn 0.0104 -0.9701 0.2426
vn -0.8540 -0.4073 -0.3236
vn -0.8544 -0.4076 0.3222
vn -0.8412 -0.2826 0.4610
vn -0.9235 0.0321 0.3823
vn -0.7979 -0.3806 0.4675
vn 0.0040 -0.9256 0.3786
vn -0.0084 -0.9255 0.3787
vn 0.0099 -0.9255 0.3785
vn -0.9250 0.0346 -0.3784
vn -0.8635 -0.2282 -0.4498
vn -0.0024 -0.9256 -0.3786
vn 0.0099 -0.9255 -0.3785
vn -0.0084 -0.9255 -0.3787
vn -0.7979 -0.3806 -0.4674
vn -0.9473 0.0422 -0.3176
vn -0.8993 -0.3378 -0.2779
vn -0.8885 -0.3192 0.3296
vn -0.9687 0.0423 0.2444
vn 0.9463 0.0311 0.3217
vn 0.9044 -0.3251 0.2764
vn 0.8940 -0.3056 -0.3277
vn 0.9683 0.0312 -0.2477
vn 0.8587 -0.4010 0.3192
vn 0.8593 -0.4012 -0.3173
vn -0.8544 -0.4075 0.3223
vn -0.8444 -0.2758 0.4592
vn -0.9232 0.0392 0.3823
vn 0.9219 0.0307 0.3862
vn 0.8736 -0.2028 0.4425
vn 0.0041 -0.9256 0.3786
vn 0.8039 -0.3754 0.4613
vn -0.9243 0.0417 -0.3794
vn -0.8690 -0.2116 -0.4472
vn 0.8479 -0.2739 -0.4538
vn 0.9211 0.0289 -0.3883
vn 0.8039 -0.3754 -0.4612
vn -0.7979 -0.3806 -0.4675
vn -0.0188 0.9998 0.0000
vn -0.0197 0.9998 0.0000
vn 0.0196 0.9998 0.0000
vn 0.0187 0.9998 0.0000
vn -0.0599 0.9982 0.0000
vn 0.0610 0.9981 0.0000
vn -0.9475 -0.0348 -0.3177
vn -0.9693 -0.0343 0.2435
vn -0.8845 0.3288 0.3310
vn -0.8962 0.3461 -0.2776
vn -0.0088 0.9622 -0.2722
vn -0.0089 0.9796 0.2008
vn 0.0001 0.9532 0.3025
vn 0.0014 0.9641 -0.2654
vn 0.0104 0.9701 0.2426
vn 0.0104 0.9690 -0.2468
vn -0.8545 0.4075 0.3222
vn -0.8541 0.4073 -0.3236
vn -0.9235 -0.0321 0.3822
vn -0.8412 0.2826 0.4609
vn -0.7979 0.3805 0.4675
vn -0.0084 0.9255 0.3787
vn 0.0040 0.9256 0.3786
vn 0.0099 0.9255 0.3785
vn -0.8635 0.2282 -0.4498
vn -0.9250 -0.0346 -0.3784
vn 0.0099 0.9255 -0.3785
vn -0.0024 0.9255 -0.3786
vn -0.0084 0.9255 -0.3787
vn -0.7979 0.3805 -0.4674
vn -0.0197 -0.9998 -0.0000
vn -0.0188 -0.9998 0.0000
vn 0.0196 -0.9998 -0.0000
vn 0.0187 -0.9998 -0.0000
vn -0.0599 -0.9982 -0.0000
vn 0.0610 -0.9981 -0.0000
vn 0.1658 0.0000 -0.9862
vn 0.0966 0.0000 -0.9953
vn 0.0174 0.0000 -0.9998
vn -0.0489 0.0000 -0.9988
vn 0.0069 -0.9992 -0.0384
vn 0.0066 -0.9992 -0.0382
vn 0.0076 -0.9986 -0.0521
vn 0.0081 -0.9986 -0.0528
vn 0.0191 -0.9974 -0.0693
vn 0.0291 -0.9979 -0.0576
vn -0.0700 -0.9806 -0.1831
vn -0.0697 -0.9807 -0.1827
vn 0.0064 0.9993 -0.0380
vn 0.0071 0.9988 -0.0491
vn 0.0070 0.9988 -0.0484
vn 0.0066 0.9993 -0.0381
vn 0.0221 0.9979 -0.0606
vn 0.0176 0.9976 -0.0674
vn -0.0230 0.9904 -0.1365
vn -0.0229 0.9904 -0.1365
vn -0.9975 0.0000 -0.0710
vn -0.9573 0.0000 -0.2891
vn -0.8994 0.0000 -0.4371
vn 0.8485 -0.0000 0.5291
vn 0.9997 0.0000 0.0260
vn 0.9673 -0.0000 0.2535
vn -0.6241 -0.0000 -0.7814
vn -0.5093 0.0000 -0.8606
vn 0.5209 0.0000 0.8536
vn 0.7011 -0.0000 0.7130
vn -0.3076 0.0000 -0.9515
vn 0.3466 -0.0000 0.9380
vn 0.0000 -0.0483 0.9988
vn -0.0000 -0.0176 0.9998
vn 0.0000 0.0157 0.9999
vn 0.0000 -0.0751 -0.9972
vn -0.0000 -0.0014 -1.0000
vn 0.0000 -0.0015 -1.0000
vn 0.0000 0.0472 0.9989
vn 0.0000 0.0736 -0.9973
vn 0.0067 -0.9993 -0.0381
vn 0.0076 -0.9986 -0.0520
vn 0.0081 -0.9986 -0.0529
vn 0.0191 -0.9974 -0.0694
vn 0.0290 -0.9979 -0.0577
vn -0.0701 -0.9806 -0.1832
vn -0.0698 -0.9807 -0.1828
vn 0.0061 0.9993 -0.0379
vn 0.0070 0.9988 -0.0483
vn 0.0066 0.9992 -0.0382
vn 0.0222 0.9979 -0.0605
vn 0.0173 0.9976 -0.0670
vn -0.0231 0.9904 -0.1365
vn 0.1374 0.0000 -0.9905
vn 0.0797 0.0000 -0.9968
vn 0.0153 0.0000 -0.9999
vn -0.0404 0.0000 -0.9992
vn 0.0065 -0.9988 -0.0492
vn 0.0071 -0.9987 -0.0496
vn 0.0078 -0.9979 -0.0648
vn 0.0090 -0.9975 -0.0698
vn 0.0194 -0.9958 -0.0892
vn 0.0335 -0.9968 -0.0732
vn -0.0827 -0.9654 -0.2473
vn -0.0740 -0.9692 -0.2351
vn 0.0065 0.9988 -0.0492
vn 0.0079 0.9979 -0.0648
vn 0.0074 0.9981 -0.0610
vn 0.0071 0.9987 -0.0496
vn 0.0263 0.9965 -0.0794
vn 0.0168 0.9962 -0.0850
vn -0.0246 0.9840 -0.1766
vn -0.0292 0.9827 -0.1830
vn -0.9963 0.0000 -0.0859
vn -0.9481 0.0000 -0.3180
vn -0.8789 -0.0000 -0.4770
vn 0.8143 -0.0000 0.5805
vn 0.9995 0.0000 0.0315
vn 0.9671 0.0000 0.2545
vn -0.5669 -0.0000 -0.8238
vn -0.4556 0.0000 -0.8902
vn 0.4724 -0.0000 0.8814
vn 0.6425 -0.0000 0.7663
vn -0.2577 0.0000 -0.9662
vn 0.2916 0.0000 0.9565
vn 0.0000 -0.0421 0.9991
vn -0.0000 -0.0152 0.9999
vn 0.0000 0.0135 0.9999
vn 0.0000 -0.0655 -0.9979
vn 0.0000 -0.0010 -1.0000
vn 0.0000 -0.0007 -1.0000
vn 0.0000 0.0411 0.9992
vn 0.0000 0.0641 -0.9979
vn 0.0796 0.0000 -0.9968
vn 0.0079 -0.9979 -0.0647
vn 0.0091 -0.9975 -0.0699
vn 0.0190 -0.9958 -0.0894
vn 0.0335 -0.9968 -0.0731
vn -0.0826 -0.9655 -0.2471
vn -0.0740 -0.9692 -0.2350
vn 0.0080 0.9978 -0.0651
vn 0.0074 0.9981 -0.0608
vn 0.0262 0.9965 -0.0794
vn 0.0168 0.9963 -0.0847
vn -0.0246 0.9840 -0.1765
vn -0.0291 0.9827 -0.1829
vn 0.3949 -0.9109 0.1195
vn 0.8678 -0.4813 0.1233
vn 0.9189 -0.3681 -0.1419
vn 0.5016 -0.8596 -0.0972
vn 0.9839 0.1290 0.1235
vn 0.9439 0.2502 -0.2156
vn 0.7352 0.6662 0.1253
vn 0.6119 0.7348 -0.2927
vn 0.2250 0.9656 0.1307
vn 0.0590 0.9355 -0.3483
vn 0.2730 0.9568 0.0996
vn 0.1784 0.9043 -0.3879
vn -0.8649 0.4892 0.1124
vn -0.8642 0.4861 0.1301
vn -0.9007 0.3088 -0.3055
vn -0.9289 0.1586 -0.3346
vn -0.9851 -0.1235 0.1196
vn -0.9382 -0.2699 -0.2166
vn -0.7387 -0.6646 0.1124
vn -0.6452 -0.7512 -0.1391
vn -0.2257 -0.9676 0.1134
vn -0.1121 -0.9890 -0.0964
vn -0.5027 -0.8295 -0.2435
vn -0.8483 -0.4204 -0.3219
vn -0.8962 0.1950 -0.3985
vn -0.9055 0.2807 -0.3183
vn 0.1181 0.9279 -0.3535
vn 0.2047 0.8991 -0.3870
vn 0.7568 0.5689 -0.3220
vn 0.9674 0.0113 -0.2531
vn 0.8268 -0.5247 -0.2029
vn 0.4534 -0.8725 -0.1822
vn -0.0268 -0.9805 -0.1945
vn 0.3240 0.9385 0.1196
vn -0.3149 0.9411 0.1233
vn -0.4290 0.8921 -0.1419
vn 0.2107 0.9727 -0.0972
vn -0.8127 0.5694 0.1235
vn -0.8651 0.4530 -0.2156
vn -0.9921 0.0053 0.1253
vn -0.9475 -0.1287 -0.2928
vn -0.8180 -0.5602 0.1307
vn -0.6754 -0.6500 -0.3483
vn -0.8475 -0.5213 0.0996
vn -0.7422 -0.5465 -0.3880
vn 0.3073 -0.9450 0.1123
vn 0.3089 -0.9422 0.1301
vn 0.4556 -0.8361 -0.3056
vn 0.5780 -0.7443 -0.3347
vn 0.8099 -0.5742 0.1195
vn 0.8742 -0.4346 -0.2167
vn 0.9936 -0.0088 0.1124
vn 0.9832 0.1183 -0.1391
vn 0.8199 0.5611 0.1134
vn 0.7505 0.6538 -0.0965
vn 0.9310 0.2722 -0.2434
vn 0.9095 -0.2629 -0.3219
vn 0.5292 -0.7491 -0.3985
vn 0.4782 -0.8185 -0.3184
vn -0.7137 -0.6046 -0.3536
vn -0.7582 -0.5247 -0.3870
vn -0.9423 0.0915 -0.3220
vn -0.7211 0.6450 -0.2530
vn -0.2554 0.9453 -0.2029
vn 0.2549 0.9496 -0.1822
vn 0.6820 0.7050 -0.1944
vn 0.0000 -0.9935 -0.1139
vn 0.9174 0.0969 -0.3861
vn 0.8957 0.1288 -0.4255
vn 0.9484 0.2001 -0.2459
vn 0.9658 0.1534 -0.2091
vn 0.6747 0.6364 -0.3739
vn 0.6648 0.7217 -0.1928
vn 0.1959 0.9178 -0.3453
vn 0.1274 0.9777 -0.1668
vn -0.3576 0.8655 -0.3506
vn -0.4588 0.8706 -0.1777
vn -0.7747 0.4995 -0.3879
vn -0.8697 0.4412 -0.2214
vn -0.8957 -0.0404 -0.4428
vn -0.9484 -0.1465 -0.2812
vn -0.6747 -0.5481 -0.4944
vn -0.6649 -0.6680 -0.3343
vn -0.1959 -0.8295 -0.5231
vn -0.1274 -0.9241 -0.3603
vn 0.3576 -0.7772 -0.5177
vn 0.4587 -0.8170 -0.3494
vn 0.3667 -0.8272 -0.4257
vn 0.5011 -0.8105 -0.3033
vn 0.0170 -0.1000 0.9948
vn 0.0148 -0.0998 0.9949
vn 0.0142 -0.0966 0.9952
vn 0.0183 -0.0970 0.9951
vn 0.0111 -0.0912 0.9958
vn 0.0088 -0.0892 0.9960
vn 0.0030 -0.0867 0.9962
vn 0.0000 -0.0863 0.9963
vn -0.0062 -0.0876 0.9961
vn -0.0089 -0.0891 0.9960
vn -0.0130 -0.0939 0.9955
vn -0.0143 -0.0967 0.9952
vn -0.0149 -0.1027 0.9946
vn -0.0143 -0.1058 0.9943
vn -0.0110 -0.1112 0.9937
vn -0.0088 -0.1133 0.9935
vn -0.0029 -0.1158 0.9933
vn 0.0000 -0.1161 0.9932
vn 0.0063 -0.1147 0.9934
vn 0.0089 -0.1132 0.9935
vn 0.0088 -0.1173 0.9931
vn 0.0102 -0.1145 0.9934
vn -0.9969 -0.0783 -0.0083
vn -0.9990 -0.0450 -0.0044
vn -0.9380 -0.3450 -0.0336
vn -0.9296 -0.3319 -0.1604
vn -0.7789 -0.6243 -0.0594
vn -0.5608 -0.8242 -0.0784
vn -0.2585 -0.9617 -0.0908
vn 0.0224 -0.9953 -0.0939
vn 0.1928 -0.9769 -0.0926
vn 0.1927 -0.9769 -0.0925
vn 0.8213 -0.5700 0.0223
vn 0.8099 -0.5262 0.2592
vn 0.9105 -0.3018 0.2827
vn 0.8499 -0.5246 -0.0497
vn 0.9390 0.0398 0.3417
vn 0.8867 0.2820 0.3665
vn 0.7111 0.5614 0.4232
vn 0.5245 0.7277 0.4419
vn 0.2302 0.8521 0.4700
vn -0.0270 0.8806 0.4730
vn -0.2614 0.8372 0.4803
vn -0.4222 0.7828 0.4572
vn -0.3831 0.9191 0.0920
vn -0.4900 0.8514 0.1870
vn -0.6785 -0.7336 -0.0391
vn -0.1175 -0.9909 -0.0652
vn -0.0330 -0.9963 0.0795
vn -0.6046 -0.7902 0.1005
vn -0.9802 -0.1974 0.0155
vn -0.9452 -0.2892 0.1514
vn -0.9075 0.4129 0.0775
vn -0.9248 0.3153 0.2129
vn -0.4883 0.8639 0.1234
vn -0.5511 0.7924 0.2615
vn 0.1176 0.9837 0.1357
vn 0.0330 0.9599 0.2785
vn 0.6784 0.7265 0.1095
vn 0.6046 0.7538 0.2576
vn 0.9802 0.1902 0.0549
vn 0.9452 0.2528 0.2066
vn 0.9864 0.1577 0.0457
vn 0.9452 0.2825 0.1639
vn 0.4882 -0.8711 -0.0530
vn 0.5185 -0.8532 -0.0570
vn 0.5763 -0.8137 0.0760
vn 0.5511 -0.8288 0.0966
vn 0.8817 0.4718 0.0000
vn 0.8104 0.4336 0.3939
vn 0.8322 0.4453 0.3305
vn -0.8104 -0.4336 0.3940
vn -0.8321 -0.4453 0.3306
vn -0.8817 -0.4718 -0.0000
vn -0.3398 0.9405 0.0000
vn -0.4671 0.8842 0.0000
vn -0.4037 0.7651 0.5016
vn -0.3148 0.8713 0.3765
vn 0.4388 -0.8986 0.0000
vn 0.5939 -0.8045 0.0000
vn 0.5329 -0.7219 0.4414
vn 0.4415 -0.7557 0.4838
vn 0.7242 0.3875 0.5704
vn -0.3670 0.6919 0.6217
vn -0.2670 0.7389 0.6187
vn -0.7242 -0.3875 0.5705
vn -0.7241 -0.3875 0.5705
vn 0.4666 -0.6321 0.6187
vn 0.4031 -0.6718 0.6215
vn 0.3200 -0.8701 0.3748
vn 0.2717 -0.7386 0.6170
vn 0.3452 -0.9385 -0.0000
vn -0.5893 0.8079 0.0000
vn -0.5464 0.7490 0.3748
vn -0.4638 0.6357 0.6171
vn 0.0420 0.0006 0.9991
vn -0.0245 -0.0003 0.9997
vn 0.0054 0.0000 1.0000
vn -0.0134 -0.0002 0.9999
vn -0.0307 -0.0004 0.9995
vn 0.0008 0.0939 0.9956
vn 0.0004 0.0485 0.9988
vn -0.0008 -0.0913 0.9958
vn -0.0000 -0.0026 1.0000
vn -0.0015 -0.1818 0.9833
vn -0.9794 0.2020 0.0000
vn -0.9002 0.1856 0.3940
vn -0.9244 0.1906 0.3305
vn 0.9002 -0.1856 0.3940
vn 0.9243 -0.1906 0.3306
vn 0.9794 -0.2020 -0.0000
vn -0.3410 -0.9401 -0.0000
vn -0.2072 -0.9783 -0.0000
vn -0.1797 -0.8463 0.5015
vn -0.3159 -0.8709 0.3765
vn 0.2381 0.9712 0.0000
vn 0.0587 0.9983 0.0000
vn 0.0527 0.8958 0.4414
vn 0.1446 0.8632 0.4838
vn -0.8044 0.1659 0.5705
vn -0.8044 0.1659 0.5704
vn -0.1610 -0.7665 0.6217
vn -0.2679 -0.7386 0.6187
vn 0.8044 -0.1659 0.5705
vn 0.0461 0.7843 0.6187
vn 0.1203 0.7741 0.6215
vn 0.3112 0.8733 0.3748
vn 0.2641 0.7413 0.6170
vn 0.3356 0.9420 0.0000
vn -0.0644 -0.9979 -0.0000
vn -0.0597 -0.9252 0.3748
vn -0.0507 -0.7854 0.6170
vn -0.0549 0.0000 0.9985
vn 0.0317 -0.0000 0.9995
vn -0.0067 -0.0000 1.0000
vn 0.0173 0.0000 0.9999
vn 0.0402 0.0000 0.9992
vn -0.5570 -0.8305 -0.0000
vn -0.5119 -0.7634 0.3940
vn -0.5257 -0.7839 0.3305
vn 0.5119 0.7634 0.3939
vn 0.5257 0.7839 0.3305
vn 0.5570 0.8305 0.0000
vn 0.7416 -0.6708 -0.0000
vn 0.8275 -0.5614 -0.0000
vn 0.7157 -0.4860 0.5015
vn 0.6871 -0.6215 0.3764
vn -0.8093 0.5874 0.0000
vn -0.9021 0.4315 0.0000
vn -0.8095 0.3872 0.4413
vn -0.7446 0.4599 0.4837
vn -0.4575 -0.6822 0.5704
vn -0.4575 -0.6821 0.5704
vn 0.6489 -0.4387 0.6216
vn 0.5827 -0.5271 0.6186
vn 0.4575 0.6822 0.5704
vn -0.7088 0.3390 0.6186
vn -0.6713 0.4039 0.6214
vn -0.6911 0.6180 0.3748
vn -0.5867 0.5246 0.6169
vn -0.7454 0.6666 0.0000
vn 0.8996 -0.4366 0.0000
vn 0.8341 -0.4048 0.3748
vn 0.7080 -0.3436 0.6170
vn -0.0012 -0.0716 0.9974
vn 0.0007 0.0408 0.9992
vn -0.0002 -0.0086 1.0000
vn 0.0004 0.0223 0.9998
vn 0.0009 0.0524 0.9986
vn 0.7138 -0.7003 -0.0000
vn 0.6561 -0.6437 0.3939
vn 0.6737 -0.6609 0.3306
vn -0.6561 0.6437 0.3940
vn -0.6737 0.6610 0.3305
vn -0.7138 0.7003 0.0000
vn 0.7959 0.6055 0.0000
vn 0.7041 0.7101 0.0000
vn 0.6095 0.6141 0.5015
vn 0.7373 0.5609 0.3765
vn -0.7263 -0.6874 -0.0000
vn -0.5902 -0.8073 0.0000
vn -0.5296 -0.7244 0.4413
vn -0.5891 -0.6472 0.4838
vn 0.5863 -0.5752 0.5704
vn 0.5506 0.5571 0.6216
vn 0.6253 0.4757 0.6186
vn -0.5863 0.5752 0.5705
vn -0.5863 0.5752 0.5704
vn -0.4637 -0.6343 0.6186
vn -0.5205 -0.5855 0.6215
vn -0.7346 -0.5655 0.3748
vn -0.6236 -0.4801 0.6170
vn -0.7924 -0.6100 -0.0000
vn 0.5947 0.8039 0.0000
vn 0.5514 0.7453 0.3748
vn 0.4681 0.6327 0.6170
vn -0.1600 0.1001 0.9820
vn -0.1608 0.0307 0.9865
vn -0.0470 0.1013 0.9937
vn -0.1600 -0.1000 0.9820
vn 0.0470 -0.1013 0.9937
vn 0.1608 -0.0307 0.9865
vn 0.1600 0.1000 0.9820
vn 0.1600 -0.1001 0.9820
vn 0.0923 -0.9495 0.3000
vn 0.5630 -0.7710 0.2977
vn 0.5761 -0.7621 0.2955
vn 0.1055 -0.9475 0.3017
vn 0.6045 -0.7541 0.2566
vn 0.6183 -0.7341 0.2808
vn 0.9533 -0.0820 0.2905
vn 0.9488 0.0417 0.3131
vn 0.9473 0.0535 0.3157
vn 0.9678 0.0300 0.2499
vn 0.7651 0.5592 0.3192
vn 0.7556 0.5798 0.3049
vn 0.3222 0.8934 0.3130
vn 0.2863 0.9130 0.2906
vn -0.1061 0.9528 0.2844
vn -0.1188 0.9584 0.2597
vn -0.4773 0.8243 0.3045
vn -0.4867 0.8056 0.3379
vn -0.8833 0.3499 0.3121
vn -0.8892 0.3192 0.3276
vn -0.9338 -0.2091 0.2905
vn -0.9273 -0.2386 0.2885
vn -0.7808 -0.5653 0.2660
vn -0.7749 -0.5639 0.2856
vn -0.4918 -0.8199 0.2931
vn -0.4843 -0.8091 0.3329
vn -0.8095 -0.5815 0.0816
vn -0.9808 -0.1877 0.0531
vn -0.8143 0.5235 0.2508
vn -0.8839 0.4553 0.1072
vn -0.2735 0.9218 0.2746
vn -0.3294 0.9360 0.1239
vn -0.2079 0.9781 0.0022
vn 0.4811 0.8618 0.1610
vn 0.5281 0.8455 0.0794
vn 0.8378 0.5397 0.0824
vn 0.9690 -0.1300 0.2099
vn 0.9627 0.2663 0.0481
vn 0.7344 -0.6515 0.1906
vn 0.8416 -0.5295 0.1061
vn 0.4656 -0.8783 0.1085
vn 0.0558 -0.9921 0.1121
vn -0.6693 -0.6887 0.2789
vn -0.6506 -0.7305 0.2076
vn 0.5880 0.8061 0.0669
vn 0.5590 0.8289 0.0199
vn 0.6020 0.7933 0.0911
vn 0.6404 0.7507 0.1621
vn -0.6030 -0.7923 -0.0928
vn -0.5590 -0.8289 -0.0199
vn -0.5881 -0.8060 -0.0672
vn -0.6404 -0.7507 -0.1622
vn -0.0783 -0.0548 0.9954
vn -0.7313 -0.5092 0.4539
vn 0.5397 -0.8415 -0.0227
vn 0.5728 -0.8170 -0.0660
vn 0.5219 -0.8530 -0.0003
vn 0.4663 -0.8822 0.0660
vn -0.5207 0.8538 -0.0012
vn -0.5728 0.8170 0.0660
vn -0.5396 0.8416 0.0225
vn -0.4663 0.8822 -0.0660
vn 0.8444 0.4718 -0.2538
vn 0.8469 0.4677 -0.2532
vn 0.8775 0.4348 -0.2025
vn 0.8509 0.4660 -0.2426
vn 0.5488 -0.2589 -0.7949
vn 0.5485 -0.2613 -0.7943
vn 0.5817 -0.3100 -0.7520
vn 0.5563 -0.2690 -0.7862
vn -0.3847 -0.5829 -0.7157
vn -0.3835 -0.5815 -0.7174
vn -0.3692 -0.6474 -0.6667
vn -0.3837 -0.5903 -0.7101
vn -0.9768 -0.1768 -0.1211
vn -0.9762 -0.1764 -0.1260
vn -0.9709 -0.2328 -0.0570
vn -0.9770 -0.1789 -0.1162
vn -0.7062 0.5711 0.4185
vn -0.7076 0.5709 0.4164
vn -0.6922 0.5257 0.4944
vn -0.7047 0.5697 0.4228
vn 0.2511 0.9039 0.3464
vn 0.2528 0.9031 0.3472
vn 0.2781 0.8669 0.4138
vn 0.2523 0.9007 0.3535
vn 0.3024 -0.8054 0.5097
vn 0.3058 -0.7992 0.5174
vn 0.3005 -0.7969 0.5241
vn 0.2900 -0.8095 0.5105
vn -0.2959 0.7949 -0.5296
vn -0.2859 0.8109 -0.5106
vn -0.2983 0.8069 -0.5099
vn -0.3052 0.7991 -0.5179
vn 0.3594 -0.7719 0.5244
vn 0.3736 -0.7788 0.5039
vn 0.3616 -0.7837 0.5051
vn 0.3528 -0.7819 0.5139
vn -0.3577 0.7853 -0.5054
vn -0.3527 0.7823 -0.5134
vn -0.3563 0.7768 -0.5192
vn -0.3698 0.7804 -0.5042
vn 0.3482 -0.7600 0.5488
vn 0.3537 -0.7625 0.5418
vn -0.3578 0.7642 -0.5366
vn -0.3490 0.7601 -0.5481
vn 0.3159 -0.7665 0.5592
vn 0.3274 -0.7623 0.5583
vn -0.3325 0.7603 -0.5580
vn -0.3192 0.7652 -0.5591
vn 0.2949 -0.7871 0.5418
vn 0.3011 -0.7774 0.5522
vn -0.3014 0.7770 -0.5527
vn -0.2977 0.7827 -0.5466
vn -0.9462 -0.3195 0.0516
vn -0.9463 -0.3191 0.0517
vn -0.9467 -0.3175 0.0538
vn -0.9467 -0.3176 0.0535
vn -0.3461 -0.7311 -0.5880
vn -0.3549 -0.7135 -0.6041
vn -0.3941 -0.6388 -0.6608
vn -0.3823 -0.6622 -0.6445
vn 0.6337 -0.3923 -0.6667
vn 0.6276 -0.3752 -0.6822
vn 0.6019 -0.2956 -0.7418
vn 0.6094 -0.3192 -0.7258
vn 0.9339 0.3480 -0.0821
vn 0.9340 0.3477 -0.0822
vn 0.9335 0.3496 -0.0799
vn 0.9334 0.3496 -0.0802
vn 0.3333 0.7602 0.5576
vn 0.3432 0.7413 0.5768
vn 0.3833 0.6651 0.6409
vn 0.3696 0.6919 0.6202
vn -0.6468 0.4215 0.6356
vn -0.6390 0.4001 0.6570
vn -0.6118 0.3181 0.7243
vn -0.6223 0.3487 0.7008
vn -0.9468 -0.3168 0.0561
vn -0.9468 -0.3169 0.0558
vn -0.4114 -0.6196 -0.6685
vn -0.4101 -0.6193 -0.6696
vn 0.5997 -0.2646 -0.7552
vn 0.5986 -0.2660 -0.7556
vn 0.9333 0.3502 -0.0790
vn 0.9332 0.3506 -0.0787
vn 0.4008 0.6429 0.6527
vn 0.3999 0.6432 0.6530
vn -0.6119 0.2957 0.7336
vn -0.6109 0.2961 0.7343
vn -0.9481 -0.2998 0.1055
vn -0.9520 -0.2720 0.1402
vn -0.9519 -0.2722 0.1404
vn -0.9416 -0.3291 0.0719
vn -0.7792 -0.5256 -0.3415
vn -0.8738 -0.4549 -0.1721
vn -0.8433 -0.4600 -0.2780
vn -0.7692 -0.4844 -0.4167
vn -0.7572 -0.5977 -0.2636
vn -0.8665 -0.4857 -0.1149
vn -0.9486 -0.2957 0.1125
vn -0.9521 -0.2720 0.1401
vn -0.6781 -0.6862 -0.2631
vn -0.7379 -0.6403 -0.2133
vn -0.9416 -0.3287 0.0730
vn -0.9520 -0.2721 0.1402
vn 0.9301 0.3662 -0.0286
vn 0.9392 0.3378 -0.0623
vn 0.9201 0.3916 0.0068
vn 0.9200 0.3918 0.0064
vn 0.8829 0.0597 -0.4658
vn 0.8377 0.0817 -0.5400
vn 0.8989 0.1545 -0.4101
vn 0.9342 0.1833 -0.3062
vn 0.9223 -0.0070 -0.3865
vn 0.9557 0.1580 -0.2482
vn 0.9288 0.3700 -0.0216
vn 0.9200 0.3918 0.0063
vn 0.9161 -0.1262 -0.3805
vn 0.9396 -0.0528 -0.3382
vn 0.9390 0.3384 -0.0611
vn 0.9201 0.3917 0.0065
vn -0.3440 0.8900 -0.2992
vn -0.3442 0.9183 -0.1955
vn -0.3419 0.9320 -0.1201
vn 0.2118 -0.3541 0.9109
vn 0.2757 -0.5705 0.7736
vn 0.2449 -0.4633 0.8517
vn 0.7132 -0.1302 0.6888
vn 0.1580 -0.2988 0.9411
vn -0.0218 -0.3219 0.9465
vn 0.6157 -0.1746 0.7684
vn -0.4766 -0.3243 0.8171
vn -0.6457 -0.2974 0.7033
vn -0.8956 -0.2008 0.3969
vn -0.9675 -0.1329 0.2151
vn -0.9925 0.0073 -0.1222
vn -0.9460 0.0939 -0.3103
vn -0.7513 0.2486 -0.6113
vn -0.5927 0.3230 -0.7379
vn -0.1750 0.4368 -0.8824
vn 0.0070 0.4608 -0.8875
vn 0.4896 0.4544 -0.7442
vn 0.5932 0.4376 -0.6757
vn 0.9000 0.3111 -0.3054
vn 0.9340 0.2794 -0.2226
vn 0.8861 0.3079 -0.3464
vn 0.9525 0.2505 -0.1732
vn 0.7622 -0.1130 0.6374
vn 0.6272 -0.1864 0.7562
vn -0.1122 0.9462 0.3036
vn 0.6972 -0.2731 0.6628
vn 0.1348 -0.6231 0.7704
vn 0.0792 -0.5533 0.8292
vn 0.7060 -0.2184 0.6737
vn -0.4978 -0.6571 0.5660
vn -0.5945 -0.5670 0.5702
vn -0.9050 -0.3858 0.1795
vn -0.9576 -0.2720 0.0950
vn -0.9742 0.0570 -0.2185
vn -0.9118 0.1581 -0.3790
vn -0.6980 0.5033 -0.5093
vn -0.5122 0.5298 -0.6760
vn -0.1674 0.7890 -0.5912
vn 0.0150 0.7063 -0.7077
vn 0.4043 0.8143 -0.4165
vn 0.4902 0.6922 -0.5297
vn 0.8035 0.5912 -0.0702
vn 0.8350 0.5156 -0.1924
vn 0.8364 0.5474 -0.0294
vn 0.8920 0.4419 -0.0947
vn 0.6986 -0.3134 0.6432
vn 0.6467 -0.2898 0.7055
vn 0.7909 -0.3585 0.4960
vn 0.3211 -0.8199 0.4740
vn -0.2754 -0.9148 0.2954
vn -0.7699 -0.6358 0.0557
vn -0.9860 -0.0881 -0.1413
vn -0.8429 0.4973 -0.2056
vn -0.4264 0.8958 -0.1255
vn 0.1110 0.9930 0.0392
vn 0.6058 0.7639 0.2223
vn 0.7125 0.6794 0.1752
vn 0.7475 -0.4454 0.4929
vn 0.8377 -0.3089 0.4504
vn 0.4997 -0.8107 0.3052
vn -0.0302 -0.9939 0.1059
vn -0.5820 -0.8091 -0.0809
vn -0.9445 -0.2790 -0.1735
vn -0.9229 0.3655 -0.1214
vn -0.5642 0.8250 0.0337
vn -0.0520 0.9742 0.2197
vn 0.4585 0.8012 0.3845
vn 0.5054 0.7888 0.3497
vn 0.8195 -0.3906 0.4194
vn -0.6101 -0.7691 -0.1904
vn -0.6447 -0.7432 -0.1789
vn -0.7250 -0.6730 -0.1465
vn -0.7213 -0.6766 -0.1481
vn -0.9941 0.1053 0.0270
vn -0.9903 0.1308 0.0479
vn -0.9762 0.1929 0.0995
vn -0.9771 0.1897 0.0968
vn 0.5851 0.3866 0.7128
vn 0.5712 0.4095 0.7113
vn 0.5157 0.4922 0.7013
vn 0.5183 0.4886 0.7019
vn 0.7388 -0.5452 0.3960
vn 0.7513 -0.5225 0.4032
vn 0.8014 -0.4136 0.4321
vn 0.7999 -0.4175 0.4312
vn 0.7132 0.1302 0.6888
vn 0.6156 0.1746 0.7685
vn -0.0218 0.3226 0.9463
vn 0.1581 0.2992 0.9410
vn -0.6457 0.2974 0.7033
vn -0.4766 0.3243 0.8171
vn -0.9675 0.1329 0.2151
vn -0.8957 0.2007 0.3969
vn -0.9460 -0.0939 -0.3103
vn -0.9925 -0.0073 -0.1222
vn -0.5927 -0.3230 -0.7378
vn -0.7513 -0.2486 -0.6113
vn 0.0070 -0.4608 -0.8875
vn -0.1750 -0.4369 -0.8823
vn 0.5934 -0.4368 -0.6760
vn 0.4896 -0.4544 -0.7442
vn 0.9340 -0.2794 -0.2226
vn 0.9000 -0.3110 -0.3054
vn 0.9525 -0.2505 -0.1732
vn 0.8862 -0.3078 -0.3464
vn 0.7621 0.1129 0.6375
vn 0.6272 0.1865 0.7562
vn 0.6973 0.2730 0.6627
vn 0.7061 0.2183 0.6736
vn 0.0794 0.5534 0.8291
vn 0.1348 0.6231 0.7705
vn -0.5945 0.5670 0.5702
vn -0.4980 0.6570 0.5660
vn -0.9576 0.2720 0.0950
vn -0.9050 0.3858 0.1794
vn -0.9118 -0.1582 -0.3790
vn -0.9742 -0.0570 -0.2185
vn -0.5121 -0.5298 -0.6760
vn -0.6980 -0.5034 -0.5093
vn 0.0150 -0.7063 -0.7077
vn -0.1674 -0.7889 -0.5912
vn 0.4902 -0.6922 -0.5297
vn 0.4043 -0.8143 -0.4165
vn 0.8350 -0.5155 -0.1924
vn 0.8035 -0.5911 -0.0702
vn 0.8920 -0.4419 -0.0948
vn 0.8365 -0.5472 -0.0292
vn 0.6987 0.3133 0.6432
vn 0.6466 0.2898 0.7056
vn 0.3210 0.8199 0.4741
vn 0.7908 0.3586 0.4960
vn -0.2753 0.9148 0.2955
vn -0.7699 0.6357 0.0557
vn -0.9860 0.0882 -0.1413
vn -0.8429 -0.4973 -0.2057
vn -0.4264 -0.8958 -0.1255
vn 0.1110 -0.9930 0.0392
vn 0.6059 -0.7639 0.2223
vn 0.7126 -0.6794 0.1752
vn 0.7476 0.4452 0.4929
vn 0.4996 0.8107 0.3052
vn 0.8376 0.3091 0.4504
vn -0.0300 0.9939 0.1059
vn -0.5820 0.8091 -0.0809
vn -0.9446 0.2788 -0.1734
vn -0.9229 -0.3654 -0.1213
vn -0.5643 -0.8249 0.0337
vn -0.0521 -0.9742 0.2197
vn 0.4585 -0.8012 0.3845
vn 0.5055 -0.7888 0.3496
vn 0.8194 0.3907 0.4195
vn -0.6099 0.7690 -0.1913
vn -0.7213 0.6767 -0.1481
vn -0.7250 0.6730 -0.1465
vn -0.6446 0.7433 -0.1789
vn -0.9940 -0.1058 0.0273
vn -0.9771 -0.1897 0.0968
vn -0.9762 -0.1929 0.0995
vn -0.9902 -0.1313 0.0484
vn 0.5854 -0.3863 0.7128
vn 0.5183 -0.4886 0.7019
vn 0.5158 -0.4921 0.7013
vn 0.5714 -0.4093 0.7113
vn 0.7388 0.5452 0.3961
vn 0.7999 0.4174 0.4312
vn 0.8014 0.4134 0.4322
vn 0.7513 0.5225 0.4032
vn 0.3759 -0.3489 -0.8585
vn 0.3015 0.9535 0.0003
usemtl Texture1
s off
f 1/1/1 2/2/1 3/3/1
f 4/4/1 5/5/1 1/1/1
f 1/1/1 5/5/1 2/2/1
f 6/6/2 7/7/2 8/8/2
f 9/9/2 10/10/2 11/11/2
f 12/12/2 13/13/2 14/14/2
f 15/15/1 16/16/1 17/17/1
f 18/18/1 19/19/1 20/20/1
f 21/21/3 22/22/3 23/23/3
f 24/24/4 25/25/4 26/26/4
f 27/27/2 28/28/2 29/29/2
f 30/30/2 31/31/2 32/32/2
f 33/33/2 34/34/2 35/35/2
f 36/36/2 37/37/2 38/38/2
f 39/39/2 38/38/2 40/40/2
f 41/41/5 42/42/5 43/43/5
f 44/44/5 41/41/5 45/45/5
f 46/46/2 47/47/2 48/48/2
f 49/49/2 48/48/2 50/50/2
f 51/51/5 52/52/5 53/53/5
f 54/54/5 51/51/5 55/55/5
f 56/56/2 57/57/2 58/58/2
f 59/59/2 60/60/2 57/57/2
f 61/61/5 62/62/5 63/63/5
f 64/64/5 65/65/5 61/61/5
f 66/66/6 67/67/6 68/68/6
f 69/69/7 70/70/7 71/71/7
f 72/72/6 73/73/6 74/74/6
f 75/75/7 76/76/7 77/77/7
f 78/78/6 79/79/6 80/80/6
f 81/81/7 82/82/7 83/83/7
f 84/84/6 85/85/6 86/86/6
f 87/87/7 88/88/7 89/89/7
f 90/90/8 91/91/8 92/92/8
f 93/93/9 94/94/9 95/95/9
f 96/96/10 97/97/10 98/98/10
f 99/99/11 100/100/11 101/101/11
f 102/102/12 103/103/12 104/104/12
f 105/105/13 106/106/13 107/107/13
f 108/108/14 109/109/14 110/110/14
f 111/111/15 112/112/15 113/113/15
f 114/114/16 115/115/16 116/116/16
f 114/114/16 116/116/16 117/117/16
f 118/118/17 119/119/17 120/120/17
f 118/118/17 120/120/17 121/121/17
f 122/122/18 123/123/18 124/124/18
f 122/122/18 124/124/18 125/125/18
f 126/126/1 127/127/1 128/128/1
f 126/126/1 128/128/1 129/129/1
f 130/130/1 131/131/1 132/132/1
f 130/130/1 133/133/1 134/134/1
f 130/130/1 134/134/1 135/135/1
f 136/136/1 130/130/1 135/135/1
f 136/136/1 135/135/1 137/137/1
f 129/129/1 128/128/1 138/138/1
f 128/128/1 136/136/1 137/137/1
f 128/128/1 137/137/1 138/138/1
f 139/139/6 140/140/6 141/141/6
f 139/139/6 141/141/6 142/142/6
f 143/143/6 144/144/6 145/145/6
f 143/143/6 145/145/6 146/146/6
f 146/146/6 145/145/6 147/147/6
f 146/146/6 147/147/6 148/148/6
f 148/148/6 147/147/6 149/149/6
f 148/148/6 149/149/6 150/150/6
f 150/150/6 151/151/6 152/152/6
f 153/153/19 154/154/19 155/155/19
f 153/153/19 155/155/19 156/156/19
f 157/157/20 158/158/20 159/159/20
f 157/157/20 159/159/20 160/160/20
f 161/161/21 162/162/21 163/163/21
f 161/161/22 163/163/22 164/164/22
f 161/161/22 164/164/22 165/165/22
f 166/166/23 167/167/23 168/168/23
f 169/169/24 170/170/24 171/171/24
f 172/172/25 173/173/25 174/174/25
f 172/172/25 174/174/25 175/175/25
f 176/176/26 177/177/26 178/178/26
f 176/176/26 178/178/26 179/179/26
f 180/180/27 181/181/27 182/182/27
f 183/183/28 184/184/28 185/185/28
f 186/186/29 187/187/29 188/188/29
f 186/186/29 188/188/29 189/189/29
f 190/190/30 191/191/30 192/192/30
f 190/190/30 192/192/30 193/193/30
f 194/194/31 195/195/31 196/196/31
f 194/194/32 196/196/32 197/197/32
f 198/198/33 199/199/33 200/200/33
f 198/198/33 200/200/33 201/201/33
f 202/202/34 203/203/34 204/204/34
f 202/202/34 204/204/34 205/205/34
f 206/206/34 204/204/34 203/203/34
f 206/206/34 203/203/34 207/207/34
f 208/208/35 209/209/35 210/210/35
f 208/208/36 210/210/36 211/211/36
f 212/212/37 213/213/37 214/214/37
f 212/212/38 214/214/38 215/215/38
f 208/208/39 216/216/39 209/209/39
f 215/215/40 214/214/40 217/217/40
f 215/215/41 217/217/41 218/218/41
f 219/219/42 220/220/42 221/221/42
f 219/219/36 221/221/36 216/216/36
f 222/222/43 223/223/43 224/224/43
f 225/225/42 226/226/42 227/227/42
f 225/225/39 227/227/39 228/228/39
f 224/224/44 223/223/44 229/229/44
f 224/224/38 229/229/38 230/230/38
f 226/226/45 231/231/45 232/232/45
f 230/230/40 229/229/40 233/233/40
f 230/230/46 233/233/46 234/234/46
f 231/231/36 235/235/36 236/236/36
f 231/231/35 236/236/35 232/232/35
f 212/212/46 237/237/46 238/238/46
f 212/212/40 238/238/40 213/213/40
f 239/239/47 240/240/47 241/241/47
f 242/242/48 243/243/48 244/244/48
f 242/242/49 244/244/49 245/245/49
f 246/246/50 247/247/50 248/248/50
f 246/246/51 248/248/51 249/249/51
f 250/250/52 251/251/52 252/252/52
f 250/250/52 252/252/52 253/253/52
f 254/254/53 255/255/53 256/256/53
f 257/257/54 258/258/54 259/259/54
f 260/260/55 261/261/55 262/262/55
f 260/260/55 262/262/55 263/263/55
f 264/264/56 265/265/56 266/266/56
f 267/267/57 268/268/57 269/269/57
f 267/267/57 269/269/57 270/270/57
f 271/271/58 272/272/58 273/273/58
f 271/271/59 273/273/59 274/274/59
f 275/275/60 276/276/60 277/277/60
f 278/278/1 279/279/1 280/280/1
f 281/281/61 282/282/61 283/283/61
f 281/281/61 283/283/61 284/284/61
f 285/285/62 286/286/62 287/287/62
f 285/285/62 287/287/62 288/288/62
f 289/289/63 290/290/63 291/291/63
f 289/289/63 291/291/63 292/292/63
f 293/293/1 294/294/1 295/295/1
f 293/293/1 295/295/1 296/296/1
f 297/297/64 298/298/64 299/299/64
f 297/297/64 299/299/64 300/300/64
f 301/301/65 302/302/65 303/303/65
f 301/301/65 303/303/65 304/304/65
f 305/305/66 306/306/66 307/307/66
f 305/305/66 307/307/66 308/308/66
f 309/309/67 310/310/67 311/311/67
f 312/312/68 313/313/68 314/314/68
f 312/312/68 314/314/68 315/315/68
f 316/316/69 317/317/69 318/318/69
f 316/316/69 318/318/69 319/319/69
f 320/320/1 321/321/1 322/322/1
f 320/320/1 322/322/1 323/323/1
f 323/323/1 322/322/1 324/324/1
f 323/323/1 324/324/1 325/325/1
f 326/326/1 327/327/1 328/328/1
f 327/327/1 329/329/1 330/330/1
f 331/331/1 332/332/1 333/333/1
f 331/331/1 333/333/1 334/334/1
f 335/335/70 336/336/70 337/337/70
f 335/335/70 337/337/70 338/338/70
f 339/339/71 340/340/71 341/341/71
f 339/339/71 341/341/71 342/342/71
f 343/343/72 344/344/72 345/345/72
f 343/343/72 345/345/72 346/346/72
f 347/347/73 348/348/73 349/349/73
f 347/347/73 349/349/73 350/350/73
f 8/8/2 7/7/2 351/351/2
f 8/8/2 351/351/2 352/352/2
f 353/353/6 354/354/6 355/355/6
f 353/353/6 355/355/6 356/356/6
f 357/357/6 353/353/6 356/356/6
f 357/357/6 356/356/6 358/358/6
f 359/359/6 357/357/6 358/358/6
f 359/359/6 358/358/6 360/360/6
f 361/361/7 362/362/7 363/363/7
f 361/361/7 363/363/7 364/364/7
f 362/362/7 365/365/7 366/366/7
f 362/362/7 366/366/7 363/363/7
f 365/365/7 367/367/7 366/366/7
f 6/6/2 9/9/2 11/11/2
f 368/368/2 351/351/2 13/13/2
f 368/368/2 13/13/2 12/12/2
f 369/369/74 370/370/74 371/371/74
f 369/369/74 371/371/74 372/372/74
f 373/373/1 374/374/1 375/375/1
f 373/373/1 375/375/1 376/376/1
f 13/13/2 11/11/2 10/10/2
f 13/13/2 10/10/2 14/14/2
f 377/377/75 378/378/75 379/379/75
f 377/377/75 379/379/75 380/380/75
f 381/381/1 382/382/1 383/383/1
f 381/381/1 383/383/1 384/384/1
f 385/385/76 386/386/76 387/387/76
f 385/385/76 387/387/76 388/388/76
f 389/389/77 390/390/77 391/391/77
f 389/389/77 391/391/77 392/392/77
f 393/393/78 394/394/78 395/395/78
f 393/393/78 395/395/78 396/396/78
f 397/397/1 398/398/1 399/399/1
f 397/397/1 399/399/1 400/400/1
f 401/401/79 402/402/79 403/403/79
f 401/401/79 403/403/79 404/404/79
f 405/405/80 406/406/80 407/407/80
f 405/405/80 407/407/80 408/408/80
f 409/409/1 410/410/1 411/411/1
f 409/409/1 411/411/1 412/412/1
f 15/15/1 17/17/1 410/410/1
f 15/15/1 413/413/1 414/414/1
f 15/15/1 414/414/1 16/16/1
f 16/16/1 415/415/1 416/416/1
f 417/417/1 418/418/1 419/419/1
f 417/417/1 419/419/1 420/420/1
f 18/18/1 417/417/1 420/420/1
f 18/18/1 420/420/1 19/19/1
f 18/18/1 20/20/1 421/421/1
f 20/20/1 19/19/1 422/422/1
f 20/20/1 422/422/1 423/423/1
f 412/412/1 411/411/1 424/424/1
f 419/419/1 418/418/1 425/425/1
f 419/419/1 425/425/1 424/424/1
f 426/426/81 427/427/81 428/428/81
f 426/426/81 428/428/81 429/429/81
f 430/430/82 431/431/82 432/432/82
f 430/430/82 432/432/82 433/433/82
f 434/434/83 435/435/83 436/436/83
f 434/434/84 436/436/84 437/437/84
f 438/438/85 439/439/85 440/440/85
f 438/438/85 440/440/85 441/441/85
f 442/442/86 443/443/86 444/444/86
f 442/442/86 444/444/86 445/445/86
f 446/446/87 447/447/87 448/448/87
f 446/446/87 448/448/87 449/449/87
f 450/450/88 451/451/88 452/452/88
f 450/450/88 452/452/88 453/453/88
f 454/454/89 455/455/89 456/456/89
f 454/454/89 456/456/89 457/457/89
f 458/458/90 459/459/90 460/460/90
f 458/458/90 460/460/90 461/461/90
f 462/462/91 463/463/91 464/464/91
f 462/462/91 464/464/91 465/465/91
f 466/466/92 467/467/92 468/468/92
f 466/466/92 468/468/92 469/469/92
f 467/467/92 470/470/92 468/468/92
f 471/471/93 472/472/93 473/473/93
f 471/471/93 473/473/93 474/474/93
f 475/475/94 476/476/94 477/477/94
f 475/475/95 477/477/95 478/478/95
f 479/479/96 480/480/96 481/481/96
f 479/479/96 481/481/96 482/482/96
f 483/483/97 484/484/97 485/485/97
f 483/483/97 485/485/97 486/486/97
f 487/487/4 488/488/4 489/489/4
f 489/489/3 490/490/3 491/491/3
f 489/489/4 491/491/4 487/487/4
f 492/492/4 25/25/4 24/24/4
f 492/492/3 24/24/3 488/488/3
f 490/490/4 23/23/4 22/22/4
f 490/490/3 22/22/3 491/491/3
f 493/493/5 494/494/5 495/495/5
f 493/493/5 495/495/5 496/496/5
f 497/497/5 498/498/5 499/499/5
f 497/497/5 499/499/5 500/500/5
f 501/501/2 502/502/2 503/503/2
f 501/501/2 503/503/2 504/504/2
f 501/501/2 504/504/2 505/505/2
f 501/501/2 505/505/2 506/506/2
f 507/507/2 508/508/2 509/509/2
f 507/507/2 509/509/2 510/510/2
f 507/507/2 510/510/2 511/511/2
f 507/507/2 511/511/2 512/512/2
f 513/513/98 514/514/98 515/515/98
f 513/513/99 515/515/99 516/516/99
f 517/517/100 518/518/100 519/519/100
f 517/517/101 519/519/101 520/520/101
f 518/518/101 521/521/101 522/522/101
f 518/518/100 522/522/100 519/519/100
f 520/520/100 523/523/100 524/524/100
f 525/525/100 524/524/100 523/523/100
f 522/522/100 521/521/100 526/526/100
f 522/522/101 526/526/101 527/527/101
f 528/528/102 529/529/102 530/530/102
f 531/531/103 532/532/103 533/533/103
f 531/531/103 533/533/103 534/534/103
f 535/535/104 536/536/104 537/537/104
f 535/535/104 537/537/104 538/538/104
f 539/539/105 540/540/105 541/541/105
f 539/539/105 541/541/105 542/542/105
f 543/543/106 544/544/106 545/545/106
f 543/543/106 545/545/106 546/546/106
f 547/547/107 548/548/107 549/549/107
f 547/547/108 549/549/108 550/550/108
f 547/547/108 550/550/108 551/551/108
f 547/547/108 551/551/108 552/552/108
f 553/553/109 554/554/109 555/555/109
f 553/553/109 555/555/109 556/556/109
f 557/557/110 558/558/110 559/559/110
f 560/560/111 561/561/111 562/562/111
f 560/560/111 562/562/111 563/563/111
f 564/564/112 565/565/112 566/566/112
f 564/564/112 566/566/112 567/567/112
f 568/568/113 569/569/113 570/570/113
f 568/568/113 570/570/113 571/571/113
f 572/572/113 573/573/113 574/574/113
f 572/572/113 574/574/113 575/575/113
f 576/576/114 577/577/114 578/578/114
f 576/576/114 578/578/114 579/579/114
f 580/580/111 581/581/111 582/582/111
f 580/580/111 582/582/111 583/583/111
f 584/584/115 585/585/115 586/586/115
f 584/584/115 586/586/115 587/587/115
f 588/588/114 589/589/114 590/590/114
f 588/588/114 590/590/114 591/591/114
f 592/592/116 593/593/116 594/594/116
f 592/592/116 594/594/116 595/595/116
f 596/596/109 597/597/109 598/598/109
f 596/596/109 598/598/109 599/599/109
f 600/600/113 601/601/113 602/602/113
f 600/600/113 602/602/113 603/603/113
f 604/604/114 605/605/114 606/606/114
f 604/604/114 606/606/114 607/607/114
f 608/608/117 609/609/117 610/610/117
f 608/608/118 610/610/118 611/611/118
f 612/612/119 613/613/119 614/614/119
f 612/612/119 614/614/119 615/615/119
f 616/616/120 617/617/120 618/618/120
f 616/616/120 618/618/120 619/619/120
f 620/620/2 621/621/2 622/622/2
f 620/620/2 622/622/2 623/623/2
f 624/624/121 625/625/121 626/626/121
f 627/627/109 628/628/109 629/629/109
f 627/627/109 629/629/109 630/630/109
f 631/631/111 632/632/111 633/633/111
f 631/631/111 633/633/111 634/634/111
f 635/635/113 636/636/113 637/637/113
f 638/638/2 639/639/2 640/640/2
f 638/638/2 640/640/2 641/641/2
f 642/642/114 643/643/114 644/644/114
f 642/642/114 644/644/114 645/645/114
f 646/646/122 647/647/122 648/648/122
f 646/646/122 648/648/122 649/649/122
f 650/650/111 651/651/111 652/652/111
f 650/650/111 652/652/111 653/653/111
f 654/654/123 655/655/123 656/656/123
f 654/654/123 656/656/123 657/657/123
f 658/658/124 659/659/124 660/660/124
f 660/660/125 661/661/125 658/658/125
f 662/662/125 661/661/125 663/663/125
f 664/664/125 665/665/125 666/666/125
f 664/664/125 666/666/125 659/659/125
f 667/667/2 668/668/2 669/669/2
f 667/667/2 669/669/2 670/670/2
f 668/668/2 671/671/2 672/672/2
f 668/668/2 672/672/2 669/669/2
f 671/671/2 673/673/2 674/674/2
f 671/671/2 674/674/2 672/672/2
f 673/673/2 675/675/2 676/676/2
f 673/673/2 676/676/2 674/674/2
f 675/675/2 677/677/2 678/678/2
f 675/675/2 678/678/2 676/676/2
f 677/677/2 679/679/2 680/680/2
f 677/677/2 680/680/2 678/678/2
f 681/681/2 682/682/2 683/683/2
f 681/681/2 683/683/2 684/684/2
f 682/682/2 667/667/2 670/670/2
f 682/682/2 670/670/2 683/683/2
f 685/685/126 686/686/126 687/687/126
f 685/685/127 687/687/127 688/688/127
f 689/689/128 690/690/128 691/691/128
f 689/689/128 691/691/128 692/692/128
f 693/693/129 694/694/129 695/695/129
f 693/693/130 695/695/130 696/696/130
f 697/697/131 698/698/131 699/699/131
f 697/697/131 699/699/131 700/700/131
f 701/701/132 702/702/132 703/703/132
f 701/701/132 703/703/132 704/704/132
f 705/705/133 706/706/133 707/707/133
f 705/705/133 707/707/133 708/708/133
f 709/709/134 710/710/134 711/711/134
f 709/709/134 711/711/134 712/712/134
f 713/713/135 714/714/135 715/715/135
f 713/713/135 715/715/135 716/716/135
f 717/717/136 718/718/136 719/719/136
f 717/717/136 719/719/136 720/720/136
f 721/721/137 722/722/137 723/723/137
f 721/721/138 723/723/138 724/724/138
f 725/725/139 726/726/139 727/727/139
f 725/725/139 727/727/139 728/728/139
f 729/729/140 730/730/140 731/731/140
f 729/729/140 731/731/140 732/732/140
f 733/733/141 734/734/141 735/735/141
f 733/733/141 735/735/141 736/736/141
f 737/737/142 738/738/142 739/739/142
f 737/737/142 739/739/142 740/740/142
f 741/741/143 742/742/143 743/743/143
f 741/741/143 743/743/143 744/744/143
f 745/745/144 746/746/144 747/747/144
f 745/745/144 747/747/144 748/748/144
f 749/749/145 750/750/145 751/751/145
f 749/749/145 751/751/145 752/752/145
f 753/753/2 754/754/2 755/755/2
f 753/753/2 755/755/2 756/756/2
f 756/756/2 757/757/2 758/758/2
f 756/756/2 758/758/2 753/753/2
f 759/759/2 758/758/2 757/757/2
f 759/759/2 757/757/2 760/760/2
f 754/754/2 761/761/2 762/762/2
f 754/754/2 762/762/2 755/755/2
f 763/763/146 764/764/146 765/765/146
f 763/763/146 765/765/146 766/766/146
f 767/767/147 768/768/147 769/769/147
f 767/767/147 769/769/147 770/770/147
f 771/771/148 772/772/148 773/773/148
f 771/771/148 773/773/148 774/774/148
f 775/775/149 776/776/149 777/777/149
f 778/778/150 779/779/150 780/780/150
f 778/778/151 780/780/151 781/781/151
f 782/782/152 783/783/152 784/784/152
f 785/785/153 786/786/153 787/787/153
f 785/785/153 787/787/153 788/788/153
f 789/789/154 790/790/154 791/791/154
f 789/789/154 791/791/154 792/792/154
f 793/793/155 794/794/155 795/795/155
f 793/793/156 795/795/156 796/796/156
f 797/797/157 798/798/157 799/799/157
f 800/800/158 801/801/158 802/802/158
f 800/800/158 802/802/158 803/803/158
f 804/804/159 805/805/159 806/806/159
f 804/804/159 806/806/159 807/807/159
f 808/808/160 809/809/160 810/810/160
f 808/808/161 810/810/161 811/811/161
f 812/812/162 813/813/162 814/814/162
f 812/812/162 814/814/162 815/815/162
f 816/816/163 817/817/163 818/818/163
f 819/819/164 820/820/164 821/821/164
f 819/819/164 821/821/164 822/822/164
f 823/823/155 824/824/155 825/825/155
f 823/823/155 825/825/155 826/826/155
f 827/827/165 828/828/165 829/829/165
f 827/827/165 829/829/165 830/830/165
f 831/831/158 832/832/158 833/833/158
f 831/831/166 833/833/166 834/834/166
f 835/835/167 836/836/167 837/837/167
f 838/838/2 839/839/2 840/840/2
f 838/838/2 840/840/2 841/841/2
f 841/841/2 842/842/2 843/843/2
f 841/841/2 843/843/2 838/838/2
f 844/844/2 843/843/2 842/842/2
f 844/844/2 842/842/2 845/845/2
f 839/839/2 846/846/2 847/847/2
f 839/839/2 847/847/2 840/840/2
f 848/848/151 849/849/151 850/850/151
f 848/848/168 850/850/168 851/851/168
f 852/852/152 853/853/152 854/854/152
f 852/852/152 854/854/152 855/855/152
f 856/856/153 857/857/153 858/858/153
f 859/859/154 860/860/154 861/861/154
f 859/859/169 861/861/169 862/862/169
f 863/863/170 864/864/170 865/865/170
f 863/863/171 865/865/171 866/866/171
f 867/867/172 868/868/172 869/869/172
f 870/870/148 871/871/148 872/872/148
f 870/870/148 872/872/148 873/873/148
f 874/874/149 875/875/149 876/876/149
f 874/874/149 876/876/149 877/877/149
f 878/878/161 879/879/161 880/880/161
f 878/878/173 880/880/173 881/881/173
f 882/882/162 883/883/162 884/884/162
f 882/882/162 884/884/162 885/885/162
f 886/886/163 887/887/163 888/888/163
f 886/886/163 888/888/163 889/889/163
f 890/890/174 891/891/174 892/892/174
f 890/890/175 892/892/175 893/893/175
f 894/894/176 895/895/176 896/896/176
f 894/894/176 896/896/176 897/897/176
f 898/898/177 899/899/177 900/900/177
f 898/898/177 900/900/177 901/901/177
f 902/902/2 903/903/2 904/904/2
f 902/902/2 904/904/2 905/905/2
f 905/905/2 906/906/2 907/907/2
f 908/908/2 904/904/2 903/903/2
f 908/908/2 903/903/2 909/909/2
f 906/906/2 910/910/2 911/911/2
f 906/906/2 911/911/2 907/907/2
f 912/912/5 913/913/5 914/914/5
f 912/912/5 914/914/5 915/915/5
f 916/916/5 912/912/5 915/915/5
f 916/916/5 915/915/5 917/917/5
f 918/918/5 916/916/5 917/917/5
f 918/918/5 917/917/5 919/919/5
f 913/913/5 920/920/5 921/921/5
f 913/913/5 921/921/5 914/914/5
f 922/922/178 923/923/178 924/924/178
f 925/925/179 926/926/179 927/927/179
f 925/925/179 927/927/179 928/928/179
f 929/929/180 930/930/180 931/931/180
f 929/929/181 931/931/181 932/932/181
f 933/933/182 934/934/182 932/932/182
f 933/933/182 932/932/182 931/931/182
f 935/935/183 936/936/183 937/937/183
f 935/935/184 938/938/184 939/939/184
f 935/935/185 939/939/185 940/940/185
f 941/941/2 942/942/2 943/943/2
f 941/941/2 943/943/2 944/944/2
f 944/944/2 945/945/2 946/946/2
f 944/944/2 946/946/2 941/941/2
f 947/947/2 943/943/2 942/942/2
f 947/947/2 942/942/2 948/948/2
f 945/945/2 949/949/2 950/950/2
f 945/945/2 950/950/2 946/946/2
f 951/951/5 952/952/5 953/953/5
f 954/954/5 951/951/5 953/953/5
f 954/954/5 953/953/5 955/955/5
f 956/956/5 954/954/5 955/955/5
f 957/957/5 958/958/5 959/959/5
f 957/957/5 959/959/5 952/952/5
f 960/960/186 961/961/186 962/962/186
f 960/960/187 962/962/187 963/963/187
f 964/964/188 965/965/188 966/966/188
f 964/964/188 966/966/188 967/967/188
f 968/968/189 969/969/189 970/970/189
f 968/968/190 970/970/190 971/971/190
f 972/972/191 971/971/191 970/970/191
f 973/973/192 974/974/192 975/975/192
f 976/976/2 977/977/2 978/978/2
f 979/979/2 980/980/2 981/981/2
f 979/979/2 981/981/2 982/982/2
f 983/983/2 979/979/2 982/982/2
f 983/983/2 982/982/2 984/984/2
f 985/985/2 983/983/2 984/984/2
f 985/985/2 984/984/2 986/986/2
f 987/987/2 985/985/2 986/986/2
f 987/987/2 986/986/2 988/988/2
f 977/977/2 987/987/2 988/988/2
f 977/977/2 988/988/2 978/978/2
f 989/989/2 990/990/2 991/991/2
f 989/989/2 991/991/2 992/992/2
f 993/993/2 991/991/2 990/990/2
f 993/993/2 990/990/2 994/994/2
f 28/28/2 993/993/2 994/994/2
f 28/28/2 994/994/2 29/29/2
f 995/995/2 996/996/2 997/997/2
f 998/998/2 999/999/2 1000/1000/2
f 998/998/2 1000/1000/2 1001/1001/2
f 1002/1002/2 1003/1003/2 999/999/2
f 1002/1002/2 999/999/2 998/998/2
f 1004/1004/2 1005/1005/2 1003/1003/2
f 1004/1004/2 1003/1003/2 1002/1002/2
f 997/997/2 996/996/2 1005/1005/2
f 997/997/2 1005/1005/2 1004/1004/2
f 1006/1006/193 1007/1007/193 1008/1008/193
f 1006/1006/193 1008/1008/193 1009/1009/193
f 1010/1010/2 1011/1011/2 1012/1012/2
f 1010/1010/2 1012/1012/2 1013/1013/2
f 1014/1014/2 1015/1015/2 1013/1013/2
f 1014/1014/2 1013/1013/2 1012/1012/2
f 32/32/2 31/31/2 1015/1015/2
f 32/32/2 1015/1015/2 1014/1014/2
f 1016/1016/2 1017/1017/2 1018/1018/2
f 1019/1019/2 1020/1020/2 1021/1021/2
f 1019/1019/2 1021/1021/2 1022/1022/2
f 1023/1023/2 1019/1019/2 1022/1022/2
f 1024/1024/2 1023/1023/2 1025/1025/2
f 1024/1024/2 1025/1025/2 1026/1026/2
f 1027/1027/2 1024/1024/2 1026/1026/2
f 1027/1027/2 1026/1026/2 1028/1028/2
f 1017/1017/2 1027/1027/2 1028/1028/2
f 1017/1017/2 1028/1028/2 1018/1018/2
f 1029/1029/2 1030/1030/2 1031/1031/2
f 1029/1029/2 1031/1031/2 1032/1032/2
f 1033/1033/2 1031/1031/2 1030/1030/2
f 34/34/2 1033/1033/2 1034/1034/2
f 34/34/2 1034/1034/2 35/35/2
f 1035/1035/2 36/36/2 38/38/2
f 1035/1035/2 38/38/2 1036/1036/2
f 1037/1037/5 41/41/5 44/44/5
f 1037/1037/5 44/44/5 1038/1038/5
f 1036/1036/2 38/38/2 39/39/2
f 1036/1036/2 39/39/2 1039/1039/2
f 1040/1040/5 42/42/5 41/41/5
f 1040/1040/5 41/41/5 1037/1037/5
f 1041/1041/2 46/46/2 48/48/2
f 1041/1041/2 48/48/2 1042/1042/2
f 1043/1043/5 51/51/5 54/54/5
f 1043/1043/5 54/54/5 1044/1044/5
f 1042/1042/2 48/48/2 49/49/2
f 1042/1042/2 49/49/2 1045/1045/2
f 1046/1046/5 52/52/5 51/51/5
f 1046/1046/5 51/51/5 1043/1043/5
f 1047/1047/2 1048/1048/2 57/57/2
f 1047/1047/2 57/57/2 56/56/2
f 1049/1049/5 1050/1050/5 64/64/5
f 1049/1049/5 64/64/5 61/61/5
f 1048/1048/2 1051/1051/2 59/59/2
f 1052/1052/5 1049/1049/5 61/61/5
f 1052/1052/5 61/61/5 63/63/5
f 1053/1053/6 1054/1054/6 1055/1055/6
f 1053/1053/6 1055/1055/6 1056/1056/6
f 1055/1055/6 1054/1054/6 67/67/6
f 1055/1055/6 67/67/6 66/66/6
f 68/68/6 67/67/6 1057/1057/6
f 68/68/6 1057/1057/6 1058/1058/6
f 1059/1059/7 1060/1060/7 1061/1061/7
f 1059/1059/7 1061/1061/7 1062/1062/7
f 1061/1061/7 69/69/7 71/71/7
f 1061/1061/7 71/71/7 1062/1062/7
f 70/70/7 1063/1063/7 1064/1064/7
f 70/70/7 1064/1064/7 71/71/7
f 1065/1065/194 1066/1066/194 1067/1067/194
f 1065/1065/194 1067/1067/194 1068/1068/194
f 1069/1069/195 1070/1070/195 1071/1071/195
f 1069/1069/195 1071/1071/195 1072/1072/195
f 1073/1073/5 1074/1074/5 1075/1075/5
f 1073/1073/5 1075/1075/5 1076/1076/5
f 1077/1077/1 1078/1078/1 1079/1079/1
f 1077/1077/1 1079/1079/1 1080/1080/1
f 1081/1081/74 1082/1082/74 1083/1083/74
f 1081/1081/74 1083/1083/74 1084/1084/74
f 1085/1085/6 1086/1086/6 1087/1087/6
f 1085/1085/6 1087/1087/6 1088/1088/6
f 1089/1089/7 1090/1090/7 1091/1091/7
f 1089/1089/7 1091/1091/7 1092/1092/7
f 1083/1083/74 1082/1082/74 1093/1093/74
f 1083/1083/74 1093/1093/74 1094/1094/74
f 1079/1079/1 1078/1078/1 1095/1095/1
f 1079/1079/1 1095/1095/1 1096/1096/1
f 1097/1097/6 1098/1098/6 1099/1099/6
f 1097/1097/6 1099/1099/6 1100/1100/6
f 1099/1099/6 1098/1098/6 73/73/6
f 1099/1099/6 73/73/6 72/72/6
f 74/74/6 73/73/6 1101/1101/6
f 74/74/6 1101/1101/6 1102/1102/6
f 1103/1103/7 1104/1104/7 1105/1105/7
f 1103/1103/7 1105/1105/7 1106/1106/7
f 1105/1105/7 75/75/7 77/77/7
f 1105/1105/7 77/77/7 1106/1106/7
f 76/76/7 1107/1107/7 1108/1108/7
f 76/76/7 1108/1108/7 77/77/7
f 1109/1109/194 1110/1110/194 1111/1111/194
f 1109/1109/194 1111/1111/194 1112/1112/194
f 1113/1113/195 1114/1114/195 1115/1115/195
f 1113/1113/195 1115/1115/195 1116/1116/195
f 1117/1117/5 1118/1118/5 1119/1119/5
f 1117/1117/5 1119/1119/5 1120/1120/5
f 1121/1121/6 1122/1122/6 1123/1123/6
f 1121/1121/6 1123/1123/6 1124/1124/6
f 1123/1123/6 1122/1122/6 79/79/6
f 1123/1123/6 79/79/6 78/78/6
f 80/80/6 79/79/6 1125/1125/6
f 1126/1126/7 1127/1127/7 1128/1128/7
f 1126/1126/7 1128/1128/7 1129/1129/7
f 1128/1128/7 81/81/7 83/83/7
f 1128/1128/7 83/83/7 1129/1129/7
f 82/82/7 1130/1130/7 83/83/7
f 1131/1131/196 1132/1132/196 1133/1133/196
f 1131/1131/196 1133/1133/196 1134/1134/196
f 1135/1135/197 1136/1136/197 1137/1137/197
f 1135/1135/197 1137/1137/197 1138/1138/197
f 1139/1139/5 1140/1140/5 1141/1141/5
f 1139/1139/5 1141/1141/5 1142/1142/5
f 1143/1143/1 1144/1144/1 1145/1145/1
f 1143/1143/1 1145/1145/1 1146/1146/1
f 1147/1147/74 1148/1148/74 1149/1149/74
f 1147/1147/74 1149/1149/74 1150/1150/74
f 1151/1151/6 1152/1152/6 1153/1153/6
f 1151/1151/6 1153/1153/6 1154/1154/6
f 1155/1155/7 1156/1156/7 1157/1157/7
f 1155/1155/7 1157/1157/7 1158/1158/7
f 1149/1149/74 1148/1148/74 1159/1159/74
f 1149/1149/74 1159/1159/74 1160/1160/74
f 1145/1145/1 1144/1144/1 1161/1161/1
f 1145/1145/1 1161/1161/1 1162/1162/1
f 1163/1163/6 1164/1164/6 1165/1165/6
f 1163/1163/6 1165/1165/6 1166/1166/6
f 1165/1165/6 1164/1164/6 85/85/6
f 1165/1165/6 85/85/6 84/84/6
f 86/86/6 85/85/6 1167/1167/6
f 1168/1168/7 1169/1169/7 1170/1170/7
f 1168/1168/7 1170/1170/7 1171/1171/7
f 1170/1170/7 87/87/7 89/89/7
f 1170/1170/7 89/89/7 1171/1171/7
f 88/88/7 1172/1172/7 89/89/7
f 1173/1173/197 1174/1174/197 1175/1175/197
f 1173/1173/197 1175/1175/197 1176/1176/197
f 1177/1177/5 1178/1178/5 1179/1179/5
f 1177/1177/5 1179/1179/5 1180/1180/5
f 1181/1181/198 1182/1182/198 1183/1183/198
f 1181/1181/198 1183/1183/198 1184/1184/198
f 1182/1182/198 90/90/198 92/92/198
f 1182/1182/198 92/92/198 1183/1183/198
f 95/95/198 1181/1181/198 1184/1184/198
f 95/95/198 1184/1184/198 93/93/198
f 1185/1185/10 1186/1186/10 1187/1187/10
f 1185/1185/10 1187/1187/10 1188/1188/10
f 1186/1186/199 96/96/199 98/98/199
f 1186/1186/10 98/98/10 1187/1187/10
f 101/101/10 1185/1185/10 1188/1188/10
f 101/101/11 1188/1188/11 99/99/11
f 1189/1189/1 1190/1190/1 1191/1191/1
f 1189/1189/1 1191/1191/1 1192/1192/1
f 1193/1193/200 1194/1194/200 1195/1195/200
f 1193/1193/201 1195/1195/201 1196/1196/201
f 1197/1197/202 1198/1198/202 1199/1199/202
f 1197/1197/202 1199/1199/202 1200/1200/202
f 1201/1201/1 1202/1202/1 1203/1203/1
f 1204/1204/203 1205/1205/203 1206/1206/203
f 1204/1204/204 1206/1206/204 1207/1207/204
f 1208/1208/205 1209/1209/205 1210/1210/205
f 1208/1208/205 1210/1210/205 1211/1211/205
f 1212/1212/206 1213/1213/206 1214/1214/206
f 1212/1212/206 1214/1214/206 1215/1215/206
f 1216/1216/207 1217/1217/207 1218/1218/207
f 1216/1216/207 1218/1218/207 1219/1219/207
f 1220/1220/1 1221/1221/1 1222/1222/1
f 1220/1220/1 1222/1222/1 1223/1223/1
f 1224/1224/2 1225/1225/2 1226/1226/2
f 1224/1224/2 1226/1226/2 1227/1227/2
f 1227/1227/2 1226/1226/2 1228/1228/2
f 1227/1227/2 1228/1228/2 1229/1229/2
f 1230/1230/208 1231/1231/208 1232/1232/208
f 1233/1233/209 1234/1234/209 1235/1235/209
f 1236/1236/209 1233/1233/209 1235/1235/209
f 1236/1236/209 1235/1235/209 1237/1237/209
f 1238/1238/208 1239/1239/208 1240/1240/208
f 1238/1238/208 1240/1240/208 1241/1241/208
f 1242/1242/209 1236/1236/209 1237/1237/209
f 1242/1242/209 1237/1237/209 1243/1243/209
f 1244/1244/210 1245/1245/210 1246/1246/210
f 1244/1244/210 1246/1246/210 1247/1247/210
f 1248/1248/211 1249/1249/211 1250/1250/211
f 1245/1245/210 1251/1251/210 1252/1252/210
f 1253/1253/211 1248/1248/211 1250/1250/211
f 1253/1253/211 1250/1250/211 1254/1254/211
f 1255/1255/2 1256/1256/2 1257/1257/2
f 1255/1255/2 1257/1257/2 1258/1258/2
f 1258/1258/2 1257/1257/2 1259/1259/2
f 1258/1258/2 1259/1259/2 1260/1260/2
f 1261/1261/6 1262/1262/6 1263/1263/6
f 1261/1261/6 1263/1263/6 1264/1264/6
f 1265/1265/7 1266/1266/7 1267/1267/7
f 1262/1262/6 1268/1268/6 1269/1269/6
f 1262/1262/6 1269/1269/6 1263/1263/6
f 1270/1270/7 1265/1265/7 1267/1267/7
f 1270/1270/7 1267/1267/7 1271/1271/7
f 1272/1272/2 1273/1273/2 1274/1274/2
f 1272/1272/2 1274/1274/2 1275/1275/2
f 1275/1275/2 1274/1274/2 1276/1276/2
f 1275/1275/2 1276/1276/2 1277/1277/2
f 1278/1278/212 1279/1279/212 1280/1280/212
f 1278/1278/212 1280/1280/212 1281/1281/212
f 1282/1282/213 1283/1283/213 1284/1284/213
f 1282/1282/213 1284/1284/213 1285/1285/213
f 1279/1279/212 1286/1286/212 1287/1287/212
f 1279/1279/212 1287/1287/212 1280/1280/212
f 1288/1288/213 1285/1285/213 1289/1289/213
f 1286/1286/212 1290/1290/212 1291/1291/212
f 1286/1286/212 1291/1291/212 1287/1287/212
f 1292/1292/213 1288/1288/213 1289/1289/213
f 1292/1292/213 1289/1289/213 1293/1293/213
f 1294/1294/2 1295/1295/2 1296/1296/2
f 1294/1294/2 1296/1296/2 1297/1297/2
f 1297/1297/2 1296/1296/2 1298/1298/2
f 1297/1297/2 1298/1298/2 1299/1299/2
f 1300/1300/214 1301/1301/214 1302/1302/214
f 1300/1300/214 1302/1302/214 1303/1303/214
f 1304/1304/214 1300/1300/214 1303/1303/214
f 1304/1304/214 1303/1303/214 1305/1305/214
f 1306/1306/214 1304/1304/214 1305/1305/214
f 1306/1306/214 1305/1305/214 1307/1307/214
f 1306/1306/214 1307/1307/214 1308/1308/214
f 1306/1306/214 1308/1308/214 1309/1309/214
f 1301/1301/214 1310/1310/214 1302/1302/214
f 1311/1311/215 1312/1312/215 1313/1313/215
f 1311/1311/215 1313/1313/215 1314/1314/215
f 1315/1315/216 1316/1316/216 1317/1317/216
f 1318/1318/217 1319/1319/217 1320/1320/217
f 1318/1318/217 1320/1320/217 1321/1321/217
f 1322/1322/218 1323/1323/218 1324/1324/218
f 1322/1322/219 1324/1324/219 1325/1325/219
f 1326/1326/220 1327/1327/220 1328/1328/220
f 1329/1329/221 1330/1330/221 1331/1331/221
f 1329/1329/221 1331/1331/221 1332/1332/221
f 1333/1333/222 1334/1334/222 1335/1335/222
f 1333/1333/222 1335/1335/222 1336/1336/222
f 1337/1337/223 1338/1338/223 1339/1339/223
f 1340/1340/224 1341/1341/224 1342/1342/224
f 1343/1343/225 1344/1344/225 1342/1342/225
f 1343/1343/225 1342/1342/225 1341/1341/225
f 1345/1345/226 1346/1346/226 1347/1347/226
f 1345/1345/226 1348/1348/226 1349/1349/226
f 1345/1345/226 1349/1349/226 1350/1350/226
f 1351/1351/227 1352/1352/227 1353/1353/227
f 1351/1351/227 1353/1353/227 1354/1354/227
f 1355/1355/228 1356/1356/228 1357/1357/228
f 1355/1355/229 1357/1357/229 1358/1358/229
f 1359/1359/230 1360/1360/230 1361/1361/230
f 1359/1359/231 1361/1361/231 1362/1362/231
f 1363/1363/232 1364/1364/232 1365/1365/232
f 1363/1363/233 1365/1365/233 1366/1366/233
f 1367/1367/234 1368/1368/234 1369/1369/234
f 1367/1367/235 1369/1369/235 1370/1370/235
f 1371/1371/236 1372/1372/236 1373/1373/236
f 1371/1371/237 1373/1373/237 1374/1374/237
f 1375/1375/238 1376/1376/238 1377/1377/238
f 1378/1378/239 1379/1379/239 1380/1380/239
f 1378/1378/239 1380/1380/239 1381/1381/239
f 1382/1382/240 1383/1383/240 1384/1384/240
f 1382/1382/241 1384/1384/241 1385/1385/241
f 1386/1386/242 1387/1387/242 1388/1388/242
f 1386/1386/242 1388/1388/242 1389/1389/242
f 1390/1390/243 1391/1391/243 1392/1392/243
f 1390/1390/244 1392/1392/244 1393/1393/244
f 1394/1394/245 1395/1395/245 1396/1396/245
f 1394/1394/246 1396/1396/246 1397/1397/246
f 1398/1398/247 1399/1399/247 1400/1400/247
f 1398/1398/248 1400/1400/248 1401/1401/248
f 1402/1402/247 1398/1398/247 1401/1401/247
f 1402/1402/247 1401/1401/247 1403/1403/247
f 1404/1404/247 1402/1402/247 1403/1403/247
f 1404/1404/247 1403/1403/247 1405/1405/247
f 1399/1399/247 1406/1406/247 1407/1407/247
f 1408/1408/249 1409/1409/249 1410/1410/249
f 1408/1408/250 1410/1410/250 1411/1411/250
f 1412/1412/251 1413/1413/251 1414/1414/251
f 1412/1412/252 1414/1414/252 1415/1415/252
f 1416/1416/253 1417/1417/253 1418/1418/253
f 1416/1416/254 1418/1418/254 1419/1419/254
f 1420/1420/255 1421/1421/255 1419/1419/255
f 1420/1420/256 1419/1419/256 1418/1418/256
f 1422/1422/257 1423/1423/257 1424/1424/257
f 1422/1422/257 1424/1424/257 1425/1425/257
f 1422/1422/258 1425/1425/258 1426/1426/258
f 1427/1427/259 1428/1428/259 1429/1429/259
f 1427/1427/259 1429/1429/259 1430/1430/259
f 1431/1431/260 1432/1432/260 1428/1428/260
f 1431/1431/259 1428/1428/259 1427/1427/259
f 1433/1433/259 1432/1432/259 1431/1431/259
f 1430/1430/261 1429/1429/261 1434/1434/261
f 1430/1430/259 1434/1434/259 1435/1435/259
f 1436/1436/262 1437/1437/262 1438/1438/262
f 1436/1436/263 1438/1438/263 1439/1439/263
f 1440/1440/264 1441/1441/264 1442/1442/264
f 1440/1440/265 1442/1442/265 1443/1443/265
f 1444/1444/266 1445/1445/266 1446/1446/266
f 1444/1444/267 1446/1446/267 1447/1447/267
f 1448/1448/266 1446/1446/266 1445/1445/266
f 1448/1448/267 1445/1445/267 1449/1449/267
f 1450/1450/268 1451/1451/268 1452/1452/268
f 1450/1450/269 1453/1453/269 1454/1454/269
f 1450/1450/270 1454/1454/270 1455/1455/270
f 1456/1456/271 1457/1457/271 1458/1458/271
f 1459/1459/272 1460/1460/272 1461/1461/272
f 1459/1459/271 1461/1461/271 1457/1457/271
f 1462/1462/273 1463/1463/273 1464/1464/273
f 1462/1462/273 1464/1464/273 1465/1465/273
f 1465/1465/273 1464/1464/273 1466/1466/273
f 1465/1465/273 1466/1466/273 1467/1467/273
f 1467/1467/273 1466/1466/273 1468/1468/274
f 1469/1469/275 1470/1470/275 1471/1471/275
f 1470/1470/275 1472/1472/275 1473/1473/275
f 1470/1470/275 1473/1473/275 1471/1471/275
f 1474/1474/276 1475/1475/276 1476/1476/276
f 1476/1476/277 1477/1477/277 1478/1478/277
f 1478/1478/278 1477/1477/278 1479/1479/279
f 1480/1480/13 1481/1481/13 1482/1482/13
f 1480/1480/280 1482/1482/280 1483/1483/280
f 1481/1481/281 105/105/281 107/107/281
f 1481/1481/13 107/107/13 1482/1482/13
f 1484/1484/282 1485/1485/282 1486/1486/282
f 1484/1484/282 1486/1486/282 1487/1487/282
f 1487/1487/283 1486/1486/283 1488/1488/283
f 1487/1487/284 1488/1488/284 1489/1489/284
f 1490/1490/285 1491/1491/285 1492/1492/285
f 1490/1490/286 1492/1492/286 1493/1493/286
f 1491/1491/287 108/108/287 110/110/287
f 1491/1491/288 110/110/288 1492/1492/288
f 1494/1494/289 1495/1495/289 1496/1496/289
f 1494/1494/289 1496/1496/289 1497/1497/289
f 1497/1497/289 1496/1496/289 112/112/289
f 1497/1497/290 112/112/290 111/111/290
f 1498/1498/2 1499/1499/2 1500/1500/2
f 1498/1498/2 1500/1500/2 1501/1501/2
s 1
f 1502/1502/291 1503/1503/292 1504/1504/293
f 1505/1505/294 1506/1506/295 1507/1507/296
f 1508/1508/297 1509/1509/298 1510/1510/299
f 1511/1511/300 1512/1512/301 1513/1513/302
f 1514/1514/303 1515/1515/304 1516/1516/305
f 1517/1517/306 1518/1518/307 1519/1519/306
f 1520/1520/308 1521/1521/309 1522/1522/310
f 1523/1523/311 1524/1524/312 1525/1525/313
f 1526/1526/314 1527/1527/315 1528/1528/316
f 1529/1529/317 1527/1527/315 1526/1526/314
f 1530/1530/318 1531/1531/319 1532/1532/320
f 1533/1533/321 1534/1534/322 1535/1535/323
f 1536/1536/324 1533/1533/321 1535/1535/323
f 1537/1537/325 1538/1538/326 1539/1539/327
f 352/352/2 351/351/2 368/368/2
f 1540/1540/328 1541/1541/329 1542/1542/330
f 1543/1543/331 1544/1544/332 1545/1545/333
f 1546/1546/334 1547/1547/335 1548/1548/336
f 1549/1549/337 1550/1550/338 1551/1551/339
f 1552/1552/340 1553/1553/341 1554/1554/342
f 1555/1555/343 1556/1556/344 1557/1557/345
f 1558/1558/346 1559/1559/347 1560/1560/348
f 1561/1561/349 1562/1562/350 1563/1563/351
f 1564/1564/352 1565/1565/353 1566/1566/354
f 1567/1567/355 1568/1568/356 1569/1569/357
f 1570/1570/358 1571/1571/359 1572/1572/360
f 1573/1573/361 1574/1574/362 1575/1575/363
f 1576/1576/364 1577/1577/365 1578/1578/366
f 1579/1579/367 1580/1580/368 1581/1581/369
f 1580/1580/368 1582/1582/370 1581/1581/369
f 1582/1582/370 1583/1583/371 1581/1581/369
f 1583/1583/371 1584/1584/372 1581/1581/369
f 1584/1584/372 1585/1585/373 1581/1581/369
f 1585/1585/373 1586/1586/374 1581/1581/369
f 1586/1586/374 1587/1587/375 1581/1581/369
f 1587/1587/375 1588/1588/376 1581/1581/369
f 1588/1588/376 1589/1589/377 1581/1581/369
f 1589/1589/377 1590/1590/378 1581/1581/369
f 1590/1590/378 1591/1591/379 1581/1581/369
f 1591/1591/379 1592/1592/380 1581/1581/369
f 1592/1592/380 1579/1579/367 1581/1581/369
f 1593/1593/381 1594/1594/382 1595/1595/383
f 1594/1594/382 1596/1596/384 1595/1595/383
f 1596/1596/384 1597/1597/385 1595/1595/383
f 1597/1597/385 1598/1598/386 1595/1595/383
f 1598/1598/386 1599/1599/387 1595/1595/383
f 1600/1600/388 1601/1601/389 1595/1595/383
f 1601/1601/389 1602/1602/390 1595/1595/383
f 1602/1602/390 1603/1603/391 1595/1595/383
f 1603/1603/391 1604/1604/392 1595/1595/383
f 1604/1604/392 1605/1605/393 1595/1595/383
f 1605/1605/393 1606/1606/394 1595/1595/383
f 1606/1606/394 1593/1593/381 1595/1595/383
f 1607/1607/395 1608/1608/396 1609/1609/397
f 1609/1609/397 1608/1608/396 1610/1610/398
f 1611/1611/399 1612/1612/400 1613/1613/401
f 1613/1613/401 1612/1612/400 1614/1614/402
f 1615/1615/403 1609/1609/397 1610/1610/398
f 1611/1611/399 1613/1613/401 1616/1616/404
f 1617/1617/405 1618/1618/406 1619/1619/407
f 1619/1619/407 1618/1618/406 1620/1620/408
f 1620/1620/408 1618/1618/406 1621/1621/409
f 1622/1622/410 1623/1623/411 1624/1624/412
f 1622/1622/410 1625/1625/413 1623/1623/411
f 1623/1623/411 1625/1625/413 1626/1626/414
f 1627/1627/415 1628/1628/416 1629/1629/417
f 1629/1629/417 1628/1628/416 1630/1630/418
f 1631/1631/419 1632/1632/420 1633/1633/421
f 1633/1633/421 1632/1632/420 1634/1634/422
f 1635/1635/423 1629/1629/417 1630/1630/418
f 1631/1631/419 1633/1633/421 1636/1636/424
f 1637/1637/425 1638/1638/426 1639/1639/427
f 1640/1640/428 1637/1637/425 1639/1639/427
f 1641/1641/429 1640/1640/428 1639/1639/427
f 1642/1642/430 1641/1641/429 1639/1639/427
f 1643/1643/431 1642/1642/430 1639/1639/427
f 1638/1638/426 1643/1643/431 1639/1639/427
f 1644/1644/432 1645/1645/433 1646/1646/434
f 1645/1645/433 1647/1647/435 1646/1646/434
f 1647/1647/435 1648/1648/436 1646/1646/434
f 1648/1648/436 1649/1649/437 1646/1646/434
f 1649/1649/437 1650/1650/438 1646/1646/434
f 1650/1650/438 1644/1644/432 1646/1646/434
f 1651/1651/439 1652/1652/440 1653/1653/441
f 1654/1654/442 1651/1651/439 1653/1653/441
f 1655/1655/443 1654/1654/442 1653/1653/441
f 1656/1656/444 1655/1655/443 1653/1653/441
f 1657/1657/445 1656/1656/444 1653/1653/441
f 1652/1652/440 1657/1657/445 1653/1653/441
f 1658/1658/446 1659/1659/447 1660/1660/448
f 1659/1659/447 1661/1661/449 1660/1660/448
f 1661/1661/449 1662/1662/450 1660/1660/448
f 1662/1662/450 1663/1663/451 1660/1660/448
f 1663/1663/451 1664/1664/452 1660/1660/448
f 1664/1664/452 1658/1658/446 1660/1660/448
f 1665/1665/453 1666/1666/454 1667/1667/455
f 1668/1668/456 1669/1669/457 1670/1670/458
f 1671/1671/459 1672/1672/460 1673/1673/461
f 1674/1674/462 1675/1675/463 1676/1676/464
f 1675/1675/463 1677/1677/465 1676/1676/464
f 1677/1677/465 1678/1678/466 1676/1676/464
f 1678/1678/466 1679/1679/467 1676/1676/464
f 1679/1679/467 1680/1680/468 1676/1676/464
f 1680/1680/468 1681/1681/469 1676/1676/464
f 1681/1681/469 1682/1682/470 1676/1676/464
f 1682/1682/470 1683/1683/471 1676/1676/464
f 1683/1683/471 1684/1684/472 1676/1676/464
f 1684/1684/472 1674/1674/462 1676/1676/464
f 1685/1685/473 1686/1686/474 1687/1687/475
f 1686/1686/474 1688/1688/476 1687/1687/475
f 1688/1688/476 1689/1689/477 1687/1687/475
f 1689/1689/477 1690/1690/478 1687/1687/475
f 1690/1690/478 1691/1691/479 1687/1687/475
f 1691/1691/479 1692/1692/480 1687/1687/475
f 1692/1692/480 1693/1693/481 1687/1687/475
f 1693/1693/481 1694/1694/482 1687/1687/475
f 1694/1694/482 1695/1695/483 1687/1687/475
f 1695/1695/483 1685/1685/473 1687/1687/475
f 1696/1696/484 1697/1697/485 1698/1698/486
f 1697/1697/485 1699/1699/487 1698/1698/486
f 1699/1699/487 1700/1700/488 1698/1698/486
f 1700/1700/488 1701/1701/489 1698/1698/486
f 1701/1701/489 1702/1702/490 1698/1698/486
f 1702/1702/490 1703/1703/491 1698/1698/486
f 1703/1703/491 1704/1704/492 1698/1698/486
f 1704/1704/492 1705/1705/493 1698/1698/486
f 1705/1705/493 1706/1706/494 1698/1698/486
f 1706/1706/494 1696/1696/484 1698/1698/486
f 1707/1707/495 1708/1708/495 1709/1709/495
f 1710/1710/496 1711/1711/497 1712/1712/498
f 1713/1713/499 1468/1468/500 1714/1714/501
f 1715/1715/502 1716/1716/503 1717/1717/504
f 1718/1718/505 1479/1479/506 1719/1719/507
f 1489/1489/283 1488/1488/283 1720/1720/283
f 1721/1721/508 1722/1722/508 1723/1723/508
f 1721/1721/508 1723/1723/508 1724/1724/508
f 130/130/1 132/132/1 133/133/1
f 1725/1725/2 1726/1726/2 1727/1727/2
f 1725/1725/2 1727/1727/2 1728/1728/2
f 129/129/1 138/138/1 1729/1729/1
f 1730/1730/509 1731/1731/510 1732/1732/511
f 1730/1730/509 1732/1732/511 1733/1733/512
f 1734/1734/513 1735/1735/513 1736/1736/514
f 1734/1734/513 1736/1736/514 1737/1737/515
f 1738/1738/516 1739/1739/516 1740/1740/517
f 1738/1738/516 1740/1740/517 1741/1741/518
f 1737/1737/515 1736/1736/514 1742/1742/519
f 1737/1737/515 1742/1742/519 1743/1743/520
f 1740/1740/517 1744/1744/521 1745/1745/522
f 1740/1740/517 1745/1745/522 1741/1741/518
f 1732/1732/511 1746/1746/523 1747/1747/524
f 1732/1732/511 1747/1747/524 1733/1733/512
f 1748/1748/525 1749/1749/526 1750/1750/527
f 1748/1748/525 1750/1750/527 1751/1751/528
f 1752/1752/529 1753/1753/530 1754/1754/531
f 1752/1752/529 1754/1754/531 1755/1755/532
f 1756/1756/533 1757/1757/534 1758/1758/535
f 1756/1756/533 1758/1758/535 1759/1759/536
f 1743/1743/520 1742/1742/519 1749/1749/526
f 1743/1743/520 1749/1749/526 1748/1748/525
f 1744/1744/521 1752/1752/529 1755/1755/532
f 1744/1744/521 1755/1755/532 1745/1745/522
f 1746/1746/523 1756/1756/533 1759/1759/536
f 1746/1746/523 1759/1759/536 1747/1747/524
f 1760/1760/537 1761/1761/538 1762/1762/539
f 1760/1760/537 1762/1762/539 1763/1763/537
f 1764/1764/540 1765/1765/540 1766/1766/541
f 1764/1764/540 1766/1766/541 1767/1767/542
f 1761/1761/538 1768/1768/543 1769/1769/544
f 1761/1761/538 1769/1769/544 1762/1762/539
f 1767/1767/542 1766/1766/541 1770/1770/545
f 1767/1767/542 1770/1770/545 1771/1771/546
f 1768/1768/543 1772/1772/547 1773/1773/548
f 1768/1768/543 1773/1773/548 1769/1769/544
f 1771/1771/546 1770/1770/545 1774/1774/549
f 1771/1771/546 1774/1774/549 1775/1775/550
f 1772/1772/547 1776/1776/551 1777/1777/551
f 1772/1772/547 1777/1777/551 1773/1773/548
f 1775/1775/550 1774/1774/549 1778/1778/552
f 1775/1775/550 1778/1778/552 1779/1779/552
f 150/150/6 149/149/6 151/151/6
f 1780/1780/553 1781/1781/554 1782/1782/555
f 1780/1780/553 1782/1782/555 1783/1783/556
f 1784/1784/557 1785/1785/558 1786/1786/559
f 1784/1784/557 1786/1786/559 1787/1787/560
f 1788/1788/561 1789/1789/562 1790/1790/563
f 1788/1788/561 1790/1790/563 1791/1791/564
f 1792/1792/565 1793/1793/566 1794/1794/567
f 1792/1792/565 1794/1794/567 1795/1795/568
f 161/161/21 1796/1796/21 162/162/21
f 1797/1797/569 1798/1798/570 1799/1799/571
f 1797/1797/569 1799/1799/571 1800/1800/572
f 1801/1801/573 1802/1802/574 1803/1803/575
f 1801/1801/573 1803/1803/575 1804/1804/576
f 1800/1800/572 1799/1799/571 1805/1805/577
f 1800/1800/572 1805/1805/577 1806/1806/578
f 1806/1806/578 1805/1805/577 1802/1802/574
f 1806/1806/578 1802/1802/574 1801/1801/573
f 1807/1807/579 1504/1504/293 1503/1503/292
f 1807/1807/579 1503/1503/292 1808/1808/580
f 1506/1506/295 1807/1807/579 1808/1808/580
f 1506/1506/295 1808/1808/580 1507/1507/296
f 1798/1798/570 1797/1797/569 1809/1809/581
f 1798/1798/570 1809/1809/581 1810/1810/582
f 1804/1804/576 1803/1803/575 1811/1811/583
f 1804/1804/576 1811/1811/583 1812/1812/584
f 1502/1502/291 1798/1798/570 1810/1810/582
f 1799/1799/571 1798/1798/570 1502/1502/291
f 1799/1799/571 1502/1502/291 1504/1504/293
f 1805/1805/577 1799/1799/571 1504/1504/293
f 1805/1805/577 1504/1504/293 1807/1807/579
f 1802/1802/574 1805/1805/577 1807/1807/579
f 1802/1802/574 1807/1807/579 1506/1506/295
f 1803/1803/575 1802/1802/574 1506/1506/295
f 1803/1803/575 1506/1506/295 1505/1505/294
f 1811/1811/583 1803/1803/575 1505/1505/294
f 1811/1811/583 1505/1505/294 1813/1813/585
f 1814/1814/586 1815/1815/587 1816/1816/588
f 1814/1814/586 1816/1816/588 1817/1817/589
f 1818/1818/590 1819/1819/591 1820/1820/592
f 1818/1818/590 1820/1820/592 1821/1821/593
f 1815/1815/587 1822/1822/594 1823/1823/595
f 1815/1815/587 1823/1823/595 1816/1816/588
f 1822/1822/594 1818/1818/590 1821/1821/593
f 1822/1822/594 1821/1821/593 1823/1823/595
f 1824/1824/596 1825/1825/597 1510/1510/299
f 1824/1824/596 1510/1510/299 1509/1509/298
f 1513/1513/302 1512/1512/301 1825/1825/597
f 1513/1513/302 1825/1825/597 1824/1824/596
f 1817/1817/589 1826/1826/598 1827/1827/599
f 1817/1817/589 1827/1827/599 1814/1814/586
f 1819/1819/591 1828/1828/600 1829/1829/601
f 1819/1819/591 1829/1829/601 1820/1820/592
f 1508/1508/297 1826/1826/598 1817/1817/589
f 1816/1816/588 1509/1509/298 1508/1508/297
f 1816/1816/588 1508/1508/297 1817/1817/589
f 1823/1823/595 1824/1824/596 1509/1509/298
f 1823/1823/595 1509/1509/298 1816/1816/588
f 1821/1821/593 1513/1513/302 1824/1824/596
f 1821/1821/593 1824/1824/596 1823/1823/595
f 1820/1820/592 1511/1511/300 1513/1513/302
f 1820/1820/592 1513/1513/302 1821/1821/593
f 1829/1829/601 1830/1830/602 1511/1511/300
f 1829/1829/601 1511/1511/300 1820/1820/592
f 1831/1831/603 1832/1832/604 1833/1833/604
f 1831/1831/603 1833/1833/604 1834/1834/605
f 1515/1515/304 1835/1835/606 1836/1836/607
f 1515/1515/304 1836/1836/607 1516/1516/305
f 1835/1835/606 1831/1831/603 1834/1834/605
f 1835/1835/606 1834/1834/605 1836/1836/607
f 1837/1837/306 1517/1517/306 1519/1519/306
f 1837/1837/306 1519/1519/306 1838/1838/306
f 180/180/27 182/182/27 1839/1839/27
f 183/183/28 185/185/28 1840/1840/28
f 1841/1841/608 1842/1842/609 1843/1843/610
f 1841/1841/608 1843/1843/610 1844/1844/611
f 1845/1845/612 1846/1846/613 1847/1847/614
f 1845/1845/612 1847/1847/614 1848/1848/615
f 1849/1849/616 1850/1850/617 1851/1851/618
f 1849/1849/616 1851/1851/618 1852/1852/619
f 1853/1853/620 1854/1854/621 1855/1855/622
f 1853/1853/620 1855/1855/622 1856/1856/623
f 1857/1857/624 1858/1858/625 1859/1859/626
f 1857/1857/624 1859/1859/626 1860/1860/627
f 1861/1861/628 1862/1862/629 1863/1863/630
f 1861/1861/628 1863/1863/630 1864/1864/631
f 1865/1865/632 1866/1866/633 1867/1867/634
f 1865/1865/632 1867/1867/634 1868/1868/635
f 1869/1869/636 1870/1870/637 1871/1871/638
f 1869/1869/636 1871/1871/638 1872/1872/639
f 1873/1873/640 1874/1874/641 1875/1875/642
f 1873/1873/640 1875/1875/642 1876/1876/643
f 1877/1877/644 1878/1878/645 1879/1879/646
f 1877/1877/644 1879/1879/646 1880/1880/647
f 1881/1881/648 1882/1882/649 1883/1883/650
f 1881/1881/648 1883/1883/650 1884/1884/651
f 1885/1885/652 1886/1886/653 1887/1887/654
f 1885/1885/652 1887/1887/654 1888/1888/655
f 1889/1889/656 1890/1890/657 1891/1891/658
f 1889/1889/656 1891/1891/658 1892/1892/658
f 1893/1893/659 1894/1894/660 1895/1895/661
f 1893/1893/659 1895/1895/661 1896/1896/661
f 1897/1897/662 1898/1898/663 1899/1899/664
f 1897/1897/662 1899/1899/664 1900/1900/664
f 1901/1901/665 1902/1902/666 1903/1903/667
f 1901/1901/665 1903/1903/667 1904/1904/667
f 1905/1905/668 1906/1906/669 1907/1907/670
f 1905/1905/668 1907/1907/670 1908/1908/670
f 1909/1909/671 1910/1910/672 1911/1911/673
f 1909/1909/671 1911/1911/673 1912/1912/673
f 1913/1913/674 1914/1914/675 1915/1915/676
f 1913/1913/674 1915/1915/676 1916/1916/677
f 1917/1917/678 1918/1918/679 1919/1919/680
f 1917/1917/678 1919/1919/680 1920/1920/681
f 1921/1921/682 1922/1922/683 1923/1923/684
f 1921/1921/682 1923/1923/684 1924/1924/684
f 1925/1925/685 1926/1926/686 1927/1927/687
f 1925/1925/685 1927/1927/687 1928/1928/688
f 1929/1929/689 1930/1930/690 1931/1931/691
f 1929/1929/689 1931/1931/691 1932/1932/691
f 1933/1933/692 1934/1934/693 1935/1935/694
f 1933/1933/692 1935/1935/694 1936/1936/695
f 1937/1937/696 1938/1938/697 1939/1939/698
f 1937/1937/696 1939/1939/698 1940/1940/699
f 1941/1941/700 1942/1942/701 1943/1943/702
f 1941/1941/700 1943/1943/702 1944/1944/703
f 1945/1945/704 1946/1946/705 1947/1947/706
f 1945/1945/704 1947/1947/706 1948/1948/707
f 1949/1949/708 1950/1950/709 1951/1951/710
f 1949/1949/708 1951/1951/710 1952/1952/711
f 1953/1953/712 1954/1954/712 1955/1955/713
f 1953/1953/712 1955/1955/713 1956/1956/714
f 1957/1957/715 1958/1958/716 1959/1959/717
f 1957/1957/715 1959/1959/717 1960/1960/718
f 208/208/42 219/219/42 216/216/42
f 222/222/41 1961/1961/41 223/223/41
f 226/226/42 232/232/42 227/227/42
f 1962/1962/719 1963/1963/720 1870/1870/637
f 1962/1962/719 1870/1870/637 1869/1869/636
f 1964/1964/721 1965/1965/722 1874/1874/641
f 1964/1964/721 1874/1874/641 1873/1873/640
f 1966/1966/723 1967/1967/724 1878/1878/645
f 1966/1966/723 1878/1878/645 1877/1877/644
f 1968/1968/725 1969/1969/726 1882/1882/649
f 1968/1968/725 1882/1882/649 1881/1881/648
f 1970/1970/727 1971/1971/728 1886/1886/653
f 1970/1970/727 1886/1886/653 1885/1885/652
f 1972/1972/729 1866/1866/633 1865/1865/632
f 1972/1972/729 1865/1865/632 1973/1973/730
f 1974/1974/731 1846/1846/613 1845/1845/612
f 1974/1974/731 1845/1845/612 1975/1975/732
f 1976/1976/733 1850/1850/617 1849/1849/616
f 1976/1976/733 1849/1849/616 1977/1977/734
f 1978/1978/735 1854/1854/621 1853/1853/620
f 1978/1978/735 1853/1853/620 1979/1979/736
f 1980/1980/737 1858/1858/625 1857/1857/624
f 1980/1980/737 1857/1857/624 1981/1981/738
f 1982/1982/739 1983/1983/740 1862/1862/629
f 1982/1982/739 1862/1862/629 1861/1861/628
f 1984/1984/741 1842/1842/609 1841/1841/608
f 1984/1984/741 1841/1841/608 1985/1985/742
f 239/239/47 1986/1986/47 240/240/47
f 254/254/743 1987/1987/743 255/255/743
f 257/257/744 259/259/744 1988/1988/744
f 1989/1989/745 1990/1990/746 1991/1991/747
f 1989/1989/745 1991/1991/747 1992/1992/748
f 1993/1993/749 1994/1994/750 1995/1995/751
f 1993/1993/749 1995/1995/751 1996/1996/752
f 1992/1992/748 1991/1991/747 1997/1997/753
f 1992/1992/748 1997/1997/753 1998/1998/754
f 1994/1994/750 1999/1999/755 2000/2000/756
f 1994/1994/750 2000/2000/756 1995/1995/751
f 2001/2001/757 2002/2002/758 2003/2003/759
f 2001/2001/757 2003/2003/759 2004/2004/760
f 2005/2005/761 2006/2006/762 2007/2007/763
f 2005/2005/761 2007/2007/763 2008/2008/764
f 2004/2004/760 2003/2003/759 2009/2009/765
f 2004/2004/760 2009/2009/765 2010/2010/766
f 2006/2006/762 2011/2011/767 2012/2012/768
f 2006/2006/762 2012/2012/768 2007/2007/763
f 2010/2010/766 2009/2009/765 2013/2013/769
f 2010/2010/766 2013/2013/769 2014/2014/770
f 2011/2011/767 2015/2015/771 2016/2016/772
f 2011/2011/767 2016/2016/772 2012/2012/768
f 2014/2014/770 2013/2013/769 1990/1990/746
f 2014/2014/770 1990/1990/746 1989/1989/745
f 2015/2015/771 1993/1993/749 1996/1996/752
f 2015/2015/771 1996/1996/752 2016/2016/772
f 2017/2017/773 2018/2018/774 1894/1894/660
f 2017/2017/773 1894/1894/660 1893/1893/659
f 2019/2019/775 2020/2020/776 1898/1898/663
f 2019/2019/775 1898/1898/663 1897/1897/662
f 2021/2021/777 2022/2022/778 1902/1902/666
f 2021/2021/777 1902/1902/666 1901/1901/665
f 2023/2023/779 2024/2024/780 1906/1906/669
f 2023/2023/779 1906/1906/669 1905/1905/668
f 2025/2025/781 2026/2026/782 1910/1910/672
f 2025/2025/781 1910/1910/672 1909/1909/671
f 2027/2027/783 2028/2028/784 1890/1890/657
f 2027/2027/783 1890/1890/657 1889/1889/656
f 2029/2029/785 2030/2030/786 1913/1913/674
f 2029/2029/785 1913/1913/674 1916/1916/677
f 2031/2031/787 2032/2032/787 1918/1918/679
f 2031/2031/787 1918/1918/679 1917/1917/678
f 2033/2033/788 2034/2034/789 1922/1922/683
f 2033/2033/788 1922/1922/683 1921/1921/682
f 2035/2035/790 2036/2036/791 1926/1926/686
f 2035/2035/790 1926/1926/686 1925/1925/685
f 2037/2037/792 2038/2038/793 1930/1930/690
f 2037/2037/792 1930/1930/690 1929/1929/689
f 2039/2039/794 2040/2040/795 1934/1934/693
f 2039/2039/794 1934/1934/693 1933/1933/692
f 1940/1940/699 1939/1939/698 2018/2018/774
f 1940/1940/699 2018/2018/774 2017/2017/773
f 1944/1944/703 1943/1943/702 2020/2020/776
f 1944/1944/703 2020/2020/776 2019/2019/775
f 1948/1948/707 1947/1947/706 2022/2022/778
f 1948/1948/707 2022/2022/778 2021/2021/777
f 1952/1952/711 1951/1951/710 2024/2024/780
f 1952/1952/711 2024/2024/780 2023/2023/779
f 1956/1956/714 1955/1955/713 2026/2026/782
f 1956/1956/714 2026/2026/782 2025/2025/781
f 1959/1959/717 1958/1958/716 2028/2028/784
f 1959/1959/717 2028/2028/784 2027/2027/783
f 263/263/55 2041/2041/55 2042/2042/55
f 263/263/55 2042/2042/55 260/260/55
f 2043/2043/796 1524/1524/312 1523/1523/311
f 2043/2043/796 1523/1523/311 2044/2044/797
f 2045/2045/798 2046/2046/799 2047/2047/800
f 2045/2045/798 2047/2047/800 2048/2048/801
f 2049/2049/802 1520/1520/308 1522/1522/310
f 2049/2049/802 1522/1522/310 2050/2050/803
f 2047/2047/800 2046/2046/799 2051/2051/804
f 2047/2047/800 2051/2051/804 2052/2052/805
f 1521/1521/309 2053/2053/74 2054/2054/806
f 1521/1521/309 2054/2054/806 1522/1522/310
f 1525/1525/313 1524/1524/312 2055/2055/807
f 1525/1525/313 2055/2055/807 2056/2056/808
f 2052/2052/805 2051/2051/804 2057/2057/809
f 2052/2052/805 2057/2057/809 2058/2058/810
f 264/264/56 266/266/56 2059/2059/56
f 2060/2060/811 2061/2061/812 2062/2062/813
f 2060/2060/811 2062/2062/813 2063/2063/814
f 2064/2064/815 2065/2065/816 2066/2066/816
f 2064/2064/815 2066/2066/816 2067/2067/815
f 2068/2068/817 2069/2069/818 2070/2070/818
f 2068/2068/817 2070/2070/818 2071/2071/819
f 2072/2072/820 2068/2068/817 2071/2071/819
f 2072/2072/820 2071/2071/819 2073/2073/820
f 2066/2066/816 2065/2065/816 2074/2074/821
f 2066/2066/816 2074/2074/821 2075/2075/821
f 2063/2063/814 2062/2062/813 2076/2076/822
f 2063/2063/814 2076/2076/822 2077/2077/823
f 2078/2078/824 2079/2079/825 2080/2080/826
f 2078/2078/824 2080/2080/826 2081/2081/827
f 275/275/828 2082/2082/828 276/276/828
f 2083/2083/829 2084/2084/830 2085/2085/831
f 2083/2083/829 2085/2085/831 2086/2086/829
f 2087/2087/832 2088/2088/833 2089/2089/833
f 2087/2087/832 2089/2089/833 2090/2090/834
f 2081/2081/827 2080/2080/826 2091/2091/835
f 2081/2081/827 2091/2091/835 2092/2092/836
f 2093/2093/837 2087/2087/832 2090/2090/834
f 2093/2093/837 2090/2090/834 2094/2094/837
f 2085/2085/831 2084/2084/830 2095/2095/838
f 2085/2085/831 2095/2095/838 2096/2096/838
f 2097/2097/839 2098/2098/840 2099/2099/841
f 2097/2097/839 2099/2099/841 2100/2100/842
f 2101/2101/843 2102/2102/843 2103/2103/844
f 2101/2101/843 2103/2103/844 2104/2104/845
f 2105/2105/846 2106/2106/846 2107/2107/847
f 2105/2105/846 2107/2107/847 2108/2108/848
f 2100/2100/842 2099/2099/841 2109/2109/849
f 2100/2100/842 2109/2109/849 2110/2110/849
f 2108/2108/848 2107/2107/847 2111/2111/850
f 2108/2108/848 2111/2111/850 2112/2112/850
f 2104/2104/845 2103/2103/844 2113/2113/851
f 2104/2104/845 2113/2113/851 2114/2114/851
f 278/278/1 280/280/1 2115/2115/1
f 2116/2116/852 2117/2117/852 2118/2118/852
f 2116/2116/852 2118/2118/852 2119/2119/852
f 309/309/67 2120/2120/67 310/310/67
f 2121/2121/853 2122/2122/854 2123/2123/855
f 2121/2121/853 2123/2123/855 2124/2124/856
f 2125/2125/857 2126/2126/857 2127/2127/858
f 2125/2125/857 2127/2127/858 2128/2128/859
f 2124/2124/856 2123/2123/855 2129/2129/860
f 2124/2124/856 2129/2129/860 2130/2130/860
f 2128/2128/859 2127/2127/858 2131/2131/861
f 2128/2128/859 2131/2131/861 2132/2132/861
f 2133/2133/862 2134/2134/863 2135/2135/863
f 2133/2133/862 2135/2135/863 2136/2136/864
f 2136/2136/864 2137/2137/865 2138/2138/865
f 2136/2136/864 2138/2138/865 2133/2133/862
f 2139/2139/866 2140/2140/867 2141/2141/868
f 2139/2139/866 2141/2141/868 2142/2142/869
f 2143/2143/870 2144/2144/871 2145/2145/872
f 2143/2143/870 2145/2145/872 2146/2146/873
f 2147/2147/874 2148/2148/875 2149/2149/876
f 2147/2147/874 2149/2149/876 2150/2150/877
f 2142/2142/869 2141/2141/868 2151/2151/878
f 2142/2142/869 2151/2151/878 2152/2152/879
f 2150/2150/877 2149/2149/876 2153/2153/880
f 2150/2150/877 2153/2153/880 2154/2154/881
f 2146/2146/873 2145/2145/872 2155/2155/882
f 2146/2146/873 2155/2155/882 2156/2156/883
f 2157/2157/884 2158/2158/884 2159/2159/885
f 2157/2157/884 2159/2159/885 2160/2160/886
f 2161/2161/887 2162/2162/887 2163/2163/888
f 2161/2161/887 2163/2163/888 2164/2164/889
f 2164/2164/889 2163/2163/888 2165/2165/890
f 2164/2164/889 2165/2165/890 2166/2166/890
f 2160/2160/886 2159/2159/885 2167/2167/891
f 2160/2160/886 2167/2167/891 2168/2168/891
f 326/326/1 328/328/1 2169/2169/1
f 2170/2170/892 2171/2171/893 2172/2172/894
f 2170/2170/892 2172/2172/894 2173/2173/892
f 2174/2174/895 2175/2175/896 2176/2176/897
f 2174/2174/895 2176/2176/897 2177/2177/895
f 327/327/1 330/330/1 328/328/1
f 2175/2175/896 2178/2178/898 2179/2179/898
f 2175/2175/896 2179/2179/898 2176/2176/897
f 2171/2171/893 2180/2180/899 2181/2181/899
f 2171/2171/893 2181/2181/899 2172/2172/894
f 2182/2182/900 2183/2183/901 2184/2184/902
f 2182/2182/900 2184/2184/902 2185/2185/903
f 2186/2186/904 2187/2187/905 2188/2188/906
f 2186/2186/904 2188/2188/906 2189/2189/907
f 2190/2190/908 2191/2191/909 2192/2192/910
f 2190/2190/908 2192/2192/910 2193/2193/911
f 2183/2183/901 2194/2194/912 2195/2195/913
f 2183/2183/901 2195/2195/913 2184/2184/902
f 2191/2191/909 2196/2196/914 2197/2197/915
f 2191/2191/909 2197/2197/915 2192/2192/910
f 2187/2187/905 2198/2198/916 2199/2199/917
f 2187/2187/905 2199/2199/917 2188/2188/906
f 2200/2200/918 1527/1527/315 1529/1529/317
f 2200/2200/918 1529/1529/317 2201/2201/919
f 2202/2202/920 2203/2203/921 1527/1527/315
f 2202/2202/920 1527/1527/315 2200/2200/918
f 2204/2204/922 2205/2205/923 2203/2203/921
f 2204/2204/922 2203/2203/921 2202/2202/920
f 2206/2206/924 1530/1530/318 1532/1532/320
f 2206/2206/924 1532/1532/320 2207/2207/925
f 1531/1531/319 2208/2208/926 2209/2209/927
f 1531/1531/319 2209/2209/927 1532/1532/320
f 2203/2203/921 2205/2205/923 2210/2210/928
f 2203/2203/921 2210/2210/928 2211/2211/929
f 1527/1527/315 2203/2203/921 2211/2211/929
f 1527/1527/315 2211/2211/929 2212/2212/930
f 1528/1528/316 1527/1527/315 2212/2212/930
f 1528/1528/316 2212/2212/930 2213/2213/931
f 2207/2207/925 1532/1532/320 2205/2205/923
f 2207/2207/925 2205/2205/923 2204/2204/922
f 2210/2210/928 2205/2205/923 1532/1532/320
f 2210/2210/928 1532/1532/320 2209/2209/927
f 2214/2214/932 2215/2215/919 2216/2216/933
f 2214/2214/932 2216/2216/933 1535/1535/323
f 2217/2217/934 2214/2214/932 1535/1535/323
f 2217/2217/934 1535/1535/323 2218/2218/935
f 2219/2219/936 2217/2217/934 2218/2218/935
f 2219/2219/936 2218/2218/935 2220/2220/937
f 2221/2221/938 2222/2222/939 1538/1538/326
f 2221/2221/938 1538/1538/326 1537/1537/325
f 1539/1539/327 1538/1538/326 2223/2223/940
f 1539/1539/327 2223/2223/940 2224/2224/941
f 2218/2218/935 2225/2225/942 2226/2226/943
f 2218/2218/935 2226/2226/943 2220/2220/937
f 1535/1535/323 2227/2227/944 2225/2225/942
f 1535/1535/323 2225/2225/942 2218/2218/935
f 1534/1534/322 2228/2228/945 2227/2227/944
f 1534/1534/322 2227/2227/944 1535/1535/323
f 2222/2222/939 2219/2219/936 2220/2220/937
f 2222/2222/939 2220/2220/937 1538/1538/326
f 2226/2226/943 2223/2223/940 1538/1538/326
f 2226/2226/943 1538/1538/326 2220/2220/937
f 365/365/7 2229/2229/7 367/367/7
f 6/6/2 11/11/2 7/7/2
f 15/15/1 410/410/1 409/409/1
f 16/16/1 416/416/1 17/17/1
f 18/18/1 421/421/1 2230/2230/1
f 412/412/1 424/424/1 425/425/1
f 2231/2231/946 2232/2232/947 2233/2233/947
f 2231/2231/946 2233/2233/947 2234/2234/948
f 2235/2235/949 2236/2236/950 2237/2237/951
f 2235/2235/949 2237/2237/951 2238/2238/949
f 2236/2236/950 2239/2239/952 2240/2240/952
f 2236/2236/950 2240/2240/952 2237/2237/951
f 2241/2241/953 2242/2242/954 2243/2243/955
f 2241/2241/953 2243/2243/955 2244/2244/953
f 2242/2242/954 2245/2245/956 2246/2246/956
f 2242/2242/954 2246/2246/956 2243/2243/955
f 2247/2247/957 2231/2231/946 2234/2234/948
f 2247/2247/957 2234/2234/948 2248/2248/957
f 2249/2249/958 2250/2250/959 2251/2251/960
f 2249/2249/958 2251/2251/960 2252/2252/958
f 2253/2253/961 2254/2254/962 2255/2255/962
f 2253/2253/961 2255/2255/962 2256/2256/963
f 2257/2257/964 2258/2258/964 2259/2259/964
f 2257/2257/964 2259/2259/964 2260/2260/964
f 2261/2261/965 2262/2262/966 2263/2263/966
f 2261/2261/965 2263/2263/966 2264/2264/967
f 2265/2265/968 2253/2253/961 2256/2256/963
f 2265/2265/968 2256/2256/963 2266/2266/968
f 2267/2267/969 2261/2261/965 2264/2264/967
f 2267/2267/969 2264/2264/967 2268/2268/969
f 2250/2250/959 2269/2269/970 2270/2270/970
f 2250/2250/959 2270/2270/970 2251/2251/960
f 2271/2271/971 2272/2272/971 2273/2273/971
f 2271/2271/971 2273/2273/971 2274/2274/971
f 467/467/92 2275/2275/92 470/470/92
f 2276/2276/972 2277/2277/973 2278/2278/974
f 2276/2276/972 2278/2278/974 2279/2279/975
f 2277/2277/973 2280/2280/976 2281/2281/977
f 2277/2277/973 2281/2281/977 2278/2278/974
f 2280/2280/976 2282/2282/978 2283/2283/979
f 2280/2280/976 2283/2283/979 2281/2281/977
f 2282/2282/978 2284/2284/980 2285/2285/981
f 2282/2282/978 2285/2285/981 2283/2283/979
f 2284/2284/980 2286/2286/982 2287/2287/983
f 2284/2284/980 2287/2287/983 2285/2285/981
f 2286/2286/982 2288/2288/984 2289/2289/985
f 2286/2286/982 2289/2289/985 2287/2287/983
f 2288/2288/984 2290/2290/986 2291/2291/987
f 2288/2288/984 2291/2291/987 2289/2289/985
f 2290/2290/986 2292/2292/988 2293/2293/989
f 2290/2290/986 2293/2293/989 2291/2291/987
f 2292/2292/988 2294/2294/990 2295/2295/991
f 2292/2292/988 2295/2295/991 2293/2293/989
f 2296/2296/992 2297/2297/993 2298/2298/994
f 2296/2296/992 2298/2298/994 2299/2299/995
f 2297/2297/993 2300/2300/996 2301/2301/997
f 2297/2297/993 2301/2301/997 2298/2298/994
f 2300/2300/996 2302/2302/998 2303/2303/999
f 2300/2300/996 2303/2303/999 2301/2301/997
f 2302/2302/998 2276/2276/972 2279/2279/975
f 2302/2302/998 2279/2279/975 2303/2303/999
f 2279/2279/975 2278/2278/974 2304/2304/1000
f 2279/2279/975 2304/2304/1000 2305/2305/1001
f 2278/2278/974 2281/2281/977 2306/2306/1002
f 2278/2278/974 2306/2306/1002 2304/2304/1000
f 2281/2281/977 2283/2283/979 2307/2307/1003
f 2281/2281/977 2307/2307/1003 2306/2306/1002
f 2283/2283/979 2285/2285/981 2308/2308/1004
f 2283/2283/979 2308/2308/1004 2307/2307/1003
f 2285/2285/981 2287/2287/983 2309/2309/1005
f 2285/2285/981 2309/2309/1005 2308/2308/1004
f 2287/2287/983 2289/2289/985 2310/2310/1006
f 2287/2287/983 2310/2310/1006 2309/2309/1005
f 2289/2289/985 2291/2291/987 2311/2311/1007
f 2289/2289/985 2311/2311/1007 2310/2310/1006
f 2291/2291/987 2293/2293/989 2312/2312/1008
f 2291/2291/987 2312/2312/1008 2311/2311/1007
f 2293/2293/989 2295/2295/991 2313/2313/1009
f 2293/2293/989 2313/2313/1009 2312/2312/1008
f 2299/2299/995 2298/2298/994 2314/2314/1010
f 2299/2299/995 2314/2314/1010 2315/2315/1011
f 2298/2298/994 2301/2301/997 2316/2316/1012
f 2298/2298/994 2316/2316/1012 2314/2314/1010
f 2301/2301/997 2303/2303/999 2317/2317/1013
f 2301/2301/997 2317/2317/1013 2316/2316/1012
f 2303/2303/999 2279/2279/975 2305/2305/1001
f 2303/2303/999 2305/2305/1001 2317/2317/1013
f 2305/2305/1001 2304/2304/1000 2318/2318/1014
f 2305/2305/1001 2318/2318/1014 2319/2319/1015
f 2304/2304/1000 2306/2306/1002 2320/2320/1016
f 2304/2304/1000 2320/2320/1016 2318/2318/1014
f 2306/2306/1002 2307/2307/1003 2321/2321/1017
f 2306/2306/1002 2321/2321/1017 2320/2320/1016
f 2307/2307/1003 2308/2308/1004 2322/2322/1018
f 2307/2307/1003 2322/2322/1018 2321/2321/1017
f 2308/2308/1004 2309/2309/1005 2323/2323/1019
f 2308/2308/1004 2323/2323/1019 2322/2322/1018
f 2309/2309/1005 2310/2310/1006 2324/2324/1020
f 2309/2309/1005 2324/2324/1020 2323/2323/1019
f 2310/2310/1006 2311/2311/1007 2325/2325/1021
f 2310/2310/1006 2325/2325/1021 2324/2324/1020
f 2311/2311/1007 2312/2312/1008 2326/2326/1022
f 2311/2311/1007 2326/2326/1022 2325/2325/1021
f 2312/2312/1008 2313/2313/1009 2327/2327/1023
f 2312/2312/1008 2327/2327/1023 2326/2326/1022
f 2315/2315/1011 2314/2314/1010 2328/2328/1024
f 2315/2315/1011 2328/2328/1024 2329/2329/1025
f 2314/2314/1010 2316/2316/1012 2330/2330/1026
f 2314/2314/1010 2330/2330/1026 2328/2328/1024
f 2316/2316/1012 2317/2317/1013 2331/2331/1027
f 2316/2316/1012 2331/2331/1027 2330/2330/1026
f 2317/2317/1013 2305/2305/1001 2319/2319/1015
f 2317/2317/1013 2319/2319/1015 2331/2331/1027
f 2319/2319/1015 2318/2318/1014 2332/2332/1028
f 2319/2319/1015 2332/2332/1028 2333/2333/1029
f 2318/2318/1014 2320/2320/1016 2334/2334/1030
f 2318/2318/1014 2334/2334/1030 2332/2332/1028
f 2320/2320/1016 2321/2321/1017 2335/2335/1031
f 2320/2320/1016 2335/2335/1031 2334/2334/1030
f 2321/2321/1017 2322/2322/1018 2336/2336/1032
f 2321/2321/1017 2336/2336/1032 2335/2335/1031
f 2322/2322/1018 2323/2323/1019 2337/2337/1033
f 2322/2322/1018 2337/2337/1033 2336/2336/1032
f 2323/2323/1019 2324/2324/1020 2338/2338/1034
f 2323/2323/1019 2338/2338/1034 2337/2337/1033
f 2324/2324/1020 2325/2325/1021 2339/2339/1035
f 2324/2324/1020 2339/2339/1035 2338/2338/1034
f 2325/2325/1021 2326/2326/1022 2340/2340/1036
f 2325/2325/1021 2340/2340/1036 2339/2339/1035
f 2326/2326/1022 2327/2327/1023 2341/2341/1037
f 2326/2326/1022 2341/2341/1037 2340/2340/1036
f 2329/2329/1025 2328/2328/1024 2342/2342/1038
f 2329/2329/1025 2342/2342/1038 2343/2343/1039
f 2328/2328/1024 2330/2330/1026 2344/2344/1040
f 2328/2328/1024 2344/2344/1040 2342/2342/1038
f 2330/2330/1026 2331/2331/1027 2345/2345/1041
f 2330/2330/1026 2345/2345/1041 2344/2344/1040
f 2331/2331/1027 2319/2319/1015 2333/2333/1029
f 2331/2331/1027 2333/2333/1029 2345/2345/1041
f 2333/2333/1029 2332/2332/1028 2346/2346/1042
f 2333/2333/1029 2346/2346/1042 2347/2347/1043
f 2332/2332/1028 2334/2334/1030 2348/2348/1044
f 2332/2332/1028 2348/2348/1044 2346/2346/1042
f 2334/2334/1030 2335/2335/1031 2349/2349/1045
f 2334/2334/1030 2349/2349/1045 2348/2348/1044
f 2335/2335/1031 2336/2336/1032 2350/2350/1046
f 2335/2335/1031 2350/2350/1046 2349/2349/1045
f 2336/2336/1032 2337/2337/1033 2351/2351/1047
f 2336/2336/1032 2351/2351/1047 2350/2350/1046
f 2337/2337/1033 2338/2338/1034 2352/2352/1048
f 2337/2337/1033 2352/2352/1048 2351/2351/1047
f 2338/2338/1034 2339/2339/1035 2353/2353/1049
f 2338/2338/1034 2353/2353/1049 2352/2352/1048
f 2339/2339/1035 2340/2340/1036 2354/2354/1050
f 2339/2339/1035 2354/2354/1050 2353/2353/1049
f 2340/2340/1036 2341/2341/1037 2355/2355/1051
f 2340/2340/1036 2355/2355/1051 2354/2354/1050
f 2343/2343/1039 2342/2342/1038 2356/2356/1052
f 2343/2343/1039 2356/2356/1052 2357/2357/1053
f 2342/2342/1038 2344/2344/1040 2358/2358/1054
f 2342/2342/1038 2358/2358/1054 2356/2356/1052
f 2344/2344/1040 2345/2345/1041 2359/2359/1055
f 2344/2344/1040 2359/2359/1055 2358/2358/1054
f 2345/2345/1041 2333/2333/1029 2347/2347/1043
f 2345/2345/1041 2347/2347/1043 2359/2359/1055
f 2360/2360/1056 2361/2361/1057 2362/2362/1057
f 2360/2360/1056 2362/2362/1057 2363/2363/1058
f 2360/2360/1056 2363/2363/1058 2364/2364/1059
f 2360/2360/1056 2364/2364/1059 2365/2365/1060
f 2365/2365/1060 2364/2364/1059 2366/2366/1061
f 2365/2365/1060 2366/2366/1061 2367/2367/1062
f 2367/2367/1062 2366/2366/1061 2368/2368/1063
f 2367/2367/1062 2368/2368/1063 2369/2369/1064
f 2369/2369/1064 2368/2368/1063 2370/2370/1065
f 2369/2369/1064 2370/2370/1065 2371/2371/1066
f 2371/2371/1066 2370/2370/1065 2372/2372/1067
f 2371/2371/1066 2372/2372/1067 2373/2373/1068
f 2373/2373/1068 2372/2372/1067 2374/2374/1069
f 2373/2373/1068 2374/2374/1069 2375/2375/1070
f 2375/2375/1070 2374/2374/1069 2376/2376/1071
f 2375/2375/1070 2376/2376/1071 2377/2377/1072
f 2377/2377/1072 2376/2376/1071 2378/2378/1073
f 2377/2377/1072 2378/2378/1073 2379/2379/1074
f 2379/2379/1074 2378/2378/1073 2380/2380/1075
f 2379/2379/1074 2380/2380/1075 2381/2381/1076
f 2381/2381/1076 2380/2380/1075 2382/2382/1077
f 2381/2381/1076 2382/2382/1077 2383/2383/1078
f 2383/2383/1078 2382/2382/1077 2384/2384/1079
f 2383/2383/1078 2384/2384/1079 2385/2385/1079
f 1543/1543/331 1546/1546/334 1548/1548/336
f 1543/1543/331 1548/1548/336 1544/1544/332
f 1549/1549/337 1540/1540/328 1542/1542/330
f 1549/1549/337 1542/1542/330 1550/1550/338
f 1546/1546/334 1552/1552/340 1554/1554/342
f 1546/1546/334 1554/1554/342 1547/1547/335
f 1555/1555/343 1549/1549/337 1551/1551/339
f 1555/1555/343 1551/1551/339 1556/1556/344
f 1552/1552/340 2386/2386/1080 2387/2387/1081
f 1552/1552/340 2387/2387/1081 1553/1553/341
f 2388/2388/1082 1555/1555/343 1557/1557/345
f 2388/2388/1082 1557/1557/345 2389/2389/1083
f 2386/2386/1080 1558/1558/346 1560/1560/348
f 2386/2386/1080 1560/1560/348 2387/2387/1081
f 1561/1561/349 2388/2388/1082 2389/2389/1083
f 1561/1561/349 2389/2389/1083 1562/1562/350
f 1558/1558/346 1564/1564/352 1566/1566/354
f 1558/1558/346 1566/1566/354 1559/1559/347
f 1567/1567/355 1561/1561/349 1563/1563/351
f 1567/1567/355 1563/1563/351 1568/1568/356
f 1564/1564/352 1570/1570/358 1572/1572/360
f 1564/1564/352 1572/1572/360 1565/1565/353
f 1573/1573/361 1567/1567/355 1569/1569/357
f 1573/1573/361 1569/1569/357 1574/1574/362
f 2390/2390/1084 2391/2391/1085 2392/2392/1086
f 2390/2390/1084 2392/2392/1086 2393/2393/1087
f 2391/2391/1085 2394/2394/1088 2395/2395/1089
f 2391/2391/1085 2395/2395/1089 2392/2392/1086
f 2394/2394/1088 2396/2396/1090 2397/2397/1091
f 2394/2394/1088 2397/2397/1091 2395/2395/1089
f 2396/2396/1090 2398/2398/1092 2399/2399/1093
f 2396/2396/1090 2399/2399/1093 2397/2397/1091
f 2400/2400/1094 2401/2401/1095 2402/2402/1096
f 2400/2400/1094 2402/2402/1096 2403/2403/1097
f 2401/2401/1095 2404/2404/1098 2405/2405/1099
f 2401/2401/1095 2405/2405/1099 2402/2402/1096
f 2404/2404/1098 2406/2406/1100 2407/2407/1101
f 2404/2404/1098 2407/2407/1101 2405/2405/1099
f 2406/2406/1100 2408/2408/1102 2409/2409/1103
f 2406/2406/1100 2409/2409/1103 2407/2407/1101
f 2408/2408/1102 2410/2410/1104 2411/2411/1105
f 2408/2408/1102 2411/2411/1105 2409/2409/1103
f 2410/2410/1104 2412/2412/1106 2413/2413/1107
f 2410/2410/1104 2413/2413/1107 2411/2411/1105
f 2412/2412/1106 2414/2414/1108 2415/2415/1109
f 2412/2412/1106 2415/2415/1109 2413/2413/1107
f 2414/2414/1108 2390/2390/1084 2393/2393/1087
f 2414/2414/1108 2393/2393/1087 2415/2415/1109
f 487/487/3 492/492/3 488/488/3
f 2416/2416/1110 2417/2417/1111 2418/2418/1112
f 2416/2416/1110 2418/2418/1112 2419/2419/1113
f 2420/2420/1114 2421/2421/1115 2417/2417/1111
f 2420/2420/1114 2417/2417/1111 2416/2416/1110
f 2422/2422/1116 2423/2423/1117 2421/2421/1115
f 2422/2422/1116 2421/2421/1115 2420/2420/1114
f 2424/2424/1118 2425/2425/1119 2423/2423/1117
f 2424/2424/1118 2423/2423/1117 2422/2422/1116
f 2426/2426/1120 2427/2427/1121 2425/2425/1119
f 2426/2426/1120 2425/2425/1119 2424/2424/1118
f 2428/2428/1122 2429/2429/1123 2427/2427/1121
f 2428/2428/1122 2427/2427/1121 2426/2426/1120
f 2430/2430/1124 2431/2431/1125 2429/2429/1123
f 2430/2430/1124 2429/2429/1123 2428/2428/1122
f 2432/2432/1126 2433/2433/1127 2431/2431/1125
f 2432/2432/1126 2431/2431/1125 2430/2430/1124
f 2419/2419/1113 2418/2418/1112 2433/2433/1127
f 2419/2419/1113 2433/2433/1127 2432/2432/1126
f 2434/2434/1128 2417/2417/1111 2435/2435/1129
f 2434/2434/1128 2435/2435/1129 2436/2436/1130
f 2417/2417/1111 2421/2421/1115 2437/2437/1131
f 2417/2417/1111 2437/2437/1131 2435/2435/1129
f 2421/2421/1115 2423/2423/1117 1576/1576/364
f 2421/2421/1115 1576/1576/364 2437/2437/1131
f 2423/2423/1117 2425/2425/1119 1577/1577/365
f 2423/2423/1117 1577/1577/365 1576/1576/364
f 2425/2425/1119 2427/2427/1121 1578/1578/366
f 2425/2425/1119 1578/1578/366 1577/1577/365
f 2427/2427/1121 2429/2429/1123 2438/2438/1132
f 2427/2427/1121 2438/2438/1132 1578/1578/366
f 2429/2429/1123 2431/2431/1125 2439/2439/1133
f 2429/2429/1123 2439/2439/1133 2438/2438/1132
f 2431/2431/1125 2440/2440/1134 2441/2441/1135
f 2431/2431/1125 2441/2441/1135 2439/2439/1133
f 2440/2440/1134 2434/2434/1128 2436/2436/1130
f 2440/2440/1134 2436/2436/1130 2441/2441/1135
f 2438/2438/1132 2439/2439/1133 2435/2435/1129
f 2438/2438/1132 2435/2435/1129 2437/2437/1131
f 2439/2439/1133 2441/2441/1135 2436/2436/1130
f 2439/2439/1133 2436/2436/1130 2435/2435/1129
f 2437/2437/1131 1576/1576/364 1578/1578/366
f 2437/2437/1131 1578/1578/366 2438/2438/1132
f 2442/2442/1136 2443/2443/1137 2444/2444/1138
f 2442/2442/1136 2444/2444/1138 2445/2445/1139
f 2443/2443/1137 2446/2446/1140 2447/2447/1141
f 2443/2443/1137 2447/2447/1141 2444/2444/1138
f 2446/2446/1140 2448/2448/1142 2449/2449/1143
f 2446/2446/1140 2449/2449/1143 2447/2447/1141
f 2450/2450/1144 2451/2451/1145 2452/2452/1146
f 2450/2450/1144 2452/2452/1146 2453/2453/1147
f 2451/2451/1145 2454/2454/1148 2455/2455/1149
f 2451/2451/1145 2455/2455/1149 2452/2452/1146
f 2456/2456/1150 2457/2457/1151 2458/2458/1152
f 2456/2456/1150 2458/2458/1152 2459/2459/1153
f 2457/2457/1151 2460/2460/1154 2461/2461/1155
f 2457/2457/1151 2461/2461/1155 2458/2458/1152
f 2460/2460/1154 2462/2462/1156 2463/2463/1157
f 2460/2460/1154 2463/2463/1157 2461/2461/1155
f 2462/2462/1156 2464/2464/1158 2465/2465/1159
f 2462/2462/1156 2465/2465/1159 2463/2463/1157
f 2464/2464/1158 2466/2466/1160 2467/2467/1161
f 2464/2464/1158 2467/2467/1161 2465/2465/1159
f 2466/2466/1160 2468/2468/1162 2469/2469/1163
f 2466/2466/1160 2469/2469/1163 2467/2467/1161
f 2468/2468/1162 2470/2470/1164 2471/2471/1165
f 2468/2468/1162 2471/2471/1165 2469/2469/1163
f 2470/2470/1164 2442/2442/1136 2445/2445/1139
f 2470/2470/1164 2445/2445/1139 2471/2471/1165
f 2472/2472/1166 2473/2473/1167 2474/2474/1168
f 2472/2472/1166 2474/2474/1168 2475/2475/1169
f 2473/2473/1167 2476/2476/1170 2477/2477/1171
f 2473/2473/1167 2477/2477/1171 2474/2474/1168
f 2476/2476/1170 2478/2478/1172 2479/2479/1173
f 2476/2476/1170 2479/2479/1173 2477/2477/1171
f 2478/2478/1172 2480/2480/1174 2481/2481/1175
f 2478/2478/1172 2481/2481/1175 2479/2479/1173
f 2480/2480/1174 2482/2482/1176 2483/2483/1177
f 2480/2480/1174 2483/2483/1177 2481/2481/1175
f 2482/2482/1176 2484/2484/1178 2485/2485/1179
f 2482/2482/1176 2485/2485/1179 2483/2483/1177
f 2484/2484/1178 2486/2486/1180 2487/2487/1181
f 2484/2484/1178 2487/2487/1181 2485/2485/1179
f 2486/2486/1180 2488/2488/1182 2489/2489/1183
f 2486/2486/1180 2489/2489/1183 2487/2487/1181
f 2488/2488/1182 2490/2490/1184 2491/2491/1185
f 2488/2488/1182 2491/2491/1185 2489/2489/1183
f 2490/2490/1184 2492/2492/1186 2493/2493/1187
f 2490/2490/1184 2493/2493/1187 2491/2491/1185
f 2492/2492/1186 2494/2494/1188 2495/2495/1189
f 2492/2492/1186 2495/2495/1189 2493/2493/1187
f 2494/2494/1188 2496/2496/1190 2497/2497/1191
f 2494/2494/1188 2497/2497/1191 2495/2495/1189
f 2496/2496/1190 2472/2472/1166 2475/2475/1169
f 2496/2496/1190 2475/2475/1169 2497/2497/1191
f 2498/2498/1192 2499/2499/1193 2500/2500/1194
f 2498/2498/1192 2500/2500/1194 2501/2501/1195
f 2499/2499/1193 2502/2502/1196 2503/2503/1197
f 2499/2499/1193 2503/2503/1197 2500/2500/1194
f 2502/2502/1196 2504/2504/1198 2505/2505/1199
f 2502/2502/1196 2505/2505/1199 2503/2503/1197
f 2506/2506/1200 2507/2507/1201 2508/2508/1202
f 2506/2506/1200 2508/2508/1202 2509/2509/1203
f 2507/2507/1201 2510/2510/1204 2511/2511/1205
f 2507/2507/1201 2511/2511/1205 2508/2508/1202
f 2512/2512/1206 2513/2513/1207 2514/2514/1208
f 2512/2512/1206 2514/2514/1208 2515/2515/1209
f 2513/2513/1207 2516/2516/1210 2517/2517/1211
f 2513/2513/1207 2517/2517/1211 2514/2514/1208
f 2516/2516/1210 2518/2518/1212 2519/2519/1213
f 2516/2516/1210 2519/2519/1213 2517/2517/1211
f 2518/2518/1212 2520/2520/1214 2521/2521/1215
f 2518/2518/1212 2521/2521/1215 2519/2519/1213
f 2520/2520/1214 2522/2522/1216 2523/2523/1217
f 2520/2520/1214 2523/2523/1217 2521/2521/1215
f 2522/2522/1216 2524/2524/1218 2525/2525/1219
f 2522/2522/1216 2525/2525/1219 2523/2523/1217
f 2524/2524/1218 2526/2526/1220 2527/2527/1221
f 2524/2524/1218 2527/2527/1221 2525/2525/1219
f 2526/2526/1220 2498/2498/1192 2501/2501/1195
f 2526/2526/1220 2501/2501/1195 2527/2527/1221
f 2528/2528/1222 2529/2529/1223 2530/2530/1224
f 2528/2528/1222 2530/2530/1224 2531/2531/1222
f 2529/2529/1223 2532/2532/1225 2533/2533/1226
f 2529/2529/1223 2533/2533/1226 2530/2530/1224
f 2532/2532/1225 2534/2534/1227 2535/2535/1228
f 2532/2532/1225 2535/2535/1228 2533/2533/1226
f 2534/2534/1227 2536/2536/1229 2537/2537/1230
f 2534/2534/1227 2537/2537/1230 2535/2535/1228
f 2538/2538/1231 2539/2539/1232 2540/2540/1233
f 2538/2538/1231 2540/2540/1233 2541/2541/1234
f 2542/2542/1235 2543/2543/1235 2544/2544/1236
f 2542/2542/1235 2544/2544/1236 2545/2545/1237
f 2546/2546/1238 2547/2547/1239 2548/2548/6
f 2546/2546/1238 2548/2548/6 2549/2549/6
f 2545/2545/1237 2544/2544/1236 2550/2550/1240
f 2545/2545/1237 2550/2550/1240 2551/2551/1241
f 2552/2552/1242 2553/2553/1243 2547/2547/1239
f 2552/2552/1242 2547/2547/1239 2546/2546/1238
f 2551/2551/1241 2550/2550/1240 2554/2554/1244
f 2551/2551/1241 2554/2554/1244 2555/2555/1245
f 2556/2556/1246 2557/2557/1247 2553/2553/1243
f 2556/2556/1246 2553/2553/1243 2552/2552/1242
f 2555/2555/1245 2554/2554/1244 2558/2558/1248
f 2555/2555/1245 2558/2558/1248 2559/2559/1249
f 2560/2560/1250 2561/2561/1251 2557/2557/1247
f 2560/2560/1250 2557/2557/1247 2556/2556/1246
f 2562/2562/1252 2563/2563/1253 2564/2564/1254
f 2562/2562/1252 2564/2564/1254 2565/2565/1255
f 2566/2566/1256 2567/2567/1257 2568/2568/1258
f 2566/2566/1256 2568/2568/1258 2569/2569/1259
f 2570/2570/1260 2571/2571/1261 2572/2572/1262
f 2570/2570/1260 2572/2572/1262 2573/2573/1263
f 2574/2574/1264 2575/2575/1 2576/2576/1
f 2574/2574/1264 2576/2576/1 2577/2577/1265
f 2578/2578/1266 2579/2579/1267 2580/2580/1268
f 2578/2578/1266 2580/2580/1268 2581/2581/1269
f 2582/2582/1222 2583/2583/1222 2584/2584/1270
f 2582/2582/1222 2584/2584/1270 2585/2585/1271
f 2585/2585/1271 2584/2584/1270 2586/2586/1272
f 2585/2585/1271 2586/2586/1272 2587/2587/1273
f 2587/2587/1273 2586/2586/1272 2588/2588/1274
f 2587/2587/1273 2588/2588/1274 2589/2589/1275
f 2589/2589/1275 2588/2588/1274 2590/2590/1276
f 2589/2589/1275 2590/2590/1276 2591/2591/1277
f 2592/2592/1278 2593/2593/1279 2594/2594/1280
f 2592/2592/1278 2594/2594/1280 2595/2595/1281
f 2596/2596/1282 2597/2597/1283 2598/2598/1284
f 2596/2596/1282 2598/2598/1284 2599/2599/1282
f 2600/2600/1285 2601/2601/7 2602/2602/7
f 2600/2600/1285 2602/2602/7 2603/2603/1286
f 2597/2597/1283 2604/2604/1287 2605/2605/1288
f 2597/2597/1283 2605/2605/1288 2598/2598/1284
f 2606/2606/1289 2600/2600/1285 2603/2603/1286
f 2606/2606/1289 2603/2603/1286 2607/2607/1290
f 2604/2604/1287 2608/2608/1291 2609/2609/1292
f 2604/2604/1287 2609/2609/1292 2605/2605/1288
f 2610/2610/1293 2606/2606/1289 2607/2607/1290
f 2610/2610/1293 2607/2607/1290 2611/2611/1294
f 2608/2608/1291 2612/2612/1295 2613/2613/1296
f 2608/2608/1291 2613/2613/1296 2609/2609/1292
f 2614/2614/1297 2610/2610/1293 2611/2611/1294
f 2614/2614/1297 2611/2611/1294 2615/2615/1298
f 2616/2616/1299 2617/2617/1300 2618/2618/1301
f 2616/2616/1299 2618/2618/1301 2619/2619/1302
f 2620/2620/1303 2621/2621/1304 2622/2622/1305
f 2620/2620/1303 2622/2622/1305 2623/2623/1306
f 2624/2624/1307 2625/2625/1308 2572/2572/1262
f 2624/2624/1307 2572/2572/1262 2571/2571/1261
f 2626/2626/1309 2627/2627/1310 2628/2628/1
f 2626/2626/1309 2628/2628/1 2575/2575/1
f 2629/2629/1311 2630/2630/1312 2580/2580/1268
f 2629/2629/1311 2580/2580/1268 2579/2579/1267
f 2631/2631/1313 2632/2632/1313 2633/2633/1314
f 2631/2631/1313 2633/2633/1314 2634/2634/1315
f 2635/2635/1316 2636/2636/1316 2637/2637/1317
f 2635/2635/1316 2637/2637/1317 2638/2638/1318
f 2639/2639/1319 2640/2640/1320 2641/2641/1321
f 2639/2639/1319 2641/2641/1321 2642/2642/1322
f 2643/2643/1323 2644/2644/1323 2645/2645/1324
f 2643/2643/1323 2645/2645/1324 2646/2646/1325
f 2647/2647/1326 2648/2648/1326 2649/2649/1327
f 2647/2647/1326 2649/2649/1327 2650/2650/1328
f 2651/2651/1329 2652/2652/1329 2653/2653/1330
f 2651/2651/1329 2653/2653/1330 2654/2654/1331
f 2646/2646/1325 2645/2645/1324 2655/2655/1332
f 2646/2646/1325 2655/2655/1332 2656/2656/1332
f 2642/2642/1322 2641/2641/1321 2657/2657/1333
f 2642/2642/1322 2657/2657/1333 2658/2658/1333
f 2638/2638/1318 2637/2637/1317 2659/2659/1334
f 2638/2638/1318 2659/2659/1334 2660/2660/1334
f 2634/2634/1315 2633/2633/1314 2661/2661/1335
f 2634/2634/1315 2661/2661/1335 2662/2662/1335
f 2654/2654/1331 2653/2653/1330 2663/2663/1336
f 2654/2654/1331 2663/2663/1336 2664/2664/1336
f 2650/2650/1328 2649/2649/1327 2665/2665/1337
f 2650/2650/1328 2665/2665/1337 2666/2666/1337
f 2667/2667/1338 2668/2668/1338 2669/2669/1339
f 2667/2667/1338 2669/2669/1339 2670/2670/1340
f 2671/2671/1341 2672/2672/1341 2673/2673/1342
f 2671/2671/1341 2673/2673/1342 2674/2674/1343
f 2675/2675/1344 2676/2676/1344 2677/2677/1345
f 2675/2675/1344 2677/2677/1345 2678/2678/1346
f 2679/2679/1347 2680/2680/1347 2681/2681/1348
f 2679/2679/1347 2681/2681/1348 2682/2682/1349
f 2683/2683/1350 2684/2684/1350 2685/2685/1351
f 2683/2683/1350 2685/2685/1351 2686/2686/1352
f 2687/2687/1353 2688/2688/1354 2689/2689/1355
f 2687/2687/1353 2689/2689/1355 2690/2690/1356
f 2682/2682/1349 2681/2681/1348 2691/2691/1357
f 2682/2682/1349 2691/2691/1357 2692/2692/1357
f 2678/2678/1346 2677/2677/1345 2693/2693/1358
f 2678/2678/1346 2693/2693/1358 2694/2694/1358
f 2674/2674/1343 2673/2673/1342 2695/2695/1359
f 2674/2674/1343 2695/2695/1359 2696/2696/1359
f 2670/2670/1340 2669/2669/1339 2697/2697/1360
f 2670/2670/1340 2697/2697/1360 2698/2698/1360
f 2690/2690/1356 2689/2689/1355 2699/2699/1361
f 2690/2690/1356 2699/2699/1361 2700/2700/1361
f 2686/2686/1352 2685/2685/1351 2701/2701/1362
f 2686/2686/1352 2701/2701/1362 2702/2702/1362
f 2703/2703/1363 2704/2704/1364 2705/2705/1365
f 2703/2703/1363 2705/2705/1365 2706/2706/1366
f 2707/2707/1367 2708/2708/1368 2703/2703/1363
f 2707/2707/1367 2703/2703/1363 2706/2706/1366
f 2709/2709/1369 2710/2710/1370 2711/2711/1371
f 2709/2709/1369 2711/2711/1371 2712/2712/1372
f 2713/2713/1373 2709/2709/1369 2712/2712/1372
f 2713/2713/1373 2712/2712/1372 2714/2714/1374
f 2715/2715/1375 2716/2716/1376 2717/2717/1377
f 2715/2715/1375 2717/2717/1377 2718/2718/1378
f 2719/2719/1379 2715/2715/1375 2718/2718/1378
f 2719/2719/1379 2718/2718/1378 2720/2720/1380
f 2721/2721/1381 2722/2722/1382 2723/2723/1383
f 2721/2721/1381 2723/2723/1383 2724/2724/1384
f 2725/2725/1385 2726/2726/1386 2721/2721/1381
f 2725/2725/1385 2721/2721/1381 2724/2724/1384
f 2727/2727/1387 2728/2728/1388 2729/2729/1389
f 2727/2727/1387 2729/2729/1389 2730/2730/1390
f 2731/2731/1391 2732/2732/1392 2727/2727/1387
f 2731/2731/1391 2727/2727/1387 2730/2730/1390
f 2733/2733/1393 2734/2734/1394 2735/2735/1395
f 2733/2733/1393 2735/2735/1395 2736/2736/1396
f 2737/2737/1397 2733/2733/1393 2736/2736/1396
f 2737/2737/1397 2736/2736/1396 2738/2738/1398
f 2739/2739/1399 2740/2740/1400 2741/2741/1401
f 2739/2739/1399 2741/2741/1401 2742/2742/1402
f 2743/2743/1403 2739/2739/1399 2742/2742/1402
f 2743/2743/1403 2742/2742/1402 2744/2744/1404
f 2745/2745/1405 2746/2746/1406 2747/2747/1407
f 2745/2745/1405 2747/2747/1407 2748/2748/1408
f 2749/2749/1409 2745/2745/1405 2748/2748/1408
f 2749/2749/1409 2748/2748/1408 2750/2750/1410
f 2736/2736/1396 2751/2751/1411 2752/2752/1412
f 2736/2736/1396 2752/2752/1412 2753/2753/1413
f 2738/2738/1398 2736/2736/1396 2753/2753/1413
f 2738/2738/1398 2753/2753/1413 2754/2754/1414
f 2755/2755/1415 2756/2756/1416 2757/2757/1417
f 2755/2755/1415 2757/2757/1417 2758/2758/1418
f 2757/2757/1417 2759/2759/1419 2760/2760/1420
f 2757/2757/1417 2760/2760/1420 2758/2758/1418
f 2748/2748/1408 2747/2747/1407 2761/2761/1421
f 2748/2748/1408 2761/2761/1421 2762/2762/1422
f 2763/2763/1423 2764/2764/1424 2748/2748/1408
f 2763/2763/1423 2748/2748/1408 2762/2762/1422
f 2765/2765/1425 2766/2766/1426 2767/2767/1427
f 2765/2765/1425 2767/2767/1427 2768/2768/1428
f 2769/2769/1429 2765/2765/1425 2768/2768/1428
f 2769/2769/1429 2768/2768/1428 2770/2770/1430
f 2771/2771/1431 2772/2772/1432 2773/2773/1433
f 2771/2771/1431 2773/2773/1433 2774/2774/1434
f 2775/2775/1435 2776/2776/1436 2771/2771/1431
f 2775/2775/1435 2771/2771/1431 2774/2774/1434
f 2777/2777/1437 2778/2778/1438 2779/2779/1439
f 2777/2777/1437 2779/2779/1439 2780/2780/1440
f 2781/2781/1441 2782/2782/1442 2777/2777/1437
f 2781/2781/1441 2777/2777/1437 2780/2780/1440
f 2783/2783/1443 2784/2784/1444 2785/2785/1445
f 2783/2783/1443 2785/2785/1445 2786/2786/1446
f 2787/2787/1447 2783/2783/1443 2786/2786/1446
f 2787/2787/1447 2786/2786/1446 2788/2788/1448
f 2789/2789/1449 2790/2790/1450 2791/2791/1449
f 2789/2789/1449 2791/2791/1449 2792/2792/1449
f 2793/2793/1451 2794/2794/1452 2795/2795/1453
f 2793/2793/1451 2795/2795/1453 2796/2796/1453
f 2797/2797/1454 2798/2798/1454 2794/2794/1452
f 2797/2797/1454 2794/2794/1452 2793/2793/1451
f 2799/2799/1455 2800/2800/1456 2801/2801/1457
f 2799/2799/1455 2801/2801/1457 2802/2802/1458
f 2803/2803/1459 2804/2804/1460 2800/2800/1456
f 2803/2803/1459 2800/2800/1456 2799/2799/1455
f 2716/2716/1376 2805/2805/1461 2806/2806/1462
f 2716/2716/1376 2806/2806/1462 2717/2717/1377
f 2802/2802/1458 2801/2801/1457 2807/2807/1463
f 2802/2802/1458 2807/2807/1463 2808/2808/1464
f 2784/2784/1444 2809/2809/1465 2810/2810/1466
f 2784/2784/1444 2810/2810/1466 2785/2785/1445
f 2766/2766/1426 2811/2811/1467 2812/2812/1468
f 2766/2766/1426 2812/2812/1468 2767/2767/1427
f 2751/2751/1411 2813/2813/1469 2814/2814/1470
f 2751/2751/1411 2814/2814/1470 2752/2752/1412
f 2734/2734/1394 2815/2815/1471 2816/2816/1472
f 2734/2734/1394 2816/2816/1472 2735/2735/1395
f 2817/2817/1473 2818/2818/1474 2819/2819/1475
f 2817/2817/1473 2819/2819/1475 2820/2820/1476
f 2821/2821/1477 2822/2822/1478 2823/2823/1479
f 2821/2821/1477 2823/2823/1479 2824/2824/1480
f 2822/2822/1478 2825/2825/1481 2826/2826/1482
f 2822/2822/1478 2826/2826/1482 2823/2823/1479
f 2827/2827/1483 2826/2826/1482 2825/2825/1481
f 2827/2827/1483 2825/2825/1481 2828/2828/1484
f 2828/2828/1484 2829/2829/1485 2830/2830/1486
f 2828/2828/1484 2830/2830/1486 2827/2827/1483
f 2829/2829/1485 2820/2820/1476 2819/2819/1475
f 2829/2829/1485 2819/2819/1475 2830/2830/1486
f 2831/2831/1487 2832/2832/1488 2833/2833/1489
f 2831/2831/1487 2833/2833/1489 2834/2834/1490
f 2835/2835/1491 2836/2836/1492 2837/2837/1493
f 2835/2835/1491 2837/2837/1493 2838/2838/1494
f 2836/2836/1492 2839/2839/1495 2840/2840/1496
f 2836/2836/1492 2840/2840/1496 2837/2837/1493
f 2839/2839/1495 2841/2841/1497 2842/2842/1498
f 2839/2839/1495 2842/2842/1498 2840/2840/1496
f 2843/2843/1499 2842/2842/1498 2841/2841/1497
f 2843/2843/1499 2841/2841/1497 2844/2844/1500
f 2844/2844/1500 2834/2834/1490 2833/2833/1489
f 2844/2844/1500 2833/2833/1489 2843/2843/1499
f 2845/2845/1501 2846/2846/1502 2847/2847/1503
f 2845/2845/1501 2847/2847/1503 2848/2848/1504
f 2849/2849/1505 2850/2850/1506 2851/2851/1507
f 2849/2849/1505 2851/2851/1507 2852/2852/1508
f 2850/2850/1506 2853/2853/1509 2854/2854/1510
f 2850/2850/1506 2854/2854/1510 2851/2851/1507
f 2853/2853/1509 2855/2855/1511 2856/2856/1512
f 2853/2853/1509 2856/2856/1512 2854/2854/1510
f 2855/2855/1511 2857/2857/1513 2858/2858/1514
f 2855/2855/1511 2858/2858/1514 2856/2856/1512
f 2857/2857/1513 2859/2859/1515 2860/2860/1516
f 2857/2857/1513 2860/2860/1516 2858/2858/1514
f 2859/2859/1515 2861/2861/1517 2862/2862/1518
f 2859/2859/1515 2862/2862/1518 2860/2860/1516
f 2861/2861/1517 2863/2863/1519 2864/2864/1520
f 2861/2861/1517 2864/2864/1520 2862/2862/1518
f 2863/2863/1519 2865/2865/1521 2866/2866/1522
f 2863/2863/1519 2866/2866/1522 2864/2864/1520
f 2865/2865/1521 2867/2867/1523 2868/2868/1524
f 2865/2865/1521 2868/2868/1524 2866/2866/1522
f 2867/2867/1523 2869/2869/1525 2870/2870/1526
f 2867/2867/1523 2870/2870/1526 2868/2868/1524
f 2869/2869/1525 2845/2845/1501 2848/2848/1504
f 2869/2869/1525 2848/2848/1504 2870/2870/1526
f 2871/2871/1527 2872/2872/1528 2873/2873/1529
f 2871/2871/1527 2873/2873/1529 2874/2874/1530
f 2875/2875/1531 2871/2871/1527 2874/2874/1530
f 2875/2875/1531 2874/2874/1530 2876/2876/1532
f 2877/2877/1533 2875/2875/1531 2876/2876/1532
f 2877/2877/1533 2876/2876/1532 2878/2878/1534
f 2879/2879/1535 2877/2877/1533 2878/2878/1534
f 2879/2879/1535 2878/2878/1534 2880/2880/1536
f 2881/2881/1537 2879/2879/1535 2880/2880/1536
f 2881/2881/1537 2880/2880/1536 2882/2882/1538
f 2883/2883/1539 2881/2881/1537 2882/2882/1538
f 2883/2883/1539 2882/2882/1538 2884/2884/1540
f 2885/2885/1541 2883/2883/1539 2884/2884/1540
f 2885/2885/1541 2884/2884/1540 2886/2886/1542
f 2887/2887/1543 2885/2885/1541 2886/2886/1542
f 2887/2887/1543 2886/2886/1542 2888/2888/1544
f 2889/2889/1545 2890/2890/1546 2891/2891/1547
f 2889/2889/1545 2891/2891/1547 2892/2892/1548
f 2893/2893/1549 2889/2889/1545 2892/2892/1548
f 2893/2893/1549 2892/2892/1548 2894/2894/1550
f 2895/2895/1551 2893/2893/1549 2894/2894/1550
f 2895/2895/1551 2894/2894/1550 2896/2896/1552
f 2872/2872/1528 2895/2895/1551 2896/2896/1552
f 2872/2872/1528 2896/2896/1552 2873/2873/1529
f 2897/2897/1553 2898/2898/1554 2899/2899/1555
f 2897/2897/1553 2899/2899/1555 2900/2900/1556
f 2901/2901/1557 2897/2897/1553 2900/2900/1556
f 2901/2901/1557 2900/2900/1556 2902/2902/1558
f 2903/2903/1559 2901/2901/1557 2902/2902/1558
f 2903/2903/1559 2902/2902/1558 2904/2904/1560
f 2905/2905/1561 2903/2903/1559 2904/2904/1560
f 2905/2905/1561 2904/2904/1560 2906/2906/1562
f 2907/2907/1563 2905/2905/1561 2906/2906/1562
f 2907/2907/1563 2906/2906/1562 2908/2908/1564
f 2909/2909/1565 2907/2907/1563 2908/2908/1564
f 2909/2909/1565 2908/2908/1564 2910/2910/1566
f 2911/2911/1567 2909/2909/1565 2910/2910/1566
f 2911/2911/1567 2910/2910/1566 2912/2912/1568
f 2913/2913/1569 2911/2911/1567 2912/2912/1568
f 2913/2913/1569 2912/2912/1568 2914/2914/1570
f 2915/2915/1571 2916/2916/1572 2917/2917/1573
f 2915/2915/1571 2917/2917/1573 2918/2918/1574
f 2919/2919/1575 2915/2915/1571 2918/2918/1574
f 2919/2919/1575 2918/2918/1574 2920/2920/1576
f 2921/2921/1577 2919/2919/1575 2920/2920/1576
f 2921/2921/1577 2920/2920/1576 2922/2922/1578
f 2898/2898/1554 2921/2921/1577 2922/2922/1578
f 2898/2898/1554 2922/2922/1578 2899/2899/1555
f 2923/2923/1579 2924/2924/1580 2925/2925/1581
f 2923/2923/1579 2925/2925/1581 2926/2926/1582
f 2927/2927/1583 2928/2928/1584 2929/2929/1585
f 2927/2927/1583 2929/2929/1585 2930/2930/1586
f 2931/2931/1587 2927/2927/1583 2930/2930/1586
f 2931/2931/1587 2930/2930/1586 2932/2932/1588
f 2933/2933/1589 2931/2931/1587 2932/2932/1588
f 2933/2933/1589 2932/2932/1588 2934/2934/1590
f 2935/2935/1591 2933/2933/1589 2934/2934/1590
f 2935/2935/1591 2934/2934/1590 2936/2936/1592
f 2937/2937/1593 2935/2935/1591 2936/2936/1592
f 2937/2937/1593 2936/2936/1592 2938/2938/1594
f 2939/2939/1595 2937/2937/1593 2938/2938/1594
f 2939/2939/1595 2938/2938/1594 2940/2940/1596
f 2941/2941/1597 2939/2939/1595 2940/2940/1596
f 2941/2941/1597 2940/2940/1596 2942/2942/1598
f 2943/2943/1599 2941/2941/1597 2942/2942/1598
f 2943/2943/1599 2942/2942/1598 2944/2944/1600
f 2945/2945/1601 2943/2943/1599 2944/2944/1600
f 2945/2945/1601 2944/2944/1600 2946/2946/1602
f 2947/2947/1603 2945/2945/1601 2946/2946/1602
f 2947/2947/1603 2946/2946/1602 2948/2948/1604
f 2924/2924/1580 2947/2947/1603 2948/2948/1604
f 2924/2924/1580 2948/2948/1604 2925/2925/1581
f 2949/2949/1605 2950/2950/1606 2951/2951/1607
f 2949/2949/1605 2951/2951/1607 2952/2952/1608
f 2953/2953/1609 2949/2949/1605 2952/2952/1608
f 2953/2953/1609 2952/2952/1608 2954/2954/1610
f 2955/2955/1611 2953/2953/1609 2954/2954/1610
f 2955/2955/1611 2954/2954/1610 2956/2956/1612
f 2957/2957/1613 2955/2955/1611 2956/2956/1612
f 2957/2957/1613 2956/2956/1612 2958/2958/1614
f 2959/2959/1615 2957/2957/1613 2958/2958/1614
f 2959/2959/1615 2958/2958/1614 2960/2960/1616
f 2961/2961/1617 2959/2959/1615 2960/2960/1616
f 2961/2961/1617 2960/2960/1616 2962/2962/1618
f 2963/2963/1619 2961/2961/1617 2962/2962/1618
f 2963/2963/1619 2962/2962/1618 2964/2964/1620
f 2965/2965/1621 2963/2963/1619 2964/2964/1620
f 2965/2965/1621 2964/2964/1620 2966/2966/1622
f 2967/2967/1623 2968/2968/1624 2969/2969/1625
f 2967/2967/1623 2969/2969/1625 2970/2970/1626
f 2971/2971/1627 2967/2967/1623 2970/2970/1626
f 2971/2971/1627 2970/2970/1626 2972/2972/1628
f 2973/2973/1629 2971/2971/1627 2972/2972/1628
f 2973/2973/1629 2972/2972/1628 2974/2974/1630
f 2950/2950/1606 2973/2973/1629 2974/2974/1630
f 2950/2950/1606 2974/2974/1630 2951/2951/1607
f 2975/2975/1631 2976/2976/1632 2977/2977/1633
f 2975/2975/1631 2977/2977/1633 2978/2978/1634
f 2979/2979/1635 2980/2980/1636 2981/2981/1637
f 2979/2979/1635 2981/2981/1637 2982/2982/1638
f 2980/2980/1636 2983/2983/1639 2984/2984/1640
f 2980/2980/1636 2984/2984/1640 2981/2981/1637
f 2983/2983/1639 2985/2985/1641 2986/2986/1642
f 2983/2983/1639 2986/2986/1642 2984/2984/1640
f 2985/2985/1641 2987/2987/1643 2988/2988/1644
f 2985/2985/1641 2988/2988/1644 2986/2986/1642
f 2987/2987/1643 2989/2989/1645 2990/2990/1646
f 2987/2987/1643 2990/2990/1646 2988/2988/1644
f 2989/2989/1645 2991/2991/1647 2992/2992/1648
f 2989/2989/1645 2992/2992/1648 2990/2990/1646
f 2991/2991/1647 2993/2993/1649 2994/2994/1650
f 2991/2991/1647 2994/2994/1650 2992/2992/1648
f 2993/2993/1649 2995/2995/1651 2996/2996/1652
f 2993/2993/1649 2996/2996/1652 2994/2994/1650
f 2995/2995/1651 2997/2997/1653 2998/2998/1654
f 2995/2995/1651 2998/2998/1654 2996/2996/1652
f 2997/2997/1653 2999/2999/1655 3000/3000/1656
f 2997/2997/1653 3000/3000/1656 2998/2998/1654
f 2999/2999/1655 2975/2975/1631 2978/2978/1634
f 2999/2999/1655 2978/2978/1634 3000/3000/1656
f 520/520/100 524/524/100 517/517/100
f 525/525/101 3001/3001/101 524/524/101
f 528/528/102 530/530/102 3002/3002/102
f 3003/3003/1657 3004/3004/1657 3005/3005/1657
f 3003/3003/1657 3005/3005/1657 3006/3006/1657
f 557/557/110 3007/3007/110 558/558/110
f 3008/3008/109 3009/3009/109 3010/3010/109
f 3008/3008/109 3010/3010/109 3011/3011/109
f 3012/3012/111 3013/3013/111 3014/3014/111
f 3012/3012/111 3014/3014/111 3015/3015/111
f 624/624/121 626/626/121 3016/3016/121
f 635/635/113 637/637/113 3017/3017/113
f 3018/3018/109 3019/3019/109 3020/3020/109
f 3018/3018/109 3020/3020/109 3021/3021/109
f 3022/3022/1658 3023/3023/1659 3024/3024/1659
f 3022/3022/1658 3024/3024/1659 3025/3025/1660
f 3026/3026/1661 3027/3027/1662 3028/3028/1662
f 3026/3026/1661 3028/3028/1662 3029/3029/1663
f 3030/3030/1664 3031/3031/1665 3032/3032/1666
f 3030/3030/1664 3032/3032/1666 3033/3033/1664
f 3034/3034/1667 3035/3035/1668 3036/3036/1668
f 3034/3034/1667 3036/3036/1668 3037/3037/1669
f 3038/3038/1670 3039/3039/1671 3040/3040/1672
f 3038/3038/1670 3040/3040/1672 3041/3041/1670
f 3042/3042/1673 3043/3043/1674 3044/3044/1675
f 3042/3042/1673 3044/3044/1675 3045/3045/1675
f 3046/3046/1676 3022/3022/1658 3025/3025/1660
f 3046/3046/1676 3025/3025/1660 3047/3047/1676
f 3048/3048/1677 3026/3026/1661 3029/3029/1663
f 3048/3048/1677 3029/3029/1663 3049/3049/1677
f 1610/1610/398 1608/1608/396 3050/3050/1678
f 1610/1610/398 3050/3050/1678 3051/3051/1679
f 3052/3052/1680 3034/3034/1667 3037/3037/1669
f 3052/3052/1680 3037/3037/1669 3053/3053/1668
f 3032/3032/1666 3031/3031/1665 3054/3054/1681
f 3032/3032/1666 3054/3054/1681 3055/3055/1682
f 1611/1611/399 3051/3051/1679 3050/3050/1678
f 1611/1611/399 3050/3050/1678 1612/1612/400
f 3055/3055/1682 3054/3054/1681 3043/3043/1674
f 3055/3055/1682 3043/3043/1674 3042/3042/1673
f 3040/3040/1672 3039/3039/1671 3052/3052/1680
f 3040/3040/1672 3052/3052/1680 3053/3053/1668
f 3056/3056/1683 3057/3057/1684 3058/3058/1685
f 3056/3056/1683 3058/3058/1685 3059/3059/1683
f 3060/3060/1686 3061/3061/1687 3062/3062/1688
f 3060/3060/1686 3062/3062/1688 3063/3063/1686
f 3064/3064/1689 3065/3065/1690 3066/3066/1690
f 3064/3064/1689 3066/3066/1690 3067/3067/1689
f 3068/3068/1691 3069/3069/1668 3070/3070/1668
f 3068/3068/1691 3070/3070/1668 3071/3071/1692
f 3061/3061/1687 3072/3072/1693 3073/3073/1693
f 3061/3061/1687 3073/3073/1693 3062/3062/1688
f 3058/3058/1685 3057/3057/1684 3074/3074/1694
f 3058/3058/1685 3074/3074/1694 3075/3075/1694
f 3076/3076/1695 3077/3077/1696 1619/1619/407
f 3076/3076/1695 1619/1619/407 1620/1620/408
f 3078/3078/1697 3068/3068/1691 3071/3071/1692
f 3078/3078/1697 3071/3071/1692 3079/3079/1698
f 3066/3066/1690 3065/3065/1690 3080/3080/1699
f 3066/3066/1690 3080/3080/1699 3081/3081/1700
f 3082/3082/1701 3083/3083/1702 3084/3084/1703
f 3082/3082/1701 3084/3084/1703 3085/3085/1701
f 3086/3086/1704 3087/3087/1705 3088/3088/1706
f 3086/3086/1704 3088/3088/1706 3089/3089/1706
f 3083/3083/1702 3078/3078/1697 3079/3079/1698
f 3083/3083/1702 3079/3079/1698 3084/3084/1703
f 3081/3081/1700 3080/3080/1699 3087/3087/1705
f 3081/3081/1700 3087/3087/1705 3086/3086/1704
f 1625/1625/413 1622/1622/410 3077/3077/1696
f 1625/1625/413 3077/3077/1696 3076/3076/1695
f 3090/3090/1707 3091/3091/1708 3092/3092/1708
f 3090/3090/1707 3092/3092/1708 3093/3093/1709
f 3094/3094/1710 3095/3095/1711 3096/3096/1712
f 3094/3094/1710 3096/3096/1712 3097/3097/1710
f 3098/3098/1713 3099/3099/1714 3100/3100/1715
f 3098/3098/1713 3100/3100/1715 3101/3101/1716
f 3102/3102/1717 3103/3103/1718 3104/3104/1719
f 3102/3102/1717 3104/3104/1719 3105/3105/1717
f 3106/3106/1720 3107/3107/1721 3108/3108/1722
f 3106/3106/1720 3108/3108/1722 3109/3109/1722
f 3110/3110/1723 3111/3111/1724 3112/3112/1724
f 3110/3110/1723 3112/3112/1724 3100/3100/1725
f 3113/3113/1726 3090/3090/1707 3093/3093/1709
f 3113/3113/1726 3093/3093/1709 3114/3114/1726
f 3115/3115/1727 3098/3098/1713 3101/3101/1716
f 3115/3115/1727 3101/3101/1716 3116/3116/1727
f 3096/3096/1712 3095/3095/1711 3117/3117/1728
f 3096/3096/1712 3117/3117/1728 3118/3118/1729
f 1630/1630/418 1628/1628/416 3119/3119/1730
f 1630/1630/418 3119/3119/1730 3120/3120/1731
f 1631/1631/419 3120/3120/1731 3119/3119/1730
f 1631/1631/419 3119/3119/1730 1632/1632/420
f 3118/3118/1729 3117/3117/1728 3107/3107/1721
f 3118/3118/1729 3107/3107/1721 3106/3106/1720
f 3104/3104/1719 3103/3103/1718 3115/3115/1727
f 3104/3104/1719 3115/3115/1727 3116/3116/1727
f 1638/1638/426 1637/1637/425 3121/3121/1732
f 1638/1638/426 3121/3121/1732 3122/3122/1733
f 1637/1637/425 1640/1640/428 3123/3123/1734
f 1637/1637/425 3123/3123/1734 3121/3121/1732
f 1640/1640/428 1641/1641/429 3124/3124/1735
f 1640/1640/428 3124/3124/1735 3123/3123/1734
f 1641/1641/429 1642/1642/430 3125/3125/1736
f 1641/1641/429 3125/3125/1736 3124/3124/1735
f 1642/1642/430 1643/1643/431 3126/3126/1737
f 1642/1642/430 3126/3126/1737 3125/3125/1736
f 1643/1643/431 1638/1638/426 3122/3122/1733
f 1643/1643/431 3122/3122/1733 3127/3127/1738
f 3122/3122/1733 3121/3121/1732 3128/3128/1739
f 3122/3122/1733 3128/3128/1739 3129/3129/1740
f 3121/3121/1732 3123/3123/1734 3130/3130/1741
f 3121/3121/1732 3130/3130/1741 3131/3131/1742
f 3123/3123/1734 3124/3124/1735 3132/3132/1743
f 3123/3123/1734 3132/3132/1743 3133/3133/1744
f 3124/3124/1735 3125/3125/1736 3134/3134/1745
f 3124/3124/1735 3134/3134/1745 3135/3135/1746
f 3125/3125/1736 3126/3126/1737 3136/3136/1747
f 3125/3125/1736 3136/3136/1747 3137/3137/1748
f 3127/3127/1738 3122/3122/1733 3138/3138/1749
f 3127/3127/1738 3138/3138/1749 3139/3139/1750
f 3129/3129/1740 3128/3128/1739 3140/3140/1751
f 3129/3129/1740 3140/3140/1751 3141/3141/1752
f 3131/3131/1742 3130/3130/1741 3142/3142/1753
f 3131/3131/1742 3142/3142/1753 3140/3140/1751
f 3133/3133/1744 3132/3132/1743 3143/3143/1754
f 3133/3133/1744 3143/3143/1754 3144/3144/1755
f 3135/3135/1746 3134/3134/1745 3145/3145/1756
f 3135/3135/1746 3145/3145/1756 3143/3143/1754
f 3137/3137/1748 3136/3136/1747 3146/3146/1757
f 3137/3137/1748 3146/3146/1757 3145/3145/1756
f 3139/3139/1750 3138/3138/1749 3141/3141/1752
f 3139/3139/1750 3141/3141/1752 3146/3146/1757
f 3141/3141/1752 3140/3140/1751 1645/1645/433
f 3141/3141/1752 1645/1645/433 1644/1644/432
f 3140/3140/1751 3142/3142/1753 1647/1647/435
f 3140/3140/1751 1647/1647/435 1645/1645/433
f 3144/3144/1755 3143/3143/1754 1648/1648/436
f 3144/3144/1755 1648/1648/436 1647/1647/435
f 3143/3143/1754 3145/3145/1756 1649/1649/437
f 3143/3143/1754 1649/1649/437 1648/1648/436
f 3145/3145/1756 3146/3146/1757 1650/1650/438
f 3145/3145/1756 1650/1650/438 1649/1649/437
f 3146/3146/1757 3141/3141/1752 1644/1644/432
f 3146/3146/1757 1644/1644/432 1650/1650/438
f 1652/1652/440 1651/1651/439 3147/3147/1758
f 1652/1652/440 3147/3147/1758 3148/3148/1759
f 1651/1651/439 1654/1654/442 3149/3149/1760
f 1651/1651/439 3149/3149/1760 3147/3147/1758
f 1654/1654/442 1655/1655/443 3150/3150/1761
f 1654/1654/442 3150/3150/1761 3149/3149/1760
f 1655/1655/443 1656/1656/444 3151/3151/1762
f 1655/1655/443 3151/3151/1762 3150/3150/1761
f 1656/1656/444 1657/1657/445 3152/3152/1763
f 1656/1656/444 3152/3152/1763 3151/3151/1762
f 1657/1657/445 1652/1652/440 3148/3148/1759
f 1657/1657/445 3148/3148/1759 3153/3153/1764
f 3148/3148/1759 3147/3147/1758 3154/3154/1765
f 3148/3148/1759 3154/3154/1765 3155/3155/1766
f 3147/3147/1758 3149/3149/1760 3156/3156/1767
f 3147/3147/1758 3156/3156/1767 3157/3157/1768
f 3149/3149/1760 3150/3150/1761 3158/3158/1769
f 3149/3149/1760 3158/3158/1769 3159/3159/1770
f 3150/3150/1761 3151/3151/1762 3160/3160/1771
f 3150/3150/1761 3160/3160/1771 3161/3161/1772
f 3151/3151/1762 3152/3152/1763 3162/3162/1773
f 3151/3151/1762 3162/3162/1773 3163/3163/1774
f 3153/3153/1764 3148/3148/1759 3164/3164/1775
f 3153/3153/1764 3164/3164/1775 3165/3165/1776
f 3155/3155/1766 3154/3154/1765 3166/3166/1777
f 3155/3155/1766 3166/3166/1777 3167/3167/1778
f 3157/3157/1768 3156/3156/1767 3168/3168/1779
f 3157/3157/1768 3168/3168/1779 3166/3166/1777
f 3159/3159/1770 3158/3158/1769 3169/3169/1780
f 3159/3159/1770 3169/3169/1780 3170/3170/1781
f 3161/3161/1772 3160/3160/1771 3171/3171/1782
f 3161/3161/1772 3171/3171/1782 3169/3169/1780
f 3163/3163/1774 3162/3162/1773 3172/3172/1783
f 3163/3163/1774 3172/3172/1783 3171/3171/1782
f 3165/3165/1776 3164/3164/1775 3167/3167/1778
f 3165/3165/1776 3167/3167/1778 3172/3172/1783
f 3167/3167/1778 3166/3166/1777 1659/1659/447
f 3167/3167/1778 1659/1659/447 1658/1658/446
f 3166/3166/1777 3168/3168/1779 1661/1661/449
f 3166/3166/1777 1661/1661/449 1659/1659/447
f 3170/3170/1781 3169/3169/1780 1662/1662/450
f 3170/3170/1781 1662/1662/450 1661/1661/449
f 3169/3169/1780 3171/3171/1782 1663/1663/451
f 3169/3169/1780 1663/1663/451 1662/1662/450
f 3171/3171/1782 3172/3172/1783 1664/1664/452
f 3171/3171/1782 1664/1664/452 1663/1663/451
f 3172/3172/1783 3167/3167/1778 1658/1658/446
f 3172/3172/1783 1658/1658/446 1664/1664/452
f 3173/3173/1784 3174/3174/1785 3175/3175/1786
f 3173/3173/1784 3175/3175/1786 3176/3176/1787
f 3174/3174/1785 3177/3177/1788 3178/3178/1789
f 3174/3174/1785 3178/3178/1789 3175/3175/1786
f 3177/3177/1788 3179/3179/1790 3180/3180/1791
f 3177/3177/1788 3180/3180/1791 3178/3178/1789
f 3179/3179/1790 3181/3181/1792 3182/3182/1793
f 3179/3179/1790 3182/3182/1793 3180/3180/1791
f 3181/3181/1792 3183/3183/1794 3184/3184/1795
f 3181/3181/1792 3184/3184/1795 3182/3182/1793
f 3183/3183/1794 3185/3185/1796 3186/3186/1797
f 3183/3183/1794 3186/3186/1797 3184/3184/1795
f 3185/3185/1796 3187/3187/1798 3188/3188/1799
f 3185/3185/1796 3188/3188/1799 3186/3186/1797
f 3187/3187/1798 3189/3189/1800 3190/3190/1801
f 3187/3187/1798 3190/3190/1801 3188/3188/1799
f 3189/3189/1800 3191/3191/1802 3192/3192/1803
f 3189/3189/1800 3192/3192/1803 3190/3190/1801
f 3191/3191/1802 3173/3173/1784 3176/3176/1787
f 3191/3191/1802 3176/3176/1787 3192/3192/1803
f 658/658/125 664/664/125 659/659/125
f 660/660/125 663/663/125 661/661/125
f 662/662/125 663/663/125 3193/3193/125
f 3194/3194/1804 3195/3195/1805 3196/3196/1806
f 3194/3194/1804 3196/3196/1806 3197/3197/1807
f 3195/3195/1805 3198/3198/1808 3199/3199/1809
f 3195/3195/1805 3199/3199/1809 3196/3196/1806
f 3198/3198/1808 3200/3200/1810 3201/3201/1811
f 3198/3198/1808 3201/3201/1811 3199/3199/1809
f 3200/3200/1810 3202/3202/1812 3203/3203/1813
f 3200/3200/1810 3203/3203/1813 3201/3201/1811
f 3202/3202/1812 3204/3204/1814 3205/3205/1815
f 3202/3202/1812 3205/3205/1815 3203/3203/1813
f 3204/3204/1814 3206/3206/1816 3207/3207/1817
f 3204/3204/1814 3207/3207/1817 3205/3205/1815
f 3208/3208/1818 3209/3209/1819 3210/3210/1820
f 3208/3208/1818 3210/3210/1820 3211/3211/1821
f 3209/3209/1819 3194/3194/1804 3197/3197/1807
f 3209/3209/1819 3197/3197/1807 3210/3210/1820
f 3212/3212/1822 3213/3213/1823 3214/3214/1824
f 3213/3213/1823 1665/1665/453 1667/1667/455
f 3213/3213/1823 1667/1667/455 3214/3214/1824
f 1666/1666/454 1668/1668/456 1670/1670/458
f 1666/1666/454 1670/1670/458 1667/1667/455
f 1669/1669/457 3215/3215/1825 3216/3216/1826
f 1669/1669/457 3216/3216/1826 1670/1670/458
f 1672/1672/460 3212/3212/1822 3214/3214/1824
f 1672/1672/460 3214/3214/1824 1673/1673/461
f 3205/3205/1815 3207/3207/1817 3217/3217/1827
f 3205/3205/1815 3217/3217/1827 3218/3218/1828
f 3203/3203/1813 3205/3205/1815 3218/3218/1828
f 3203/3203/1813 3218/3218/1828 3219/3219/1829
f 3201/3201/1811 3203/3203/1813 3219/3219/1829
f 3201/3201/1811 3219/3219/1829 3220/3220/1830
f 3199/3199/1809 3201/3201/1811 3220/3220/1830
f 3199/3199/1809 3220/3220/1830 3221/3221/1831
f 3196/3196/1806 3199/3199/1809 3221/3221/1831
f 3196/3196/1806 3221/3221/1831 3222/3222/1832
f 3197/3197/1807 3196/3196/1806 3222/3222/1832
f 3197/3197/1807 3222/3222/1832 3223/3223/1833
f 3210/3210/1820 3197/3197/1807 3223/3223/1833
f 3210/3210/1820 3223/3223/1833 3224/3224/1834
f 3211/3211/1821 3210/3210/1820 3224/3224/1834
f 3211/3211/1821 3224/3224/1834 3225/3225/1835
f 3226/3226/1836 3227/3227/1837 3228/3228/1838
f 3226/3226/1836 3228/3228/1838 3229/3229/1836
f 3230/3230/1839 3231/3231/1840 3232/3232/1841
f 3230/3230/1839 3232/3232/1841 3233/3233/1842
f 3234/3234/1843 3235/3235/1844 3236/3236/1845
f 3234/3234/1843 3236/3236/1845 3237/3237/1843
f 3238/3238/1846 3239/3239/1846 3240/3240/1846
f 3238/3238/1846 3240/3240/1846 3241/3241/1846
f 3242/3242/1847 3243/3243/1848 3244/3244/1848
f 3242/3242/1847 3244/3244/1848 3245/3245/1849
f 3246/3246/1850 3247/3247/1851 3248/3248/1852
f 3246/3246/1850 3248/3248/1852 3249/3249/1852
f 3250/3250/1853 3251/3251/1854 3252/3252/1855
f 3250/3250/1853 3252/3252/1855 3253/3253/1856
f 3235/3235/1844 3254/3254/1857 3255/3255/1688
f 3235/3235/1844 3255/3255/1688 3236/3236/1845
f 3228/3228/1838 3227/3227/1837 3256/3256/1858
f 3228/3228/1838 3256/3256/1858 3257/3257/1859
f 3232/3232/1841 3231/3231/1840 3258/3258/1860
f 3232/3232/1841 3258/3258/1860 3259/3259/1861
f 3254/3254/1857 3242/3242/1847 3245/3245/1849
f 3254/3254/1857 3245/3245/1849 3255/3255/1688
f 3257/3257/1859 3256/3256/1858 3247/3247/1851
f 3257/3257/1859 3247/3247/1851 3246/3246/1850
f 3259/3259/1861 3258/3258/1860 3251/3251/1854
f 3259/3259/1861 3251/3251/1854 3250/3250/1853
f 3260/3260/1862 3261/3261/1863 3262/3262/1864
f 3260/3260/1862 3262/3262/1864 3263/3263/1865
f 3261/3261/1863 3264/3264/1866 3265/3265/1867
f 3261/3261/1863 3265/3265/1867 3262/3262/1864
f 3264/3264/1866 3266/3266/1868 3267/3267/1869
f 3264/3264/1866 3267/3267/1869 3265/3265/1867
f 3266/3266/1868 3268/3268/1870 3269/3269/1871
f 3266/3266/1868 3269/3269/1871 3267/3267/1869
f 3268/3268/1870 3270/3270/1872 3271/3271/1873
f 3268/3268/1870 3271/3271/1873 3269/3269/1871
f 3270/3270/1872 3272/3272/1874 3273/3273/1875
f 3270/3270/1872 3273/3273/1875 3271/3271/1873
f 3272/3272/1874 3274/3274/1876 3275/3275/1877
f 3272/3272/1874 3275/3275/1877 3273/3273/1875
f 3274/3274/1876 3276/3276/1878 3277/3277/1879
f 3274/3274/1876 3277/3277/1879 3275/3275/1877
f 3276/3276/1878 3278/3278/1880 3279/3279/1881
f 3276/3276/1878 3279/3279/1881 3277/3277/1879
f 3278/3278/1880 3260/3260/1862 3263/3263/1865
f 3278/3278/1880 3263/3263/1865 3279/3279/1881
f 775/775/1882 3280/3280/1882 776/776/1882
f 782/782/152 784/784/152 3281/3281/152
f 797/797/157 799/799/157 3282/3282/157
f 816/816/163 3283/3283/163 817/817/163
f 835/835/159 837/837/159 3284/3284/159
f 3285/3285/1862 3286/3286/1883 3287/3287/1864
f 3285/3285/1862 3287/3287/1864 3288/3288/1884
f 3286/3286/1883 3289/3289/1885 3290/3290/1867
f 3286/3286/1883 3290/3290/1867 3287/3287/1864
f 3289/3289/1885 3291/3291/1868 3292/3292/1886
f 3289/3289/1885 3292/3292/1886 3290/3290/1867
f 3291/3291/1868 3293/3293/1887 3294/3294/1888
f 3291/3291/1868 3294/3294/1888 3292/3292/1886
f 3293/3293/1887 3295/3295/1872 3296/3296/1889
f 3293/3293/1887 3296/3296/1889 3294/3294/1888
f 3295/3295/1872 3297/3297/1890 3298/3298/1891
f 3295/3295/1872 3298/3298/1891 3296/3296/1889
f 3297/3297/1890 3299/3299/1876 3300/3300/1892
f 3297/3297/1890 3300/3300/1892 3298/3298/1891
f 3299/3299/1876 3301/3301/1878 3302/3302/1893
f 3299/3299/1876 3302/3302/1893 3300/3300/1892
f 3301/3301/1878 3303/3303/1894 3304/3304/1895
f 3301/3301/1878 3304/3304/1895 3302/3302/1893
f 3303/3303/1894 3285/3285/1862 3288/3288/1884
f 3303/3303/1894 3288/3288/1884 3304/3304/1895
f 856/856/153 3305/3305/153 857/857/153
f 867/867/147 3306/3306/147 868/868/147
f 3307/3307/1896 3308/3308/1897 3309/3309/1898
f 3307/3307/1896 3309/3309/1898 3310/3310/1896
f 3311/3311/1899 3312/3312/1900 3313/3313/1901
f 3311/3311/1899 3313/3313/1901 3314/3314/1902
f 3315/3315/1903 3316/3316/1904 3317/3317/1905
f 3315/3315/1903 3317/3317/1905 3318/3318/1903
f 3319/3319/1906 3320/3320/1907 3321/3321/1907
f 3319/3319/1906 3321/3321/1907 3322/3322/1908
f 3323/3323/1909 3324/3324/1910 3325/3325/1911
f 3323/3323/1909 3325/3325/1911 3326/3326/1911
f 3327/3327/1912 3328/3328/1913 3329/3329/1914
f 3327/3327/1912 3329/3329/1914 3330/3330/1915
f 3316/3316/1904 3331/3331/1916 3332/3332/1917
f 3316/3316/1904 3332/3332/1917 3317/3317/1905
f 3309/3309/1898 3308/3308/1897 3333/3333/1918
f 3309/3309/1898 3333/3333/1918 3334/3334/1919
f 3313/3313/1901 3312/3312/1900 3335/3335/1920
f 3313/3313/1901 3335/3335/1920 3336/3336/1921
f 3331/3331/1916 3319/3319/1906 3322/3322/1908
f 3331/3331/1916 3322/3322/1908 3332/3332/1917
f 3334/3334/1919 3333/3333/1918 3324/3324/1910
f 3334/3334/1919 3324/3324/1910 3323/3323/1909
f 3336/3336/1921 3335/3335/1920 3328/3328/1913
f 3336/3336/1921 3328/3328/1913 3327/3327/1912
f 3337/3337/1922 3338/3338/1923 3339/3339/1924
f 3337/3337/1922 3339/3339/1924 3340/3340/1925
f 3338/3338/1923 3341/3341/1926 3342/3342/1927
f 3338/3338/1923 3342/3342/1927 3339/3339/1924
f 3341/3341/1926 3343/3343/1928 3344/3344/1929
f 3341/3341/1926 3344/3344/1929 3342/3342/1927
f 3343/3343/1928 3345/3345/1930 3346/3346/1931
f 3343/3343/1928 3346/3346/1931 3344/3344/1929
f 3345/3345/1930 3347/3347/1932 3348/3348/1933
f 3345/3345/1930 3348/3348/1933 3346/3346/1931
f 3347/3347/1932 3349/3349/1934 3350/3350/1935
f 3347/3347/1932 3350/3350/1935 3348/3348/1933
f 3349/3349/1934 3351/3351/1936 3352/3352/1937
f 3349/3349/1934 3352/3352/1937 3350/3350/1935
f 3351/3351/1936 3353/3353/1938 3354/3354/1939
f 3351/3351/1936 3354/3354/1939 3352/3352/1937
f 3353/3353/1938 3355/3355/1940 3356/3356/1941
f 3353/3353/1938 3356/3356/1941 3354/3354/1939
f 3357/3357/1942 3337/3337/1922 3340/3340/1925
f 3357/3357/1942 3340/3340/1925 3358/3358/1943
f 905/905/2 907/907/2 902/902/2
f 3359/3359/1944 3360/3360/1945 3361/3361/1946
f 3359/3359/1944 3361/3361/1946 3362/3362/1947
f 3360/3360/1945 3363/3363/1948 3364/3364/1949
f 3360/3360/1945 3364/3364/1949 3361/3361/1946
f 3363/3363/1948 3365/3365/1950 3366/3366/1951
f 3363/3363/1948 3366/3366/1951 3364/3364/1949
f 3365/3365/1950 3367/3367/1952 3368/3368/1953
f 3365/3365/1950 3368/3368/1953 3366/3366/1951
f 3367/3367/1952 3369/3369/1954 3370/3370/1955
f 3367/3367/1952 3370/3370/1955 3368/3368/1953
f 3369/3369/1954 3371/3371/1956 3372/3372/1957
f 3369/3369/1954 3372/3372/1957 3370/3370/1955
f 3371/3371/1956 3373/3373/1958 3374/3374/1959
f 3371/3371/1956 3374/3374/1959 3372/3372/1957
f 3373/3373/1958 3375/3375/1960 3376/3376/1961
f 3373/3373/1958 3376/3376/1961 3374/3374/1959
f 3375/3375/1960 3377/3377/1962 3378/3378/1963
f 3375/3375/1960 3378/3378/1963 3376/3376/1961
f 3377/3377/1962 3379/3379/1964 3380/3380/1965
f 3377/3377/1962 3380/3380/1965 3378/3378/1963
f 3381/3381/1966 3382/3382/1967 3383/3383/1968
f 3381/3381/1966 3383/3383/1968 3384/3384/1969
f 3382/3382/1967 3385/3385/1970 3386/3386/1971
f 3382/3382/1967 3386/3386/1971 3383/3383/1968
f 3385/3385/1970 3387/3387/1972 3388/3388/1973
f 3385/3385/1970 3388/3388/1973 3386/3386/1971
f 3387/3387/1972 3389/3389/1974 3390/3390/1975
f 3387/3387/1972 3390/3390/1975 3388/3388/1973
f 3389/3389/1974 3391/3391/1976 3392/3392/1977
f 3389/3389/1974 3392/3392/1977 3390/3390/1975
f 3391/3391/1976 3393/3393/1978 3394/3394/1979
f 3391/3391/1976 3394/3394/1979 3392/3392/1977
f 3393/3393/1978 3395/3395/1980 3396/3396/1981
f 3393/3393/1978 3396/3396/1981 3394/3394/1979
f 3395/3395/1980 3397/3397/1982 3398/3398/1983
f 3395/3395/1980 3398/3398/1983 3396/3396/1981
f 3397/3397/1982 3399/3399/1984 3400/3400/1985
f 3397/3397/1982 3400/3400/1985 3398/3398/1983
f 3399/3399/1984 3381/3381/1966 3384/3384/1969
f 3399/3399/1984 3384/3384/1969 3400/3400/1985
f 3382/3382/1967 3381/3381/1966 3401/3401/1986
f 3382/3382/1967 3401/3401/1986 3402/3402/1987
f 3385/3385/1970 3382/3382/1967 3402/3402/1987
f 3385/3385/1970 3402/3402/1987 3403/3403/1988
f 3387/3387/1972 3385/3385/1970 3403/3403/1988
f 3387/3387/1972 3403/3403/1988 3404/3404/1989
f 3389/3389/1974 3387/3387/1972 3404/3404/1989
f 3389/3389/1974 3404/3404/1989 3405/3405/1990
f 3391/3391/1976 3389/3389/1974 3405/3405/1990
f 3391/3391/1976 3405/3405/1990 3406/3406/1991
f 3393/3393/1978 3391/3391/1976 3406/3406/1991
f 3393/3393/1978 3406/3406/1991 3407/3407/1992
f 3395/3395/1980 3393/3393/1978 3407/3407/1992
f 3395/3395/1980 3407/3407/1992 3408/3408/1993
f 3397/3397/1982 3395/3395/1980 3408/3408/1993
f 3397/3397/1982 3408/3408/1993 3409/3409/1994
f 3399/3399/1984 3397/3397/1982 3409/3409/1994
f 3399/3399/1984 3409/3409/1994 3410/3410/1995
f 3381/3381/1966 3399/3399/1984 3410/3410/1995
f 3381/3381/1966 3410/3410/1995 3401/3401/1986
f 3402/3402/1987 3401/3401/1986 3411/3411/1996
f 3402/3402/1987 3411/3411/1996 3412/3412/1997
f 3403/3403/1988 3402/3402/1987 3412/3412/1997
f 3403/3403/1988 3412/3412/1997 3413/3413/1998
f 3404/3404/1989 3403/3403/1988 3413/3413/1998
f 3404/3404/1989 3413/3413/1998 3414/3414/1999
f 3405/3405/1990 3404/3404/1989 3414/3414/1999
f 3405/3405/1990 3414/3414/1999 3415/3415/2000
f 3406/3406/1991 3405/3405/1990 3415/3415/2000
f 3406/3406/1991 3415/3415/2000 3416/3416/2001
f 3407/3407/1992 3406/3406/1991 3416/3416/2001
f 3407/3407/1992 3416/3416/2001 3417/3417/2002
f 3408/3408/1993 3407/3407/1992 3417/3417/2002
f 3408/3408/1993 3417/3417/2002 3418/3418/2003
f 3409/3409/1994 3408/3408/1993 3418/3418/2003
f 3409/3409/1994 3418/3418/2003 3419/3419/2004
f 3410/3410/1995 3409/3409/1994 3419/3419/2004
f 3410/3410/1995 3419/3419/2004 3420/3420/2005
f 3401/3401/1986 3410/3410/1995 3420/3420/2005
f 3401/3401/1986 3420/3420/2005 3411/3411/1996
f 922/922/178 3421/3421/178 923/923/178
f 3422/3422/2006 3423/3423/2007 3424/3424/2008
f 3422/3422/2006 3424/3424/2008 3425/3425/2009
f 3426/3426/2010 3427/3427/2011 3428/3428/2012
f 3426/3426/2010 3428/3428/2012 3429/3429/2013
f 3430/3430/2014 3431/3431/2015 3432/3432/2016
f 3430/3430/2014 3432/3432/2016 3433/3433/2017
f 3434/3434/2018 3435/3435/2019 3436/3436/2020
f 3434/3434/2018 3436/3436/2020 3437/3437/2021
f 935/935/183 937/937/183 938/938/183
f 3438/3438/2022 3439/3439/2023 3440/3440/2024
f 3438/3438/2022 3440/3440/2024 3441/3441/2025
f 3439/3439/2023 3442/3442/2026 3443/3443/2027
f 3439/3439/2023 3443/3443/2027 3440/3440/2024
f 3442/3442/2026 3444/3444/2028 3445/3445/2029
f 3442/3442/2026 3445/3445/2029 3443/3443/2027
f 3444/3444/2028 3446/3446/2030 3447/3447/2031
f 3444/3444/2028 3447/3447/2031 3445/3445/2029
f 3446/3446/2030 3448/3448/2032 3449/3449/2033
f 3446/3446/2030 3449/3449/2033 3447/3447/2031
f 3448/3448/2032 3450/3450/2034 3451/3451/2035
f 3448/3448/2032 3451/3451/2035 3449/3449/2033
f 3450/3450/2034 3452/3452/2036 3453/3453/2037
f 3450/3450/2034 3453/3453/2037 3451/3451/2035
f 3452/3452/2036 3454/3454/2038 3455/3455/2039
f 3452/3452/2036 3455/3455/2039 3453/3453/2037
f 3454/3454/2038 3456/3456/2040 3457/3457/2041
f 3454/3454/2038 3457/3457/2041 3455/3455/2039
f 3458/3458/2042 3438/3438/2022 3441/3441/2025
f 3458/3458/2042 3441/3441/2025 3459/3459/2043
f 951/951/5 957/957/5 952/952/5
f 956/956/5 955/955/5 3460/3460/5
f 3461/3461/2044 3462/3462/2045 3463/3463/2046
f 3461/3461/2044 3463/3463/2046 3464/3464/2047
f 3462/3462/2045 3465/3465/2048 3466/3466/2049
f 3462/3462/2045 3466/3466/2049 3463/3463/2046
f 3465/3465/2048 3467/3467/2050 3468/3468/2051
f 3465/3465/2048 3468/3468/2051 3466/3466/2049
f 3467/3467/2050 3469/3469/2052 3470/3470/2053
f 3467/3467/2050 3470/3470/2053 3468/3468/2051
f 3469/3469/2052 3471/3471/2054 3472/3472/2055
f 3469/3469/2052 3472/3472/2055 3470/3470/2053
f 3471/3471/2054 3473/3473/2056 3474/3474/2057
f 3471/3471/2054 3474/3474/2057 3472/3472/2055
f 3473/3473/2056 3475/3475/2058 3476/3476/2059
f 3473/3473/2056 3476/3476/2059 3474/3474/2057
f 3475/3475/2058 3477/3477/2060 3478/3478/2061
f 3475/3475/2058 3478/3478/2061 3476/3476/2059
f 3477/3477/2060 3479/3479/2062 3480/3480/2063
f 3477/3477/2060 3480/3480/2063 3478/3478/2061
f 3479/3479/2062 3481/3481/2064 3482/3482/2065
f 3479/3479/2062 3482/3482/2065 3480/3480/2063
f 3483/3483/2066 3484/3484/2067 3485/3485/2068
f 3483/3483/2066 3485/3485/2068 3486/3486/2069
f 3484/3484/2067 3487/3487/2070 3488/3488/2071
f 3484/3484/2067 3488/3488/2071 3485/3485/2068
f 3487/3487/2070 3489/3489/2072 3490/3490/2073
f 3487/3487/2070 3490/3490/2073 3488/3488/2071
f 3489/3489/2072 3491/3491/2074 3492/3492/2075
f 3489/3489/2072 3492/3492/2075 3490/3490/2073
f 3491/3491/2074 3493/3493/2076 3494/3494/2077
f 3491/3491/2074 3494/3494/2077 3492/3492/2075
f 3493/3493/2076 3495/3495/2078 3496/3496/2079
f 3493/3493/2076 3496/3496/2079 3494/3494/2077
f 3495/3495/2078 3497/3497/2080 3498/3498/2081
f 3495/3495/2078 3498/3498/2081 3496/3496/2079
f 3497/3497/2080 3499/3499/2082 3500/3500/2083
f 3497/3497/2080 3500/3500/2083 3498/3498/2081
f 3499/3499/2082 3501/3501/2084 3502/3502/2085
f 3499/3499/2082 3502/3502/2085 3500/3500/2083
f 3501/3501/2084 3483/3483/2066 3486/3486/2069
f 3501/3501/2084 3486/3486/2069 3502/3502/2085
f 3484/3484/2067 3483/3483/2066 3503/3503/2086
f 3484/3484/2067 3503/3503/2086 3504/3504/2087
f 3487/3487/2070 3484/3484/2067 3504/3504/2087
f 3487/3487/2070 3504/3504/2087 3505/3505/2088
f 3489/3489/2072 3487/3487/2070 3505/3505/2088
f 3489/3489/2072 3505/3505/2088 3506/3506/2089
f 3491/3491/2074 3489/3489/2072 3506/3506/2089
f 3491/3491/2074 3506/3506/2089 3507/3507/2090
f 3493/3493/2076 3491/3491/2074 3507/3507/2090
f 3493/3493/2076 3507/3507/2090 3508/3508/2091
f 3495/3495/2078 3493/3493/2076 3508/3508/2091
f 3495/3495/2078 3508/3508/2091 3509/3509/2092
f 3497/3497/2080 3495/3495/2078 3509/3509/2092
f 3497/3497/2080 3509/3509/2092 3510/3510/2093
f 3499/3499/2082 3497/3497/2080 3510/3510/2093
f 3499/3499/2082 3510/3510/2093 3511/3511/2094
f 3501/3501/2084 3499/3499/2082 3511/3511/2094
f 3501/3501/2084 3511/3511/2094 3512/3512/2095
f 3483/3483/2066 3501/3501/2084 3512/3512/2095
f 3483/3483/2066 3512/3512/2095 3503/3503/2086
f 3504/3504/2087 3503/3503/2086 3513/3513/2096
f 3504/3504/2087 3513/3513/2096 3514/3514/2097
f 3505/3505/2088 3504/3504/2087 3514/3514/2097
f 3505/3505/2088 3514/3514/2097 3515/3515/2098
f 3506/3506/2089 3505/3505/2088 3515/3515/2098
f 3506/3506/2089 3515/3515/2098 3516/3516/2099
f 3507/3507/2090 3506/3506/2089 3516/3516/2099
f 3507/3507/2090 3516/3516/2099 3517/3517/2100
f 3508/3508/2091 3507/3507/2090 3517/3517/2100
f 3508/3508/2091 3517/3517/2100 3518/3518/2101
f 3509/3509/2092 3508/3508/2091 3518/3518/2101
f 3509/3509/2092 3518/3518/2101 3519/3519/2102
f 3510/3510/2093 3509/3509/2092 3519/3519/2102
f 3510/3510/2093 3519/3519/2102 3520/3520/2103
f 3511/3511/2094 3510/3510/2093 3520/3520/2103
f 3511/3511/2094 3520/3520/2103 3521/3521/2104
f 3512/3512/2095 3511/3511/2094 3521/3521/2104
f 3512/3512/2095 3521/3521/2104 3522/3522/2105
f 3503/3503/2086 3512/3512/2095 3522/3522/2105
f 3503/3503/2086 3522/3522/2105 3513/3513/2096
f 3523/3523/2106 3524/3524/2107 3525/3525/2108
f 3523/3523/2106 3525/3525/2108 3526/3526/2109
f 3527/3527/2110 3528/3528/2111 3529/3529/2112
f 3527/3527/2110 3529/3529/2112 3530/3530/2113
f 3531/3531/2114 3532/3532/2115 3533/3533/2116
f 3531/3531/2114 3533/3533/2116 3534/3534/2117
f 3535/3535/2118 3536/3536/2119 3537/3537/2120
f 3535/3535/2118 3537/3537/2120 3538/3538/2121
f 972/972/2122 3539/3539/2122 971/971/2122
f 973/973/2123 3540/3540/2123 3541/3541/2123
f 973/973/2123 3541/3541/2123 974/974/2123
f 973/973/192 975/975/192 3542/3542/192
f 3543/3543/2124 3544/3544/2125 3545/3545/2126
f 3543/3543/2124 3545/3545/2126 3546/3546/2127
f 3547/3547/2128 3548/3548/2129 3549/3549/2130
f 3547/3547/2128 3549/3549/2130 3550/3550/2131
f 3548/3548/2129 3551/3551/2132 3552/3552/2133
f 3548/3548/2129 3552/3552/2133 3549/3549/2130
f 3551/3551/2132 3553/3553/2134 3554/3554/2135
f 3551/3551/2132 3554/3554/2135 3552/3552/2133
f 3553/3553/2134 3555/3555/2136 3556/3556/2137
f 3553/3553/2134 3556/3556/2137 3554/3554/2135
f 3555/3555/2136 3543/3543/2124 3546/3546/2127
f 3555/3555/2136 3546/3546/2127 3556/3556/2137
f 3557/3557/2138 3558/3558/2139 3559/3559/2140
f 3557/3557/2138 3559/3559/2140 3560/3560/2141
f 3561/3561/2142 3557/3557/2138 3560/3560/2141
f 3561/3561/2142 3560/3560/2141 3562/3562/2143
f 3563/3563/2144 3561/3561/2142 3562/3562/2143
f 3563/3563/2144 3562/3562/2143 3564/3564/2145
f 3565/3565/2146 3563/3563/2144 3564/3564/2145
f 3565/3565/2146 3564/3564/2145 3566/3566/2147
f 3567/3567/2148 3568/3568/2149 3569/3569/2150
f 3567/3567/2148 3569/3569/2150 3570/3570/2151
f 3558/3558/2139 3567/3567/2148 3570/3570/2151
f 3558/3558/2139 3570/3570/2151 3559/3559/2140
f 976/976/2 978/978/2 3571/3571/2
f 3560/3560/2141 3559/3559/2140 3572/3572/2152
f 3560/3560/2141 3572/3572/2152 3573/3573/2153
f 3562/3562/2143 3560/3560/2141 3573/3573/2153
f 3562/3562/2143 3573/3573/2153 3574/3574/2154
f 3564/3564/2145 3562/3562/2143 3574/3574/2154
f 3564/3564/2145 3574/3574/2154 3575/3575/2155
f 3566/3566/2147 3564/3564/2145 3575/3575/2155
f 3566/3566/2147 3575/3575/2155 3576/3576/2156
f 3577/3577/2157 3578/3578/2158 3579/3579/2159
f 3577/3577/2157 3579/3579/2159 3580/3580/2160
f 3569/3569/2150 3577/3577/2157 3580/3580/2160
f 3569/3569/2150 3580/3580/2160 3581/3581/2161
f 3570/3570/2151 3569/3569/2150 3581/3581/2161
f 3570/3570/2151 3581/3581/2161 3582/3582/2162
f 3559/3559/2140 3570/3570/2151 3582/3582/2162
f 3559/3559/2140 3582/3582/2162 3572/3572/2152
f 3583/3583/2163 3584/3584/2164 3585/3585/2165
f 3583/3583/2163 3585/3585/2165 3586/3586/2166
f 3587/3587/2167 3588/3588/2168 3589/3589/2169
f 3587/3587/2167 3589/3589/2169 3590/3590/2170
f 3590/3590/2170 3589/3589/2169 3591/3591/2171
f 3590/3590/2170 3591/3591/2171 3592/3592/2172
f 3592/3592/2172 3591/3591/2171 3593/3593/2173
f 3592/3592/2172 3593/3593/2173 3594/3594/2174
f 3594/3594/2174 3593/3593/2173 3595/3595/2175
f 3594/3594/2174 3595/3595/2175 3596/3596/2176
f 3596/3596/2176 3595/3595/2175 3584/3584/2164
f 3596/3596/2176 3584/3584/2164 3583/3583/2163
f 3597/3597/2177 3598/3598/2178 3599/3599/2179
f 3597/3597/2177 3599/3599/2179 3600/3600/2180
f 3601/3601/2181 3602/3602/2182 3598/3598/2178
f 3601/3601/2181 3598/3598/2178 3597/3597/2177
f 3603/3603/2183 3604/3604/2184 3602/3602/2182
f 3603/3603/2183 3602/3602/2182 3601/3601/2181
f 3605/3605/2185 3606/3606/2186 3604/3604/2184
f 3605/3605/2185 3604/3604/2184 3603/3603/2183
f 3607/3607/2187 3608/3608/2188 3609/3609/2189
f 3607/3607/2187 3609/3609/2189 3610/3610/2190
f 3611/3611/2191 3612/3612/2192 3608/3608/2188
f 3611/3611/2191 3608/3608/2188 3607/3607/2187
f 3613/3613/2193 3614/3614/2194 3612/3612/2192
f 3613/3613/2193 3612/3612/2192 3611/3611/2191
f 3600/3600/2180 3599/3599/2179 3614/3614/2194
f 3600/3600/2180 3614/3614/2194 3613/3613/2193
f 995/995/2 3615/3615/2195 996/996/2
f 3616/3616/2196 3617/3617/2197 3615/3615/2195
f 3616/3616/2196 3615/3615/2195 995/995/2
f 3618/3618/2198 3619/3619/2 3617/3617/2197
f 3618/3618/2198 3617/3617/2197 3616/3616/2196
f 1001/1001/2 1000/1000/2 3620/3620/2199
f 1001/1001/2 3620/3620/2199 3621/3621/2
f 3598/3598/2178 3622/3622/2200 3623/3623/2201
f 3598/3598/2178 3623/3623/2201 3599/3599/2179
f 3602/3602/2182 3624/3624/2202 3622/3622/2200
f 3602/3602/2182 3622/3622/2200 3598/3598/2178
f 3604/3604/2184 3625/3625/2203 3624/3624/2202
f 3604/3604/2184 3624/3624/2202 3602/3602/2182
f 3606/3606/2186 3626/3626/2204 3625/3625/2203
f 3606/3606/2186 3625/3625/2203 3604/3604/2184
f 3608/3608/2188 3627/3627/2205 3628/3628/2206
f 3608/3608/2188 3628/3628/2206 3609/3609/2189
f 3612/3612/2192 3629/3629/2207 3627/3627/2205
f 3612/3612/2192 3627/3627/2205 3608/3608/2188
f 3614/3614/2194 3630/3630/2208 3629/3629/2207
f 3614/3614/2194 3629/3629/2207 3612/3612/2192
f 3599/3599/2179 3623/3623/2201 3630/3630/2208
f 3599/3599/2179 3630/3630/2208 3614/3614/2194
f 3631/3631/2209 3632/3632/2209 3633/3633/2210
f 3631/3631/2209 3633/3633/2210 3634/3634/2211
f 3635/3635/2212 3633/3633/2213 3636/3636/2214
f 3635/3635/2212 3636/3636/2214 3637/3637/2214
f 3638/3638/2215 3639/3639/2216 3640/3640/2217
f 3638/3638/2215 3640/3640/2217 3641/3641/2218
f 3642/3642/2124 3643/3643/2219 3644/3644/2220
f 3642/3642/2124 3644/3644/2220 3645/3645/2221
f 3643/3643/2219 3646/3646/2222 3647/3647/2223
f 3643/3643/2219 3647/3647/2223 3644/3644/2220
f 3646/3646/2222 3648/3648/2224 3649/3649/2225
f 3646/3646/2222 3649/3649/2225 3647/3647/2223
f 3650/3650/2226 3651/3651/2129 3652/3652/2227
f 3650/3650/2226 3652/3652/2227 3653/3653/2131
f 3651/3651/2129 3654/3654/2132 3655/3655/2133
f 3651/3651/2129 3655/3655/2133 3652/3652/2227
f 3654/3654/2132 3656/3656/2228 3657/3657/2135
f 3654/3654/2132 3657/3657/2135 3655/3655/2133
f 3656/3656/2228 3658/3658/2136 3659/3659/2137
f 3656/3656/2228 3659/3659/2137 3657/3657/2135
f 3658/3658/2136 3642/3642/2124 3645/3645/2221
f 3658/3658/2136 3645/3645/2221 3659/3659/2137
f 3660/3660/2138 3661/3661/2139 3662/3662/2140
f 3660/3660/2138 3662/3662/2140 3663/3663/2141
f 3664/3664/2142 3660/3660/2138 3663/3663/2141
f 3664/3664/2142 3663/3663/2141 3665/3665/2143
f 3666/3666/2144 3664/3664/2142 3665/3665/2143
f 3666/3666/2144 3665/3665/2143 3667/3667/2145
f 3668/3668/2146 3666/3666/2144 3667/3667/2145
f 3668/3668/2146 3667/3667/2145 3669/3669/2147
f 3670/3670/2229 3671/3671/2230 3672/3672/2231
f 3670/3670/2229 3672/3672/2231 3673/3673/2232
f 3674/3674/2233 3670/3670/2229 3673/3673/2232
f 3674/3674/2233 3673/3673/2232 3675/3675/2234
f 3676/3676/2148 3674/3674/2233 3675/3675/2234
f 3676/3676/2148 3675/3675/2234 3677/3677/2151
f 3661/3661/2139 3676/3676/2148 3677/3677/2151
f 3661/3661/2139 3677/3677/2151 3662/3662/2140
f 1016/1016/2 1018/1018/2 3678/3678/2235
f 3679/3679/2236 1016/1016/2 3678/3678/2235
f 3679/3679/2236 3678/3678/2235 3680/3680/2237
f 3681/3681/2238 3679/3679/2236 3680/3680/2237
f 3681/3681/2238 3680/3680/2237 3682/3682/2
f 1023/1023/2 1022/1022/2 1025/1025/2
f 3663/3663/2141 3662/3662/2140 3683/3683/2239
f 3663/3663/2141 3683/3683/2239 3684/3684/2153
f 3665/3665/2143 3663/3663/2141 3684/3684/2153
f 3665/3665/2143 3684/3684/2153 3685/3685/2154
f 3667/3667/2145 3665/3665/2143 3685/3685/2154
f 3667/3667/2145 3685/3685/2154 3686/3686/2155
f 3669/3669/2147 3667/3667/2145 3686/3686/2155
f 3669/3669/2147 3686/3686/2155 3687/3687/2156
f 3673/3673/2232 3672/3672/2231 3688/3688/2159
f 3673/3673/2232 3688/3688/2159 3689/3689/2160
f 3675/3675/2234 3673/3673/2232 3689/3689/2160
f 3675/3675/2234 3689/3689/2160 3690/3690/2161
f 3677/3677/2151 3675/3675/2234 3690/3690/2161
f 3677/3677/2151 3690/3690/2161 3691/3691/2162
f 3662/3662/2140 3677/3677/2151 3691/3691/2162
f 3662/3662/2140 3691/3691/2162 3683/3683/2239
f 1033/1033/2 1030/1030/2 1034/1034/2
f 3692/3692/2240 3693/3693/2241 3694/3694/2242
f 3692/3692/2240 3694/3694/2242 3695/3695/2243
f 3696/3696/2244 3697/3697/2245 3698/3698/2246
f 3696/3696/2244 3698/3698/2246 3699/3699/2247
f 3698/3698/2246 3697/3697/2245 3700/3700/2248
f 3698/3698/2246 3700/3700/2248 3701/3701/2249
f 3694/3694/2242 3693/3693/2241 3702/3702/2250
f 3694/3694/2242 3702/3702/2250 3703/3703/2251
f 3695/3695/2243 3694/3694/2242 3704/3704/2252
f 3695/3695/2243 3704/3704/2252 3705/3705/2253
f 3694/3694/2242 3703/3703/2251 3706/3706/2254
f 3694/3694/2242 3706/3706/2254 3704/3704/2252
f 3699/3699/2247 3698/3698/2246 3707/3707/2255
f 3699/3699/2247 3707/3707/2255 3708/3708/2256
f 3698/3698/2246 3701/3701/2249 3709/3709/2257
f 3698/3698/2246 3709/3709/2257 3707/3707/2255
f 3693/3693/2241 3692/3692/2240 3710/3710/2258
f 3693/3693/2241 3710/3710/2258 3711/3711/2259
f 3700/3700/2248 3697/3697/2245 3712/3712/2260
f 3700/3700/2248 3712/3712/2260 3713/3713/2261
f 3697/3697/2245 3696/3696/2244 3714/3714/2262
f 3697/3697/2245 3714/3714/2262 3712/3712/2260
f 3702/3702/2250 3693/3693/2241 3711/3711/2259
f 3702/3702/2250 3711/3711/2259 3715/3715/2263
f 3716/3716/2264 3717/3717/2265 3718/3718/2266
f 3716/3716/2264 3718/3718/2266 3719/3719/2267
f 3720/3720/2268 3721/3721/2269 3722/3722/2270
f 3720/3720/2268 3722/3722/2270 3723/3723/2271
f 3724/3724/2244 3725/3725/2245 3726/3726/2246
f 3724/3724/2244 3726/3726/2246 3727/3727/2247
f 3726/3726/2246 3725/3725/2245 3728/3728/2248
f 3726/3726/2246 3728/3728/2248 3729/3729/2249
f 3722/3722/2270 3721/3721/2269 3730/3730/2272
f 3722/3722/2270 3730/3730/2272 3731/3731/2273
f 3718/3718/2266 3717/3717/2265 3732/3732/2250
f 3718/3718/2266 3732/3732/2250 3733/3733/2274
f 3719/3719/2267 3718/3718/2266 3734/3734/2275
f 3719/3719/2267 3734/3734/2275 3735/3735/2276
f 3721/3721/2269 3720/3720/2268 3736/3736/2277
f 3721/3721/2269 3736/3736/2277 3737/3737/2278
f 3718/3718/2266 3733/3733/2274 3738/3738/2254
f 3718/3718/2266 3738/3738/2254 3734/3734/2275
f 3727/3727/2247 3726/3726/2246 3739/3739/2279
f 3727/3727/2247 3739/3739/2279 3740/3740/2256
f 3726/3726/2246 3729/3729/2249 3741/3741/2257
f 3726/3726/2246 3741/3741/2257 3739/3739/2279
f 3730/3730/2272 3721/3721/2269 3737/3737/2278
f 3730/3730/2272 3737/3737/2278 3742/3742/2280
f 3717/3717/2265 3716/3716/2264 3743/3743/2281
f 3717/3717/2265 3743/3743/2281 3744/3744/2282
f 3723/3723/2271 3722/3722/2270 3745/3745/2283
f 3723/3723/2271 3745/3745/2283 3746/3746/2284
f 3722/3722/2270 3731/3731/2273 3747/3747/2285
f 3722/3722/2270 3747/3747/2285 3745/3745/2283
f 3728/3728/2248 3725/3725/2245 3748/3748/2260
f 3728/3728/2248 3748/3748/2260 3749/3749/2261
f 3725/3725/2245 3724/3724/2244 3750/3750/2262
f 3725/3725/2245 3750/3750/2262 3748/3748/2260
f 3732/3732/2250 3717/3717/2265 3744/3744/2282
f 3732/3732/2250 3744/3744/2282 3751/3751/2286
f 3752/3752/7 3753/3753/2287 3754/3754/2288
f 3752/3752/7 3754/3754/2288 3755/3755/7
f 3756/3756/2289 3752/3752/7 3755/3755/7
f 3756/3756/2289 3755/3755/7 3757/3757/2290
f 3758/3758/2291 3759/3759/2291 3754/3754/2288
f 3758/3758/2291 3754/3754/2288 3753/3753/2287
f 3756/3756/2289 3757/3757/2290 3760/3760/2292
f 3756/3756/2289 3760/3760/2292 3761/3761/2292
f 3762/3762/2293 3763/3763/2294 3764/3764/2295
f 3762/3762/2293 3764/3764/2295 3765/3765/2296
f 3766/3766/2297 3767/3767/2298 3768/3768/2299
f 3766/3766/2297 3768/3768/2299 3769/3769/2300
f 1048/1048/2 59/59/2 57/57/2
f 3768/3768/2299 3770/3770/2301 3771/3771/2302
f 3768/3768/2299 3771/3771/2302 3769/3769/2300
f 3764/3764/2295 3772/3772/2303 3773/3773/2304
f 3764/3764/2295 3773/3773/2304 3765/3765/2296
f 3763/3763/2294 3774/3774/2305 3775/3775/2306
f 3763/3763/2294 3775/3775/2306 3764/3764/2295
f 3764/3764/2295 3775/3775/2306 3776/3776/2307
f 3764/3764/2295 3776/3776/2307 3772/3772/2303
f 3767/3767/2298 3777/3777/2308 3778/3778/2309
f 3767/3767/2298 3778/3778/2309 3768/3768/2299
f 3768/3768/2299 3778/3778/2309 3779/3779/2310
f 3768/3768/2299 3779/3779/2310 3770/3770/2301
f 3765/3765/2296 3780/3780/2311 3781/3781/2312
f 3765/3765/2296 3781/3781/2312 3762/3762/2293
f 3771/3771/2302 3782/3782/2313 3783/3783/2314
f 3771/3771/2302 3783/3783/2314 3769/3769/2300
f 3769/3769/2300 3783/3783/2314 3784/3784/2315
f 3769/3769/2300 3784/3784/2315 3766/3766/2297
f 3773/3773/2304 3785/3785/2316 3780/3780/2311
f 3773/3773/2304 3780/3780/2311 3765/3765/2296
f 3786/3786/6 3787/3787/6 3788/3788/2317
f 3786/3786/6 3788/3788/2317 3789/3789/2318
f 3790/3790/2319 3791/3791/2320 3787/3787/6
f 3790/3790/2319 3787/3787/6 3786/3786/6
f 3792/3792/2321 3789/3789/2318 3788/3788/2317
f 3792/3792/2321 3788/3788/2317 3793/3793/2321
f 3790/3790/2319 3794/3794/2322 3795/3795/2322
f 3790/3790/2319 3795/3795/2322 3791/3791/2320
f 3796/3796/2323 3797/3797/2324 3798/3798/2325
f 3796/3796/2323 3798/3798/2325 3799/3799/2323
f 3797/3797/2324 3800/3800/2326 3801/3801/2326
f 3797/3797/2324 3801/3801/2326 3798/3798/2325
f 3802/3802/2327 3803/3803/2328 3804/3804/2329
f 3802/3802/2327 3804/3804/2329 3805/3805/2330
f 3805/3805/2330 3804/3804/2329 3806/3806/2331
f 3805/3805/2330 3806/3806/2331 3807/3807/2332
f 3807/3807/2332 3806/3806/2331 3808/3808/2333
f 3807/3807/2332 3808/3808/2333 3809/3809/2334
f 3810/3810/2335 3811/3811/2336 3812/3812/2337
f 3810/3810/2335 3812/3812/2337 3813/3813/2338
f 3811/3811/2336 3814/3814/2339 3815/3815/2340
f 3811/3811/2336 3815/3815/2340 3812/3812/2337
f 3814/3814/2339 3816/3816/2341 3817/3817/2342
f 3814/3814/2339 3817/3817/2342 3815/3815/2340
f 3818/3818/2343 3819/3819/2344 3820/3820/2345
f 3818/3818/2343 3820/3820/2345 3821/3821/2343
f 3822/3822/2346 3823/3823/2347 3824/3824/2347
f 3822/3822/2346 3824/3824/2347 3825/3825/2348
f 3819/3819/2344 3826/3826/2349 3827/3827/2350
f 3819/3819/2344 3827/3827/2350 3820/3820/2345
f 3828/3828/2351 3822/3822/2346 3825/3825/2348
f 3828/3828/2351 3825/3825/2348 3829/3829/2352
f 3826/3826/2349 3830/3830/2353 3831/3831/2353
f 3826/3826/2349 3831/3831/2353 3827/3827/2350
f 3832/3832/2354 3828/3828/2351 3829/3829/2352
f 3832/3832/2354 3829/3829/2352 3833/3833/2354
f 3834/3834/2355 3835/3835/2356 3836/3836/2357
f 3834/3834/2355 3836/3836/2357 3837/3837/2355
f 3838/3838/2358 3839/3839/2359 3840/3840/2360
f 3838/3838/2358 3840/3840/2360 3841/3841/2358
f 3835/3835/2356 3842/3842/2361 3843/3843/2361
f 3835/3835/2356 3843/3843/2361 3836/3836/2357
f 3840/3840/2360 3839/3839/2359 3844/3844/2362
f 3840/3840/2360 3844/3844/2362 3845/3845/2362
f 3846/3846/2323 3847/3847/2324 3848/3848/2325
f 3846/3846/2323 3848/3848/2325 3849/3849/2323
f 3847/3847/2324 3850/3850/2326 3851/3851/2326
f 3847/3847/2324 3851/3851/2326 3848/3848/2325
f 3852/3852/2363 3853/3853/2328 3854/3854/2364
f 3852/3852/2363 3854/3854/2364 3855/3855/2365
f 3855/3855/2365 3854/3854/2364 3856/3856/2366
f 3855/3855/2365 3856/3856/2366 3857/3857/2367
f 3857/3857/2367 3856/3856/2366 3858/3858/2368
f 3857/3857/2367 3858/3858/2368 3859/3859/2369
f 3860/3860/2370 3861/3861/2336 3862/3862/2371
f 3860/3860/2370 3862/3862/2371 3863/3863/2372
f 3861/3861/2336 3864/3864/2373 3865/3865/2374
f 3861/3861/2336 3865/3865/2374 3862/3862/2371
f 3864/3864/2373 3866/3866/2375 3867/3867/2341
f 3864/3864/2373 3867/3867/2341 3865/3865/2374
f 3868/3868/2343 3869/3869/2344 3870/3870/2345
f 3868/3868/2343 3870/3870/2345 3871/3871/2343
f 3872/3872/2346 3873/3873/2347 3874/3874/2347
f 3872/3872/2346 3874/3874/2347 3875/3875/2348
f 3869/3869/2344 3876/3876/2349 3877/3877/2350
f 3869/3869/2344 3877/3877/2350 3870/3870/2345
f 3878/3878/2351 3872/3872/2346 3875/3875/2348
f 3878/3878/2351 3875/3875/2348 3879/3879/2352
f 3876/3876/2349 3880/3880/2353 3881/3881/2353
f 3876/3876/2349 3881/3881/2353 3877/3877/2350
f 3882/3882/2354 3878/3878/2351 3879/3879/2352
f 3882/3882/2354 3879/3879/2352 3883/3883/2354
f 80/80/6 1125/1125/6 3884/3884/6
f 82/82/7 3885/3885/7 1130/1130/7
f 3886/3886/2376 3887/3887/2377 3888/3888/2378
f 3886/3886/2376 3888/3888/2378 3889/3889/2376
f 3887/3887/2377 3890/3890/2379 3891/3891/2379
f 3887/3887/2377 3891/3891/2379 3888/3888/2378
f 3892/3892/2380 3893/3893/2381 3894/3894/2382
f 3892/3892/2380 3894/3894/2382 3895/3895/2383
f 3895/3895/2383 3894/3894/2382 3896/3896/2384
f 3895/3895/2383 3896/3896/2384 3897/3897/2385
f 3897/3897/2385 3896/3896/2384 3898/3898/2386
f 3897/3897/2385 3898/3898/2386 3899/3899/2387
f 3900/3900/2388 3901/3901/2389 3902/3902/2390
f 3900/3900/2388 3902/3902/2390 3903/3903/2391
f 3901/3901/2389 3904/3904/2392 3905/3905/2393
f 3901/3901/2389 3905/3905/2393 3902/3902/2390
f 3904/3904/2392 3906/3906/2394 3907/3907/2395
f 3904/3904/2392 3907/3907/2395 3905/3905/2393
f 3908/3908/2396 3909/3909/2397 3910/3910/2398
f 3908/3908/2396 3910/3910/2398 3911/3911/2396
f 3912/3912/2399 3913/3913/2400 3914/3914/2400
f 3912/3912/2399 3914/3914/2400 3915/3915/2401
f 3909/3909/2397 3916/3916/2402 3917/3917/2403
f 3909/3909/2397 3917/3917/2403 3910/3910/2398
f 3918/3918/2404 3912/3912/2399 3915/3915/2401
f 3918/3918/2404 3915/3915/2401 3919/3919/2405
f 3916/3916/2402 3920/3920/2406 3921/3921/2406
f 3916/3916/2402 3921/3921/2406 3917/3917/2403
f 3922/3922/2407 3918/3918/2404 3919/3919/2405
f 3922/3922/2407 3919/3919/2405 3923/3923/2407
f 3924/3924/2408 3925/3925/2409 3926/3926/2410
f 3924/3924/2408 3926/3926/2410 3927/3927/2408
f 3928/3928/2411 3929/3929/2412 3930/3930/2413
f 3928/3928/2411 3930/3930/2413 3931/3931/2411
f 3925/3925/2409 3932/3932/2414 3933/3933/2414
f 3925/3925/2409 3933/3933/2414 3926/3926/2410
f 3930/3930/2413 3929/3929/2412 3934/3934/2415
f 3930/3930/2413 3934/3934/2415 3935/3935/2415
f 86/86/6 1167/1167/6 3936/3936/6
f 88/88/7 3937/3937/7 1172/1172/7
f 3938/3938/2376 3939/3939/2416 3940/3940/2378
f 3938/3938/2376 3940/3940/2378 3941/3941/2376
f 3942/3942/196 3943/3943/196 3944/3944/196
f 3942/3942/196 3944/3944/196 3945/3945/196
f 3939/3939/2416 3946/3946/2379 3947/3947/2379
f 3939/3939/2416 3947/3947/2379 3940/3940/2378
f 3948/3948/2380 3949/3949/2381 3950/3950/2417
f 3948/3948/2380 3950/3950/2417 3951/3951/2418
f 3951/3951/2418 3950/3950/2417 3952/3952/2419
f 3951/3951/2418 3952/3952/2419 3953/3953/2420
f 3953/3953/2420 3952/3952/2419 3954/3954/2421
f 3953/3953/2420 3954/3954/2421 3955/3955/2422
f 3956/3956/2388 3957/3957/2423 3958/3958/2424
f 3956/3956/2388 3958/3958/2424 3959/3959/2391
f 3957/3957/2423 3960/3960/2425 3961/3961/2426
f 3957/3957/2423 3961/3961/2426 3958/3958/2424
f 3960/3960/2425 3962/3962/2427 3963/3963/2428
f 3960/3960/2425 3963/3963/2428 3961/3961/2426
f 3964/3964/2396 3965/3965/2397 3966/3966/2398
f 3964/3964/2396 3966/3966/2398 3967/3967/2396
f 3968/3968/2399 3969/3969/2400 3970/3970/2400
f 3968/3968/2399 3970/3970/2400 3971/3971/2401
f 3965/3965/2397 3972/3972/2402 3973/3973/2403
f 3965/3965/2397 3973/3973/2403 3966/3966/2398
f 3974/3974/2404 3968/3968/2399 3971/3971/2401
f 3974/3974/2404 3971/3971/2401 3975/3975/2405
f 3972/3972/2402 3976/3976/2406 3977/3977/2406
f 3972/3972/2402 3977/3977/2406 3973/3973/2403
f 3978/3978/2407 3974/3974/2404 3975/3975/2405
f 3978/3978/2407 3975/3975/2405 3979/3979/2407
f 3980/3980/2429 3981/3981/2430 3982/3982/2431
f 3980/3980/2429 3982/3982/2431 3983/3983/2432
f 3981/3981/2430 3984/3984/2433 3985/3985/2434
f 3981/3981/2430 3985/3985/2434 3982/3982/2431
f 3984/3984/2433 3986/3986/2435 3987/3987/2436
f 3984/3984/2433 3987/3987/2436 3985/3985/2434
f 3986/3986/2435 3988/3988/2437 3989/3989/2438
f 3986/3986/2435 3989/3989/2438 3987/3987/2436
f 3988/3988/2437 3990/3990/2439 3991/3991/2440
f 3988/3988/2437 3991/3991/2440 3989/3989/2438
f 3992/3992/2441 3993/3993/2442 3994/3994/2443
f 3992/3992/2441 3994/3994/2443 3995/3995/2444
f 3993/3993/2442 3996/3996/2445 3997/3997/2446
f 3993/3993/2442 3997/3997/2446 3994/3994/2443
f 3996/3996/2445 3998/3998/2447 3999/3999/2448
f 3996/3996/2445 3999/3999/2448 3997/3997/2446
f 3998/3998/2447 4000/4000/2449 4001/4001/2450
f 3998/3998/2447 4001/4001/2450 3999/3999/2448
f 4000/4000/2449 3980/3980/2429 3983/3983/2432
f 4000/4000/2449 3983/3983/2432 4001/4001/2450
f 3997/3997/2446 3999/3999/2448 4002/4002/2451
f 3997/3997/2446 4002/4002/2451 4003/4003/2452
f 3994/3994/2443 3997/3997/2446 4003/4003/2452
f 3994/3994/2443 4003/4003/2452 4004/4004/2453
f 3995/3995/2444 3994/3994/2443 4004/4004/2453
f 3995/3995/2444 4004/4004/2453 4005/4005/2454
f 3989/3989/2438 3991/3991/2440 4006/4006/2455
f 3989/3989/2438 4006/4006/2455 4007/4007/2456
f 3987/3987/2436 3989/3989/2438 4007/4007/2456
f 3987/3987/2436 4007/4007/2456 4008/4008/2457
f 3985/3985/2434 3987/3987/2436 4008/4008/2457
f 3985/3985/2434 4008/4008/2457 4009/4009/2458
f 3982/3982/2431 3985/3985/2434 4009/4009/2458
f 3982/3982/2431 4009/4009/2458 4010/4010/2459
f 3983/3983/2432 3982/3982/2431 4010/4010/2459
f 3983/3983/2432 4010/4010/2459 4011/4011/2460
f 4001/4001/2450 3983/3983/2432 4011/4011/2460
f 4001/4001/2450 4011/4011/2460 4012/4012/2461
f 3999/3999/2448 4001/4001/2450 4012/4012/2461
f 3999/3999/2448 4012/4012/2461 4002/4002/2451
f 4013/4013/2462 4014/4014/2463 4015/4015/2464
f 4013/4013/2462 4015/4015/2464 4016/4016/2465
f 4014/4014/2463 4017/4017/2466 4018/4018/2467
f 4014/4014/2463 4018/4018/2467 4015/4015/2464
f 4017/4017/2466 4019/4019/2468 4020/4020/2469
f 4017/4017/2466 4020/4020/2469 4018/4018/2467
f 4019/4019/2468 4021/4021/2470 4022/4022/2471
f 4019/4019/2468 4022/4022/2471 4020/4020/2469
f 4021/4021/2470 4023/4023/2472 4024/4024/2473
f 4021/4021/2470 4024/4024/2473 4022/4022/2471
f 4025/4025/2474 4026/4026/2475 4027/4027/2476
f 4025/4025/2474 4027/4027/2476 4028/4028/2477
f 4026/4026/2475 4029/4029/2478 4030/4030/2479
f 4026/4026/2475 4030/4030/2479 4027/4027/2476
f 4029/4029/2478 4031/4031/2480 4032/4032/2481
f 4029/4029/2478 4032/4032/2481 4030/4030/2479
f 4031/4031/2480 4033/4033/2482 4034/4034/2483
f 4031/4031/2480 4034/4034/2483 4032/4032/2481
f 4033/4033/2482 4013/4013/2462 4016/4016/2465
f 4033/4033/2482 4016/4016/2465 4034/4034/2483
f 4030/4030/2479 4032/4032/2481 4035/4035/2484
f 4030/4030/2479 4035/4035/2484 4036/4036/2485
f 4027/4027/2476 4030/4030/2479 4036/4036/2485
f 4027/4027/2476 4036/4036/2485 4037/4037/2486
f 4028/4028/2477 4027/4027/2476 4037/4037/2486
f 4028/4028/2477 4037/4037/2486 4038/4038/2487
f 4022/4022/2471 4024/4024/2473 4039/4039/2488
f 4022/4022/2471 4039/4039/2488 4040/4040/2489
f 4020/4020/2469 4022/4022/2471 4040/4040/2489
f 4020/4020/2469 4040/4040/2489 4041/4041/2490
f 4018/4018/2467 4020/4020/2469 4041/4041/2490
f 4018/4018/2467 4041/4041/2490 4042/4042/2491
f 4015/4015/2464 4018/4018/2467 4042/4042/2491
f 4015/4015/2464 4042/4042/2491 4043/4043/2492
f 4016/4016/2465 4015/4015/2464 4043/4043/2492
f 4016/4016/2465 4043/4043/2492 4044/4044/2493
f 4034/4034/2483 4016/4016/2465 4044/4044/2493
f 4034/4034/2483 4044/4044/2493 4045/4045/2494
f 4032/4032/2481 4034/4034/2483 4045/4045/2494
f 4032/4032/2481 4045/4045/2494 4035/4035/2484
f 4046/4046/2495 4047/4047/2495 4048/4048/2495
f 4046/4046/2495 4048/4048/2495 4049/4049/2495
f 1201/1201/1 1203/1203/1 4050/4050/1
f 4051/4051/2496 4052/4052/2497 4053/4053/2498
f 4051/4051/2496 4053/4053/2498 4054/4054/2499
f 4052/4052/2497 4055/4055/2500 4056/4056/2501
f 4052/4052/2497 4056/4056/2501 4053/4053/2498
f 4055/4055/2500 4057/4057/2502 4058/4058/2503
f 4055/4055/2500 4058/4058/2503 4056/4056/2501
f 4057/4057/2502 4059/4059/2504 4060/4060/2505
f 4057/4057/2502 4060/4060/2505 4058/4058/2503
f 4059/4059/2504 4061/4061/2506 4062/4062/2507
f 4059/4059/2504 4062/4062/2507 4060/4060/2505
f 4061/4061/2506 4063/4063/2508 4064/4064/2509
f 4061/4061/2506 4064/4064/2509 4062/4062/2507
f 4063/4063/2508 4065/4065/2510 4066/4066/2511
f 4063/4063/2508 4066/4066/2511 4064/4064/2509
f 4065/4065/2510 4067/4067/2512 4068/4068/2513
f 4065/4065/2510 4068/4068/2513 4066/4066/2511
f 4067/4067/2512 4069/4069/2514 4070/4070/2515
f 4067/4067/2512 4070/4070/2515 4068/4068/2513
f 4069/4069/2514 4071/4071/2516 4072/4072/2517
f 4069/4069/2514 4072/4072/2517 4070/4070/2515
f 4073/4073/2518 4074/4074/2519 4075/4075/2520
f 4073/4073/2518 4075/4075/2520 4076/4076/2521
f 4074/4074/2519 4077/4077/2522 4078/4078/2523
f 4074/4074/2519 4078/4078/2523 4075/4075/2520
f 4077/4077/2522 4079/4079/2524 4080/4080/2525
f 4077/4077/2522 4080/4080/2525 4078/4078/2523
f 4079/4079/2524 4081/4081/2526 4082/4082/2527
f 4079/4079/2524 4082/4082/2527 4080/4080/2525
f 4081/4081/2526 4083/4083/2528 4084/4084/2529
f 4081/4081/2526 4084/4084/2529 4082/4082/2527
f 4083/4083/2528 4085/4085/2530 4086/4086/2531
f 4083/4083/2528 4086/4086/2531 4084/4084/2529
f 4085/4085/2530 4087/4087/2532 4088/4088/2533
f 4085/4085/2530 4088/4088/2533 4086/4086/2531
f 4087/4087/2532 4089/4089/2534 4090/4090/2535
f 4087/4087/2532 4090/4090/2535 4088/4088/2533
f 4089/4089/2534 4091/4091/2536 4092/4092/2537
f 4089/4089/2534 4092/4092/2537 4090/4090/2535
f 4091/4091/2536 4093/4093/2538 4094/4094/2539
f 4091/4091/2536 4094/4094/2539 4092/4092/2537
f 4095/4095/2540 4096/4096/2541 4097/4097/2542
f 4095/4095/2540 4097/4097/2542 4098/4098/2543
f 4096/4096/2541 4099/4099/2544 4100/4100/2545
f 4096/4096/2541 4100/4100/2545 4097/4097/2542
f 4099/4099/2544 4101/4101/2546 4102/4102/2547
f 4099/4099/2544 4102/4102/2547 4100/4100/2545
f 4101/4101/2546 4103/4103/2548 4104/4104/2549
f 4101/4101/2546 4104/4104/2549 4102/4102/2547
f 4105/4105/2550 4106/4106/2551 4107/4107/2552
f 4105/4105/2550 4107/4107/2552 4108/4108/2553
f 4106/4106/2551 4109/4109/2554 4110/4110/2555
f 4106/4106/2551 4110/4110/2555 4107/4107/2552
f 4109/4109/2554 4111/4111/2556 4112/4112/2557
f 4109/4109/2554 4112/4112/2557 4110/4110/2555
f 4111/4111/2556 4113/4113/2558 4114/4114/2559
f 4111/4111/2556 4114/4114/2559 4112/4112/2557
f 4113/4113/2558 4115/4115/2560 4116/4116/2561
f 4113/4113/2558 4116/4116/2561 4114/4114/2559
f 4115/4115/2560 4117/4117/2562 4118/4118/2563
f 4115/4115/2560 4118/4118/2563 4116/4116/2561
f 4119/4119/2564 4120/4120/2565 4121/4121/2566
f 4119/4119/2564 4121/4121/2566 4122/4122/2567
f 4123/4123/2568 4119/4119/2564 4122/4122/2567
f 4123/4123/2568 4122/4122/2567 4124/4124/2569
f 4125/4125/2570 4123/4123/2568 4124/4124/2569
f 4125/4125/2570 4124/4124/2569 4126/4126/2571
f 4127/4127/2572 4125/4125/2570 4126/4126/2571
f 4127/4127/2572 4126/4126/2571 4128/4128/2573
f 4129/4129/2574 4127/4127/2572 4128/4128/2573
f 4129/4129/2574 4128/4128/2573 4130/4130/2575
f 4131/4131/2576 4129/4129/2574 4130/4130/2575
f 4131/4131/2576 4130/4130/2575 4132/4132/2577
f 4133/4133/2578 4131/4131/2576 4132/4132/2577
f 4133/4133/2578 4132/4132/2577 4134/4134/2579
f 4135/4135/2580 4133/4133/2578 4134/4134/2579
f 4135/4135/2580 4134/4134/2579 4136/4136/2581
f 4137/4137/2582 4138/4138/2583 4139/4139/2584
f 4137/4137/2582 4139/4139/2584 4140/4140/2585
f 4120/4120/2565 4137/4137/2582 4140/4140/2585
f 4120/4120/2565 4140/4140/2585 4121/4121/2566
f 4066/4066/2511 4068/4068/2513 4120/4120/2565
f 4066/4066/2511 4120/4120/2565 4119/4119/2564
f 4064/4064/2509 4066/4066/2511 4119/4119/2564
f 4064/4064/2509 4119/4119/2564 4123/4123/2568
f 4062/4062/2507 4064/4064/2509 4123/4123/2568
f 4062/4062/2507 4123/4123/2568 4125/4125/2570
f 4060/4060/2505 4062/4062/2507 4125/4125/2570
f 4060/4060/2505 4125/4125/2570 4127/4127/2572
f 4058/4058/2503 4060/4060/2505 4127/4127/2572
f 4058/4058/2503 4127/4127/2572 4129/4129/2574
f 4056/4056/2501 4058/4058/2503 4129/4129/2574
f 4056/4056/2501 4129/4129/2574 4131/4131/2576
f 4053/4053/2498 4056/4056/2501 4131/4131/2576
f 4053/4053/2498 4131/4131/2576 4133/4133/2578
f 4054/4054/2499 4053/4053/2498 4133/4133/2578
f 4054/4054/2499 4133/4133/2578 4135/4135/2580
f 4070/4070/2515 4072/4072/2517 4138/4138/2583
f 4070/4070/2515 4138/4138/2583 4137/4137/2582
f 4068/4068/2513 4070/4070/2515 4137/4137/2582
f 4068/4068/2513 4137/4137/2582 4120/4120/2565
f 4141/4141/2586 4142/4142/2586 4143/4143/2587
f 4141/4141/2586 4143/4143/2587 4144/4144/2588
f 4145/4145/2589 4146/4146/2590 4147/4147/2591
f 4145/4145/2589 4147/4147/2591 4148/4148/2591
f 4149/4149/2592 4150/4150/2593 4151/4151/2594
f 4149/4149/2592 4151/4151/2594 4152/4152/2595
f 4153/4153/2596 4154/4154/2597 4155/4155/2598
f 4153/4153/2596 4155/4155/2598 4156/4156/2599
f 4144/4144/2588 4143/4143/2587 4157/4157/2600
f 4144/4144/2588 4157/4157/2600 4158/4158/2600
f 4152/4152/2595 4151/4151/2594 4159/4159/2601
f 4152/4152/2595 4159/4159/2601 4160/4160/2602
f 4146/4146/2590 4145/4145/2589 4161/4161/2603
f 4146/4146/2590 4161/4161/2603 4162/4162/2604
f 4156/4156/2599 4155/4155/2598 4163/4163/2605
f 4156/4156/2599 4163/4163/2605 4164/4164/2606
f 4165/4165/2607 4156/4156/2599 4164/4164/2606
f 4165/4165/2607 4164/4164/2606 4166/4166/2608
f 4167/4167/2609 4153/4153/2596 4156/4156/2599
f 4167/4167/2609 4156/4156/2599 4165/4165/2607
f 4151/4151/2594 4150/4150/2593 4168/4168/2610
f 4151/4151/2594 4168/4168/2610 4169/4169/2611
f 4159/4159/2601 4151/4151/2594 4169/4169/2611
f 4159/4159/2601 4169/4169/2611 4170/4170/2612
f 4171/4171/2613 4172/4172/2613 4173/4173/2614
f 4171/4171/2613 4173/4173/2614 4174/4174/2615
f 1230/1230/208 1232/1232/208 4175/4175/208
f 1233/1233/209 4176/4176/209 1234/1234/209
f 1231/1231/208 1238/1238/208 1241/1241/208
f 1231/1231/208 1241/1241/208 1232/1232/208
f 4174/4174/2615 4173/4173/2614 4177/4177/2616
f 4174/4174/2615 4177/4177/2616 4178/4178/2617
f 4178/4178/2617 4177/4177/2616 4179/4179/2
f 4178/4178/2617 4179/4179/2 4180/4180/2
f 4181/4181/2 4182/4182/2 4183/4183/2618
f 4181/4181/2 4183/4183/2618 4184/4184/2619
f 4185/4185/210 1244/1244/210 1247/1247/210
f 4185/4185/210 1247/1247/210 4186/4186/210
f 4187/4187/211 4188/4188/211 4189/4189/211
f 4187/4187/211 4189/4189/211 1249/1249/211
f 4184/4184/2619 4183/4183/2618 4190/4190/2620
f 4184/4184/2619 4190/4190/2620 4191/4191/2621
f 1248/1248/211 4187/4187/211 1249/1249/211
f 1245/1245/210 1252/1252/210 1246/1246/210
f 4191/4191/2621 4190/4190/2620 4192/4192/2622
f 4191/4191/2621 4192/4192/2622 4193/4193/2622
f 4194/4194/2623 4195/4195/2623 4196/4196/2624
f 4194/4194/2623 4196/4196/2624 4197/4197/2625
f 4198/4198/2626 4199/4199/2627 4200/4200/2628
f 4198/4198/2626 4200/4200/2628 4201/4201/2628
f 4202/4202/2629 4203/4203/2630 4204/4204/2631
f 4202/4202/2629 4204/4204/2631 4205/4205/2632
f 4206/4206/2633 4207/4207/2634 4208/4208/2635
f 4206/4206/2633 4208/4208/2635 4209/4209/2636
f 4197/4197/2625 4196/4196/2624 4210/4210/2637
f 4197/4197/2625 4210/4210/2637 4211/4211/2638
f 4205/4205/2632 4204/4204/2631 4212/4212/2639
f 4205/4205/2632 4212/4212/2639 4213/4213/2640
f 4199/4199/2627 4198/4198/2626 4214/4214/2641
f 4199/4199/2627 4214/4214/2641 4215/4215/2641
f 4209/4209/2636 4208/4208/2635 4216/4216/2642
f 4209/4209/2636 4216/4216/2642 4217/4217/2643
f 4218/4218/2644 4209/4209/2636 4217/4217/2643
f 4218/4218/2644 4217/4217/2643 4219/4219/2645
f 4220/4220/2646 4206/4206/2633 4209/4209/2636
f 4220/4220/2646 4209/4209/2636 4218/4218/2644
f 4204/4204/2631 4203/4203/2630 4221/4221/2647
f 4204/4204/2631 4221/4221/2647 4222/4222/2648
f 4212/4212/2639 4204/4204/2631 4222/4222/2648
f 4212/4212/2639 4222/4222/2648 4223/4223/2649
f 4224/4224/2650 4225/4225/2650 4226/4226/2651
f 4224/4224/2650 4226/4226/2651 4227/4227/2652
f 1265/1265/7 4228/4228/7 1266/1266/7
f 4227/4227/2652 4226/4226/2651 4229/4229/2653
f 4227/4227/2652 4229/4229/2653 4230/4230/2654
f 1268/1268/6 4231/4231/6 4232/4232/6
f 1268/1268/6 4232/4232/6 1269/1269/6
f 4230/4230/2654 4229/4229/2653 4233/4233/2
f 4230/4230/2654 4233/4233/2 4234/4234/2
f 4235/4235/7 1270/1270/7 1271/1271/7
f 4235/4235/7 1271/1271/7 4236/4236/7
f 4237/4237/2655 4238/4238/2655 4239/4239/2656
f 4237/4237/2655 4239/4239/2656 4240/4240/2657
f 4241/4241/2658 4242/4242/2659 4243/4243/2660
f 4241/4241/2658 4243/4243/2660 4244/4244/2660
f 4245/4245/2661 4246/4246/2662 4247/4247/2663
f 4245/4245/2661 4247/4247/2663 4248/4248/2664
f 4249/4249/2665 4250/4250/2666 4251/4251/2667
f 4249/4249/2665 4251/4251/2667 4252/4252/2668
f 4240/4240/2657 4239/4239/2656 4253/4253/2669
f 4240/4240/2657 4253/4253/2669 4254/4254/2670
f 4248/4248/2664 4247/4247/2663 4255/4255/2671
f 4248/4248/2664 4255/4255/2671 4256/4256/2672
f 4242/4242/2659 4241/4241/2658 4257/4257/2673
f 4242/4242/2659 4257/4257/2673 4258/4258/2673
f 4252/4252/2668 4251/4251/2667 4259/4259/2674
f 4252/4252/2668 4259/4259/2674 4260/4260/2675
f 4261/4261/2676 4252/4252/2668 4260/4260/2675
f 4261/4261/2676 4260/4260/2675 4262/4262/2677
f 4263/4263/2678 4249/4249/2665 4252/4252/2668
f 4263/4263/2678 4252/4252/2668 4261/4261/2676
f 4247/4247/2663 4246/4246/2662 4264/4264/2679
f 4247/4247/2663 4264/4264/2679 4265/4265/2680
f 4255/4255/2671 4247/4247/2663 4265/4265/2680
f 4255/4255/2671 4265/4265/2680 4266/4266/2681
f 4267/4267/2682 4268/4268/2682 4269/4269/2683
f 4267/4267/2682 4269/4269/2683 4270/4270/2684
f 4270/4270/2684 4269/4269/2683 4271/4271/2685
f 4270/4270/2684 4271/4271/2685 4272/4272/2686
f 1288/1288/213 1282/1282/213 1285/1285/213
f 4272/4272/2686 4271/4271/2685 4273/4273/2
f 4272/4272/2686 4273/4273/2 4274/4274/2
f 4275/4275/2687 4276/4276/2687 4277/4277/2688
f 4275/4275/2687 4277/4277/2688 4278/4278/2689
f 4279/4279/2690 4280/4280/2691 4281/4281/2692
f 4279/4279/2690 4281/4281/2692 4282/4282/2692
f 4283/4283/2693 4284/4284/2694 4285/4285/2695
f 4283/4283/2693 4285/4285/2695 4286/4286/2696
f 4287/4287/2697 4288/4288/2698 4289/4289/2699
f 4287/4287/2697 4289/4289/2699 4290/4290/2700
f 4278/4278/2689 4277/4277/2688 4291/4291/2701
f 4278/4278/2689 4291/4291/2701 4292/4292/2701
f 4286/4286/2696 4285/4285/2695 4293/4293/2702
f 4286/4286/2696 4293/4293/2702 4294/4294/2703
f 4280/4280/2691 4279/4279/2690 4295/4295/2704
f 4280/4280/2691 4295/4295/2704 4296/4296/2705
f 4290/4290/2700 4289/4289/2699 4297/4297/2706
f 4290/4290/2700 4297/4297/2706 4298/4298/2707
f 4299/4299/2708 4290/4290/2700 4298/4298/2707
f 4299/4299/2708 4298/4298/2707 4300/4300/2709
f 4301/4301/2710 4287/4287/2697 4290/4290/2700
f 4301/4301/2710 4290/4290/2700 4299/4299/2708
f 4285/4285/2695 4284/4284/2694 4302/4302/2711
f 4285/4285/2695 4302/4302/2711 4303/4303/2712
f 4293/4293/2702 4285/4285/2695 4303/4303/2712
f 4293/4293/2702 4303/4303/2712 4304/4304/2713
f 4305/4305/2714 4306/4306/2715 4307/4307/2
f 4305/4305/2714 4307/4307/2 4308/4308/2716
f 4306/4306/2715 4309/4309/2717 4310/4310/2718
f 4306/4306/2715 4310/4310/2718 4307/4307/2
f 4308/4308/2716 4307/4307/2 4311/4311/2719
f 4308/4308/2716 4311/4311/2719 4312/4312/2720
f 4307/4307/2 4310/4310/2718 4313/4313/2721
f 4307/4307/2 4313/4313/2721 4311/4311/2719
f 4314/4314/2722 4315/4315/2723 4316/4316/2724
f 4314/4314/2722 4316/4316/2724 4317/4317/2725
f 4315/4315/2723 4318/4318/2726 4319/4319/2727
f 4315/4315/2723 4319/4319/2727 4316/4316/2724
f 4320/4320/2728 4321/4321/2729 4322/4322/2730
f 4320/4320/2728 4322/4322/2730 4323/4323/2731
f 4321/4321/2729 4324/4324/2732 4325/4325/2733
f 4321/4321/2729 4325/4325/2733 4322/4322/2730
f 4324/4324/2732 4326/4326/2734 4327/4327/2735
f 4324/4324/2732 4327/4327/2735 4325/4325/2733
f 4326/4326/2734 4328/4328/2736 4329/4329/2737
f 4326/4326/2734 4329/4329/2737 4327/4327/2735
f 4328/4328/2736 4330/4330/2738 4331/4331/2739
f 4328/4328/2736 4331/4331/2739 4329/4329/2737
f 4330/4330/2738 4332/4332/2740 4333/4333/2741
f 4330/4330/2738 4333/4333/2741 4331/4331/2739
f 4332/4332/2740 4334/4334/2742 4335/4335/2743
f 4332/4332/2740 4335/4335/2743 4333/4333/2741
f 4334/4334/2742 4336/4336/2744 4337/4337/2745
f 4334/4334/2742 4337/4337/2745 4335/4335/2743
f 4336/4336/2744 4338/4338/2746 4339/4339/2747
f 4336/4336/2744 4339/4339/2747 4337/4337/2745
f 4338/4338/2746 4314/4314/2722 4317/4317/2725
f 4338/4338/2746 4317/4317/2725 4339/4339/2747
f 4333/4333/2741 4335/4335/2743 4340/4340/2748
f 4333/4333/2741 4340/4340/2748 4341/4341/2749
f 4331/4331/2739 4333/4333/2741 4342/4342/2750
f 4331/4331/2739 4342/4342/2750 4343/4343/2751
f 4329/4329/2737 4331/4331/2739 4344/4344/2752
f 4329/4329/2737 4344/4344/2752 4345/4345/2753
f 4327/4327/2735 4329/4329/2737 4345/4345/2753
f 4327/4327/2735 4345/4345/2753 4346/4346/2754
f 4325/4325/2733 4327/4327/2735 4347/4347/2755
f 4325/4325/2733 4347/4347/2755 4348/4348/2756
f 4322/4322/2730 4325/4325/2733 4348/4348/2756
f 4322/4322/2730 4348/4348/2756 4349/4349/2757
f 4323/4323/2731 4322/4322/2730 4350/4350/2758
f 4323/4323/2731 4350/4350/2758 4351/4351/2759
f 4316/4316/2724 4319/4319/2727 4352/4352/2760
f 4316/4316/2724 4352/4352/2760 4353/4353/2761
f 4317/4317/2725 4316/4316/2724 4353/4353/2761
f 4317/4317/2725 4353/4353/2761 4354/4354/2762
f 4339/4339/2747 4317/4317/2725 4354/4354/2762
f 4339/4339/2747 4354/4354/2762 4355/4355/2763
f 4337/4337/2745 4339/4339/2747 4356/4356/2764
f 4337/4337/2745 4356/4356/2764 4357/4357/2765
f 4335/4335/2743 4337/4337/2745 4357/4357/2765
f 4335/4335/2743 4357/4357/2765 4340/4340/2748
f 1301/1301/214 4358/4358/214 1310/1310/214
f 1315/1315/216 4359/4359/216 1316/1316/216
f 4360/4360/2766 4361/4361/2767 4362/4362/2768
f 4360/4360/2766 4362/4362/2768 4363/4363/2769
f 4364/4364/2770 4365/4365/2771 4366/4366/2772
f 4364/4364/2770 4366/4366/2772 4367/4367/2773
f 1326/1326/2774 1328/1328/2774 4368/4368/2774
f 1337/1337/2775 4369/4369/2775 1338/1338/2775
f 4370/4370/2776 4371/4371/2777 4372/4372/2778
f 4370/4370/2776 4372/4372/2778 4373/4373/2779
f 4374/4374/2780 4375/4375/2781 4376/4376/2782
f 4374/4374/2780 4376/4376/2782 4377/4377/2783
f 4378/4378/2784 4379/4379/2785 4380/4380/2786
f 4378/4378/2784 4380/4380/2786 4381/4381/2787
f 4382/4382/2788 4383/4383/2789 4384/4384/2790
f 4382/4382/2788 4384/4384/2790 4385/4385/2791
f 4386/4386/2792 4387/4387/2793 4388/4388/2794
f 4386/4386/2792 4388/4388/2794 4389/4389/2795
f 4390/4390/2796 4391/4391/2797 4392/4392/2798
f 4390/4390/2796 4392/4392/2798 4393/4393/2799
f 4394/4394/2800 4395/4395/2801 4396/4396/2802
f 4394/4394/2800 4396/4396/2802 4397/4397/2803
f 4398/4398/2804 4399/4399/2805 4400/4400/2806
f 4398/4398/2804 4400/4400/2806 4401/4401/2807
f 1340/1340/224 1342/1342/224 4402/4402/224
f 1345/1345/226 1347/1347/226 1348/1348/226
f 1375/1375/238 4403/4403/238 1376/1376/238
f 4404/4404/2808 4405/4405/2809 4406/4406/2810
f 4404/4404/2808 4406/4406/2810 4407/4407/2811
f 4408/4408/2812 4409/4409/2813 4410/4410/2814
f 4408/4408/2812 4410/4410/2814 4411/4411/2815
f 4412/4412/2816 4413/4413/2817 4414/4414/2818
f 4412/4412/2816 4414/4414/2818 4415/4415/2819
f 4416/4416/2820 4417/4417/2821 4418/4418/2822
f 4416/4416/2820 4418/4418/2822 4419/4419/2823
f 4420/4420/2824 4412/4412/2816 4415/4415/2819
f 4420/4420/2824 4415/4415/2819 4421/4421/2825
f 4417/4417/2821 4422/4422/2826 4423/4423/2827
f 4417/4417/2821 4423/4423/2827 4418/4418/2822
f 4424/4424/2828 4420/4420/2824 4421/4421/2825
f 4424/4424/2828 4421/4421/2825 4425/4425/2829
f 4422/4422/2826 4426/4426/2830 4427/4427/2831
f 4422/4422/2826 4427/4427/2831 4423/4423/2827
f 4428/4428/2832 4424/4424/2828 4425/4425/2829
f 4428/4428/2832 4425/4425/2829 4429/4429/2833
f 4426/4426/2830 4430/4430/2834 4431/4431/2835
f 4426/4426/2830 4431/4431/2835 4427/4427/2831
f 4405/4405/2809 4428/4428/2832 4429/4429/2833
f 4405/4405/2809 4429/4429/2833 4406/4406/2810
f 4430/4430/2834 4408/4408/2812 4411/4411/2815
f 4430/4430/2834 4411/4411/2815 4431/4431/2835
f 4432/4432/2836 4433/4433/2837 4434/4434/2838
f 4432/4432/2836 4434/4434/2838 4435/4435/2839
f 4436/4436/2840 4437/4437/2841 4438/4438/2842
f 4436/4436/2840 4438/4438/2842 4439/4439/2843
f 4440/4440/2844 4441/4441/2845 4442/4442/2846
f 4440/4440/2844 4442/4442/2846 4443/4443/2847
f 4444/4444/2848 4445/4445/2849 4446/4446/2850
f 4444/4444/2848 4446/4446/2850 4447/4447/2851
f 4448/4448/2852 4449/4449/2853 4450/4450/2854
f 4448/4448/2852 4450/4450/2854 4451/4451/2855
f 4452/4452/2856 4453/4453/2857 4454/4454/2858
f 4452/4452/2856 4454/4454/2858 4455/4455/2859
f 4435/4435/2839 4434/4434/2838 4456/4456/2860
f 4435/4435/2839 4456/4456/2860 4457/4457/2861
f 4439/4439/2843 4438/4438/2842 4458/4458/2862
f 4439/4439/2843 4458/4458/2862 4459/4459/2863
f 4443/4443/2847 4442/4442/2846 4460/4460/2864
f 4443/4443/2847 4460/4460/2864 4461/4461/2865
f 4447/4447/2851 4446/4446/2850 4462/4462/2866
f 4447/4447/2851 4462/4462/2866 4463/4463/2867
f 4451/4451/2855 4450/4450/2854 4464/4464/2868
f 4451/4451/2855 4464/4464/2868 4465/4465/2869
f 4455/4455/2859 4454/4454/2858 4466/4466/2870
f 4455/4455/2859 4466/4466/2870 4467/4467/2871
f 4393/4393/2799 4392/4392/2798 4433/4433/2837
f 4393/4393/2799 4433/4433/2837 4432/4432/2836
f 4389/4389/2795 4388/4388/2794 4437/4437/2841
f 4389/4389/2795 4437/4437/2841 4436/4436/2840
f 4385/4385/2791 4384/4384/2790 4441/4441/2845
f 4385/4385/2791 4441/4441/2845 4440/4440/2844
f 4381/4381/2787 4380/4380/2786 4445/4445/2849
f 4381/4381/2787 4445/4445/2849 4444/4444/2848
f 4401/4401/2807 4400/4400/2806 4449/4449/2853
f 4401/4401/2807 4449/4449/2853 4448/4448/2852
f 4397/4397/2803 4396/4396/2802 4453/4453/2857
f 4397/4397/2803 4453/4453/2857 4452/4452/2856
f 4468/4468/2872 4469/4469/2873 4470/4470/2874
f 4468/4468/2872 4470/4470/2874 4471/4471/2875
f 4472/4472/2876 4473/4473/2877 4474/4474/2878
f 4472/4472/2876 4474/4474/2878 4475/4475/2879
f 4476/4476/2880 4477/4477/2881 4473/4473/2877
f 4476/4476/2880 4473/4473/2877 4472/4472/2876
f 4478/4478/2882 4479/4479/2883 4469/4469/2873
f 4478/4478/2882 4469/4469/2873 4468/4468/2872
f 4480/4480/2884 4481/4481/2885 4477/4477/2881
f 4480/4480/2884 4477/4477/2881 4476/4476/2880
f 4482/4482/2886 4483/4483/2887 4479/4479/2883
f 4482/4482/2886 4479/4479/2883 4478/4478/2882
f 4481/4481/2885 4482/4482/2886 4478/4478/2882
f 4481/4481/2885 4478/4478/2882 4477/4477/2881
f 4473/4473/2877 4477/4477/2881 4478/4478/2882
f 4473/4473/2877 4478/4478/2882 4468/4468/2872
f 4474/4474/2878 4473/4473/2877 4468/4468/2872
f 4474/4474/2878 4468/4468/2872 4471/4471/2875
f 4484/4484/2888 4485/4485/2889 4486/4486/2890
f 4484/4484/2888 4486/4486/2890 4487/4487/2891
f 4488/4488/2892 4489/4489/2893 4490/4490/2894
f 4488/4488/2892 4490/4490/2894 4491/4491/2895
f 4492/4492/2896 4488/4488/2892 4491/4491/2895
f 4492/4492/2896 4491/4491/2895 4493/4493/2897
f 4494/4494/2898 4484/4484/2888 4487/4487/2891
f 4494/4494/2898 4487/4487/2891 4495/4495/2899
f 4496/4496/2900 4492/4492/2896 4493/4493/2897
f 4496/4496/2900 4493/4493/2897 4497/4497/2901
f 4498/4498/2902 4494/4494/2898 4495/4495/2899
f 4498/4498/2902 4495/4495/2899 4499/4499/2903
f 4497/4497/2901 4493/4493/2897 4494/4494/2898
f 4497/4497/2901 4494/4494/2898 4498/4498/2902
f 4491/4491/2895 4484/4484/2888 4494/4494/2898
f 4491/4491/2895 4494/4494/2898 4493/4493/2897
f 4490/4490/2894 4485/4485/2889 4484/4484/2888
f 4490/4490/2894 4484/4484/2888 4491/4491/2895
f 4500/4500/2904 4501/4501/2905 4502/4502/2906
f 4500/4500/2904 4502/4502/2906 4503/4503/2904
f 4504/4504/2907 4505/4505/2908 4506/4506/2908
f 4504/4504/2907 4506/4506/2908 4507/4507/2909
f 103/103/12 4504/4504/2907 4507/4507/2909
f 103/103/12 4507/4507/2909 104/104/12
f 4501/4501/2905 1707/1707/495 1709/1709/495
f 4501/4501/2905 1709/1709/495 4502/4502/2906
f 4508/4508/2910 4509/4509/2911 4510/4510/2912
f 4508/4508/2910 4510/4510/2912 4511/4511/2913
f 4509/4509/2911 4512/4512/2914 4513/4513/2915
f 4509/4509/2911 4513/4513/2915 4510/4510/2912
f 4512/4512/2914 4514/4514/2916 4515/4515/2917
f 4512/4512/2914 4515/4515/2917 4513/4513/2915
f 4514/4514/2916 4516/4516/2918 4517/4517/2919
f 4514/4514/2916 4517/4517/2919 4515/4515/2917
f 4516/4516/2918 4518/4518/2920 4519/4519/2921
f 4516/4516/2918 4519/4519/2921 4517/4517/2919
f 4518/4518/2920 4520/4520/2922 4521/4521/2923
f 4518/4518/2920 4521/4521/2923 4519/4519/2921
f 4520/4520/2922 4522/4522/2924 4523/4523/2925
f 4520/4520/2922 4523/4523/2925 4521/4521/2923
f 4522/4522/2924 4524/4524/2926 4525/4525/2927
f 4522/4522/2924 4525/4525/2927 4523/4523/2925
f 4524/4524/2926 4526/4526/2928 4527/4527/2929
f 4524/4524/2926 4527/4527/2929 4525/4525/2927
f 4528/4528/2930 4508/4508/2910 4511/4511/2913
f 4528/4528/2930 4511/4511/2913 4529/4529/2931
f 1399/1399/2932 1407/1407/2932 1400/1400/2932
f 4530/4530/2933 4531/4531/2934 4532/4532/2935
f 4530/4530/2933 4532/4532/2935 4533/4533/2936
f 4531/4531/2934 4534/4534/2937 4535/4535/2938
f 4531/4531/2934 4535/4535/2938 4532/4532/2935
f 4534/4534/2937 4536/4536/2939 4537/4537/2940
f 4534/4534/2937 4537/4537/2940 4535/4535/2938
f 4536/4536/2939 4538/4538/2941 4539/4539/2942
f 4536/4536/2939 4539/4539/2942 4537/4537/2940
f 4538/4538/2941 4540/4540/2943 4541/4541/2944
f 4538/4538/2941 4541/4541/2944 4539/4539/2942
f 4540/4540/2943 4542/4542/2945 4543/4543/2946
f 4540/4540/2943 4543/4543/2946 4541/4541/2944
f 4542/4542/2945 4544/4544/2947 4545/4545/2948
f 4542/4542/2945 4545/4545/2948 4543/4543/2946
f 4544/4544/2947 4546/4546/2949 4547/4547/2950
f 4544/4544/2947 4547/4547/2950 4545/4545/2948
f 4546/4546/2949 4548/4548/2951 4549/4549/2952
f 4546/4546/2949 4549/4549/2952 4547/4547/2950
f 4550/4550/2953 4530/4530/2933 4533/4533/2936
f 4550/4550/2953 4533/4533/2936 4551/4551/2954
f 4531/4531/2934 4530/4530/2933 4552/4552/2955
f 4531/4531/2934 4552/4552/2955 4553/4553/2956
f 4534/4534/2937 4531/4531/2934 4553/4553/2956
f 4534/4534/2937 4553/4553/2956 4554/4554/2957
f 4536/4536/2939 4534/4534/2937 4554/4554/2957
f 4536/4536/2939 4554/4554/2957 4555/4555/2958
f 4538/4538/2941 4536/4536/2939 4555/4555/2958
f 4538/4538/2941 4555/4555/2958 4556/4556/2959
f 4540/4540/2943 4538/4538/2941 4556/4556/2959
f 4540/4540/2943 4556/4556/2959 4557/4557/2960
f 4542/4542/2945 4540/4540/2943 4557/4557/2960
f 4542/4542/2945 4557/4557/2960 4558/4558/2961
f 4544/4544/2947 4542/4542/2945 4558/4558/2961
f 4544/4544/2947 4558/4558/2961 4559/4559/2962
f 4546/4546/2949 4544/4544/2947 4559/4559/2962
f 4546/4546/2949 4559/4559/2962 4560/4560/2963
f 4548/4548/2951 4546/4546/2949 4560/4560/2963
f 4548/4548/2951 4560/4560/2963 4561/4561/2964
f 4530/4530/2933 4550/4550/2953 4562/4562/2965
f 4530/4530/2933 4562/4562/2965 4552/4552/2955
f 4553/4553/2956 4552/4552/2955 4563/4563/2966
f 4553/4553/2956 4563/4563/2966 4564/4564/2967
f 4554/4554/2957 4553/4553/2956 4564/4564/2967
f 4554/4554/2957 4564/4564/2967 4565/4565/2968
f 4555/4555/2958 4554/4554/2957 4565/4565/2968
f 4555/4555/2958 4565/4565/2968 4566/4566/2969
f 4556/4556/2959 4555/4555/2958 4566/4566/2969
f 4556/4556/2959 4566/4566/2969 4567/4567/2970
f 4557/4557/2960 4556/4556/2959 4567/4567/2970
f 4557/4557/2960 4567/4567/2970 4568/4568/2971
f 4558/4558/2961 4557/4557/2960 4568/4568/2971
f 4558/4558/2961 4568/4568/2971 4569/4569/2972
f 4559/4559/2962 4558/4558/2961 4569/4569/2972
f 4559/4559/2962 4569/4569/2972 4570/4570/2973
f 4560/4560/2963 4559/4559/2962 4570/4570/2973
f 4560/4560/2963 4570/4570/2973 4571/4571/2974
f 4561/4561/2964 4560/4560/2963 4571/4571/2974
f 4561/4561/2964 4571/4571/2974 4572/4572/2975
f 4552/4552/2955 4562/4562/2965 4573/4573/2976
f 4552/4552/2955 4573/4573/2976 4563/4563/2966
f 4574/4574/2977 4575/4575/2978 4576/4576/2979
f 4574/4574/2977 4576/4576/2979 4577/4577/2980
f 4578/4578/2981 4579/4579/2982 4580/4580/2983
f 4578/4578/2981 4580/4580/2983 4581/4581/2984
f 4582/4582/2985 4583/4583/2986 4584/4584/2987
f 4582/4582/2985 4584/4584/2987 4585/4585/2988
f 4586/4586/2989 4587/4587/2990 4588/4588/2991
f 4586/4586/2989 4588/4588/2991 4589/4589/2992
f 1422/1422/257 4590/4590/257 1423/1423/257
f 4591/4591/2993 4592/4592/2994 4593/4593/2995
f 4591/4591/2993 4593/4593/2995 4594/4594/2996
f 4594/4594/2996 4593/4593/2995 4595/4595/2997
f 4594/4594/2996 4595/4595/2997 4596/4596/2998
f 4596/4596/2998 4595/4595/2997 4597/4597/2999
f 4596/4596/2998 4597/4597/2999 4598/4598/3000
f 4598/4598/3000 4597/4597/2999 4599/4599/3001
f 4598/4598/3000 4599/4599/3001 4600/4600/3002
f 4600/4600/3002 4599/4599/3001 4601/4601/3003
f 4600/4600/3002 4601/4601/3003 4602/4602/3004
f 4602/4602/3004 4601/4601/3003 4603/4603/3005
f 4602/4602/3004 4603/4603/3005 4604/4604/3006
f 4604/4604/3006 4603/4603/3005 4605/4605/3007
f 4604/4604/3006 4605/4605/3007 4606/4606/3008
f 4606/4606/3008 4605/4605/3007 4607/4607/3009
f 4606/4606/3008 4607/4607/3009 4608/4608/3010
f 4608/4608/3010 4607/4607/3009 4609/4609/3011
f 4608/4608/3010 4609/4609/3011 4610/4610/3012
f 4611/4611/3013 4612/4612/3014 4592/4592/2994
f 4611/4611/3013 4592/4592/2994 4591/4591/2993
f 1433/1433/259 4613/4613/259 1432/1432/259
f 4614/4614/3015 4615/4615/3016 4616/4616/3017
f 4614/4614/3015 4616/4616/3017 4617/4617/3018
f 4617/4617/3018 4616/4616/3017 4618/4618/3019
f 4617/4617/3018 4618/4618/3019 4619/4619/3020
f 4619/4619/3020 4618/4618/3019 4620/4620/3021
f 4619/4619/3020 4620/4620/3021 4621/4621/3022
f 4621/4621/3022 4620/4620/3021 4622/4622/3023
f 4621/4621/3022 4622/4622/3023 4623/4623/3024
f 4623/4623/3024 4622/4622/3023 4624/4624/3025
f 4623/4623/3024 4624/4624/3025 4625/4625/3026
f 4625/4625/3026 4624/4624/3025 4626/4626/3027
f 4625/4625/3026 4626/4626/3027 4627/4627/3028
f 4627/4627/3028 4626/4626/3027 4628/4628/3029
f 4627/4627/3028 4628/4628/3029 4629/4629/3030
f 4629/4629/3030 4628/4628/3029 4630/4630/3031
f 4629/4629/3030 4630/4630/3031 4631/4631/3032
f 4631/4631/3032 4630/4630/3031 4632/4632/3033
f 4631/4631/3032 4632/4632/3033 4633/4633/3034
f 4634/4634/3035 4635/4635/3036 4615/4615/3016
f 4634/4634/3035 4615/4615/3016 4614/4614/3015
f 4617/4617/3018 4636/4636/3037 4637/4637/3038
f 4617/4617/3018 4637/4637/3038 4614/4614/3015
f 4619/4619/3020 4638/4638/3039 4636/4636/3037
f 4619/4619/3020 4636/4636/3037 4617/4617/3018
f 4621/4621/3022 4639/4639/3040 4638/4638/3039
f 4621/4621/3022 4638/4638/3039 4619/4619/3020
f 4623/4623/3024 4640/4640/3041 4639/4639/3040
f 4623/4623/3024 4639/4639/3040 4621/4621/3022
f 4625/4625/3026 4641/4641/3042 4640/4640/3041
f 4625/4625/3026 4640/4640/3041 4623/4623/3024
f 4627/4627/3028 4642/4642/3043 4641/4641/3042
f 4627/4627/3028 4641/4641/3042 4625/4625/3026
f 4629/4629/3030 4643/4643/3044 4642/4642/3043
f 4629/4629/3030 4642/4642/3043 4627/4627/3028
f 4631/4631/3032 4644/4644/3045 4643/4643/3044
f 4631/4631/3032 4643/4643/3044 4629/4629/3030
f 4633/4633/3034 4645/4645/3046 4644/4644/3045
f 4633/4633/3034 4644/4644/3045 4631/4631/3032
f 4614/4614/3015 4637/4637/3038 4646/4646/3047
f 4614/4614/3015 4646/4646/3047 4634/4634/3035
f 4636/4636/3037 4647/4647/3048 4648/4648/3049
f 4636/4636/3037 4648/4648/3049 4637/4637/3038
f 4638/4638/3039 4649/4649/3050 4647/4647/3048
f 4638/4638/3039 4647/4647/3048 4636/4636/3037
f 4639/4639/3040 4650/4650/3051 4649/4649/3050
f 4639/4639/3040 4649/4649/3050 4638/4638/3039
f 4640/4640/3041 4651/4651/3052 4650/4650/3051
f 4640/4640/3041 4650/4650/3051 4639/4639/3040
f 4641/4641/3042 4652/4652/3053 4651/4651/3052
f 4641/4641/3042 4651/4651/3052 4640/4640/3041
f 4642/4642/3043 4653/4653/3054 4652/4652/3053
f 4642/4642/3043 4652/4652/3053 4641/4641/3042
f 4643/4643/3044 4654/4654/3055 4653/4653/3054
f 4643/4643/3044 4653/4653/3054 4642/4642/3043
f 4644/4644/3045 4655/4655/3056 4654/4654/3055
f 4644/4644/3045 4654/4654/3055 4643/4643/3044
f 4645/4645/3046 4656/4656/3057 4655/4655/3056
f 4645/4645/3046 4655/4655/3056 4644/4644/3045
f 4637/4637/3038 4648/4648/3049 4657/4657/3058
f 4637/4637/3038 4657/4657/3058 4646/4646/3047
f 4658/4658/3059 4659/4659/3060 4660/4660/3061
f 4658/4658/3059 4660/4660/3061 4661/4661/3062
f 4662/4662/3063 4663/4663/3064 4664/4664/3065
f 4662/4662/3063 4664/4664/3065 4665/4665/3066
f 4666/4666/3067 4667/4667/3068 4668/4668/3069
f 4666/4666/3067 4668/4668/3069 4669/4669/3070
f 4670/4670/3071 4671/4671/3072 4672/4672/3073
f 4670/4670/3071 4672/4672/3073 4673/4673/3074
f 1450/1450/3075 1455/1455/3075 1451/1451/3075
f 1456/1456/272 1459/1459/272 1457/1457/272
f 1460/1460/271 1710/1710/496 1712/1712/498
f 1460/1460/271 1712/1712/498 1461/1461/271
f 1467/1467/273 1468/1468/500 1713/1713/499
f 1469/1469/275 1471/1471/275 4674/4674/275
f 1472/1472/3076 1715/1715/502 1717/1717/504
f 1472/1472/3076 1717/1717/504 1473/1473/3076
f 1474/1474/278 4675/4675/278 1475/1475/278
f 1476/1476/276 1475/1475/276 1477/1477/276
f 1478/1478/278 1479/1479/506 1718/1718/505
