# Blender v2.80 (sub 75) OBJ File: ''
# www.blender.org
mtllib viking_room.mtl
o mesh_all1_Texture1_0
v -0.573651 0.289251 0.213800
v -0.573651 -0.424651 0.063948
v -0.573651 0.194584 0.050856
v -0.573651 0.204889 0.387581
v -0.573651 -0.424651 0.373407
v 0.741905 -0.422574 0.936373
v 0.319177 -0.422574 0.438646
v 0.319177 -0.422574 0.936373
v 0.741905 -0.422574 -0.524205
v 0.319177 -0.422574 -0.524205
v 0.319177 -0.422574 0.026945
v -0.575491 -0.422574 -0.524205
v -0.114645 -0.422574 0.026945
v -0.114645 -0.422574 -0.524205
v -0.411461 0.251063 0.002922
v -0.411461 0.326141 0.005496
v -0.411461 0.274602 0.045011
v -0.411461 0.251119 0.429152
v -0.411461 0.275149 0.388901
v -0.411461 0.320743 0.427892
v -0.519142 0.063105 0.286436
v -0.484330 0.063082 0.285712
v -0.549653 0.062581 0.269663
v -0.521847 0.059044 0.156562
v -0.456523 0.059546 0.172610
v -0.487034 0.059021 0.155837
v -0.389896 0.496604 0.762336
v -0.445245 0.496604 0.768068
v -0.334546 0.496604 0.768068
v -0.389896 0.496604 -0.331676
v -0.334546 0.496604 -0.337408
v -0.445245 0.496604 -0.337408
v 0.564855 0.496604 0.762336
v 0.509506 0.496604 0.768068
v 0.620205 0.496604 0.768068
v -0.291320 0.141887 0.751858
v -0.302021 0.141887 0.729421
v -0.387725 0.141887 0.728642
v -0.488464 0.141887 0.756203
v -0.476036 0.141887 0.729589
v -0.387725 0.004865 0.728642
v -0.488464 0.004865 0.756203
v -0.476036 0.004865 0.729589
v -0.291320 0.004865 0.751858
v -0.302021 0.004865 0.729421
v 0.661798 0.141887 0.783897
v 0.651097 0.141887 0.761461
v 0.565393 0.141887 0.760682
v 0.464654 0.141887 0.788242
v 0.477082 0.141887 0.761629
v 0.565393 0.004865 0.760682
v 0.464654 0.004865 0.788242
v 0.477082 0.004865 0.761629
v 0.661798 0.004865 0.783897
v 0.651097 0.004865 0.761461
v -0.291027 0.141887 -0.321198
v -0.387432 0.141887 -0.297982
v -0.301727 0.141887 -0.298761
v -0.488170 0.141887 -0.325542
v -0.475743 0.141887 -0.298929
v -0.387432 0.004865 -0.297982
v -0.475743 0.004865 -0.298929
v -0.488171 0.004865 -0.325542
v -0.291027 0.004865 -0.321198
v -0.301727 0.004865 -0.298761
v -0.453264 -0.009680 0.653926
v -0.427770 -0.029965 0.653926
v -0.453264 -0.029965 0.653926
v -0.453264 -0.009680 0.679411
v -0.453264 -0.029965 0.679411
v -0.427770 -0.029965 0.679411
v -0.453264 -0.009680 0.472685
v -0.427770 -0.029965 0.472685
v -0.453264 -0.029965 0.472685
v -0.453264 -0.009680 0.498169
v -0.453264 -0.029965 0.498169
v -0.427770 -0.029965 0.498169
v -0.453264 -0.011332 -0.062212
v -0.427770 -0.028068 -0.062212
v -0.453264 -0.028068 -0.062212
v -0.453264 -0.011332 -0.034855
v -0.453264 -0.028068 -0.034855
v -0.427770 -0.028068 -0.034855
v -0.453264 -0.011332 -0.247101
v -0.427770 -0.028068 -0.247101
v -0.453264 -0.028068 -0.247101
v -0.453264 -0.011332 -0.219752
v -0.453264 -0.028068 -0.219752
v -0.427770 -0.028068 -0.219752
v -0.274652 -0.205445 0.071903
v -0.265515 -0.203347 0.063339
v -0.263536 -0.198962 0.051084
v -0.293859 -0.189281 0.035449
v -0.302996 -0.191379 0.044013
v -0.304974 -0.195764 0.056268
v -0.260761 -0.201397 0.346225
v -0.273335 -0.199289 0.346370
v -0.283112 -0.194887 0.354104
v -0.271260 -0.185165 0.386246
v -0.258686 -0.187272 0.386101
v -0.248910 -0.191675 0.378367
v -0.243401 -0.286863 0.565906
v -0.248037 -0.282181 0.584996
v -0.228483 -0.280329 0.578060
v -0.281383 -0.160085 0.058446
v -0.281430 -0.143508 0.058356
v -0.287747 -0.153690 0.046713
v -0.266766 -0.169900 0.361714
v -0.266731 -0.157977 0.361778
v -0.262097 -0.165301 0.370102
v -0.267520 -0.169900 0.362133
v -0.262850 -0.165301 0.370521
v -0.267483 -0.157977 0.362196
v -0.447121 0.194584 0.050856
v -0.447121 0.289251 0.213800
v -0.573651 0.289251 0.213800
v -0.573651 0.194584 0.050856
v -0.447121 -0.424651 0.063948
v -0.447121 0.194584 0.050856
v -0.573651 0.194584 0.050856
v -0.573651 -0.424651 0.063948
v -0.447121 0.204889 0.387581
v -0.447121 -0.424651 0.373407
v -0.573651 -0.424651 0.373407
v -0.573651 0.204889 0.387581
v -0.447121 -0.420103 0.815358
v -0.447121 -0.424651 0.373407
v -0.447121 0.204889 0.387581
v -0.447121 0.223536 0.802263
v -0.447121 0.194584 0.050856
v -0.447121 -0.424651 0.063948
v -0.447121 -0.430257 -0.377697
v -0.447121 0.217094 -0.368886
v -0.447121 0.375583 -0.245958
v -0.447121 0.432700 -0.138060
v -0.447121 0.289251 0.213800
v -0.447121 0.440025 0.212918
v -0.447121 0.434817 0.572943
v 0.536407 -0.421782 0.880173
v -0.337867 -0.423637 0.880173
v -0.338482 0.389098 0.880173
v 0.535793 0.390951 0.880173
v 0.473809 0.427349 0.811618
v 0.473809 0.343918 0.811618
v 0.293424 0.323653 0.811618
v 0.293424 0.407084 0.811618
v 0.058102 0.343918 0.811618
v 0.058102 0.427349 0.811618
v -0.157246 0.328719 0.811618
v -0.157246 0.412150 0.811618
v -0.300480 0.343918 0.811618
v -0.300480 0.427349 0.811618
v -0.347241 -0.022567 0.304908
v -0.343686 -0.047191 0.307641
v -0.332030 -0.047191 0.307641
v -0.328476 -0.022567 0.304908
v -0.328476 -0.038016 0.273293
v -0.332030 -0.058559 0.288728
v -0.343686 -0.058559 0.288728
v -0.347241 -0.038016 0.273293
v -0.356623 -0.030292 0.289100
v -0.328476 -0.022567 0.304908
v -0.319093 -0.030292 0.289100
v -0.328476 -0.038016 0.273293
v -0.347241 -0.038016 0.273293
v -0.321455 -0.131532 0.299034
v -0.331314 -0.158167 0.275314
v -0.324990 -0.149356 0.288927
v -0.353414 -0.131532 0.299034
v -0.349879 -0.149356 0.288927
v -0.343555 -0.158167 0.275314
v -0.344259 -0.076656 0.332171
v -0.353414 -0.110236 0.355039
v -0.321455 -0.110236 0.355039
v -0.330610 -0.076656 0.332171
v -0.353414 -0.110236 0.355039
v -0.349879 -0.102737 0.358625
v -0.324990 -0.102737 0.358625
v -0.321455 -0.110236 0.355039
v -0.357733 -0.172025 0.062203
v -0.357733 -0.144108 0.057879
v -0.351836 -0.150249 0.048494
v -0.337563 -0.185983 0.064365
v -0.357733 -0.172025 0.062203
v -0.351836 -0.170004 0.051554
v -0.317393 -0.172025 0.062203
v -0.337563 -0.185983 0.064365
v -0.337563 -0.179881 0.053084
v -0.323290 -0.170004 0.051554
v -0.317393 -0.144108 0.057879
v -0.317393 -0.172025 0.062203
v -0.323290 -0.170004 0.051554
v -0.323290 -0.150249 0.048494
v -0.337563 -0.130149 0.055717
v -0.317393 -0.144108 0.057879
v -0.323290 -0.150249 0.048494
v -0.337563 -0.140372 0.046964
v -0.357733 -0.144108 0.057879
v -0.337563 -0.130149 0.055717
v -0.337563 -0.140372 0.046964
v -0.351836 -0.150249 0.048494
v -0.323290 -0.170004 0.051554
v -0.337563 -0.179881 0.053084
v -0.337563 -0.140372 0.046964
v -0.323290 -0.150249 0.048494
v -0.351836 -0.150249 0.048494
v -0.351836 -0.170004 0.051554
v -0.322398 -0.081148 0.274481
v -0.328314 -0.084479 0.276643
v -0.337563 -0.079272 0.273264
v -0.337563 -0.072611 0.268940
v -0.322398 -0.047472 0.331188
v -0.328314 -0.051564 0.331830
v -0.328314 -0.064361 0.333840
v -0.322398 -0.068453 0.334482
v -0.328314 -0.094892 0.283401
v -0.337563 -0.070758 0.334844
v -0.337563 -0.078943 0.336129
v -0.322398 -0.098223 0.285563
v -0.337563 -0.106760 0.291104
v -0.337563 -0.100099 0.286781
v -0.337563 -0.078943 0.336129
v -0.346812 -0.064360 0.333840
v -0.352729 -0.068453 0.334482
v -0.337563 -0.106760 0.291104
v -0.352729 -0.098223 0.285563
v -0.346812 -0.094892 0.283401
v -0.337563 -0.100099 0.286781
v -0.346812 -0.051564 0.331830
v -0.352729 -0.047472 0.331188
v -0.352729 -0.081148 0.274481
v -0.346812 -0.084479 0.276643
v -0.337563 -0.045166 0.330826
v -0.337563 -0.036981 0.329540
v -0.337563 -0.072611 0.268940
v -0.337563 -0.079272 0.273264
v -0.337563 -0.036981 0.329540
v -0.337563 -0.045166 0.330826
v -0.323999 -0.144159 0.076784
v -0.317393 -0.172025 0.062203
v -0.317393 -0.144108 0.057879
v -0.323999 -0.162933 0.079692
v -0.337563 -0.172320 0.081146
v -0.337563 -0.185983 0.064365
v -0.317393 -0.172025 0.062203
v -0.337563 -0.172320 0.081146
v -0.351127 -0.162933 0.079692
v -0.357733 -0.172025 0.062203
v -0.337563 -0.185983 0.064365
v -0.351127 -0.162933 0.079692
v -0.351127 -0.144159 0.076784
v -0.357733 -0.144108 0.057879
v -0.357733 -0.172025 0.062203
v -0.351127 -0.144159 0.076784
v -0.337563 -0.130149 0.055717
v -0.357733 -0.144108 0.057879
v -0.337563 -0.134773 0.075330
v -0.323999 -0.144159 0.076784
v -0.317393 -0.144108 0.057879
v -0.337563 -0.018430 0.350915
v -0.355117 -0.029373 0.355864
v -0.355117 -0.051258 0.365763
v -0.337563 -0.062200 0.370713
v -0.274017 -0.265645 0.339539
v -0.273006 -0.265645 0.292113
v -0.273006 -0.217595 0.292113
v -0.394483 -0.208948 0.340607
v -0.395157 -0.217595 0.288552
v -0.395157 -0.265645 0.288552
v -0.394483 -0.265645 0.340607
v -0.272669 -0.265645 0.131154
v -0.274354 -0.265645 0.088002
v -0.274354 -0.211470 0.088314
v -0.272669 -0.217595 0.131154
v -0.393471 -0.217595 0.130086
v -0.397516 -0.265645 0.090138
v -0.393471 -0.265645 0.130086
v -0.322968 -0.154306 0.269716
v -0.322968 -0.149509 0.234639
v -0.322968 -0.135511 0.228867
v -0.322968 -0.122600 0.268080
v -0.322968 -0.135511 0.228867
v -0.348988 -0.135511 0.228867
v -0.348988 -0.122600 0.268080
v -0.348988 -0.154306 0.269716
v -0.348988 -0.149509 0.234639
v -0.322968 -0.149509 0.234639
v -0.322968 -0.154306 0.269716
v -0.348988 -0.154306 0.269716
v -0.322968 -0.154306 0.269716
v -0.322968 -0.122600 0.268080
v -0.348988 -0.122600 0.268080
v -0.322968 -0.179636 0.170746
v -0.322968 -0.177436 0.126938
v -0.322968 -0.162163 0.128221
v -0.322968 -0.155567 0.168923
v -0.322968 -0.155567 0.168923
v -0.322968 -0.162163 0.128221
v -0.348988 -0.162163 0.128221
v -0.348988 -0.155567 0.168923
v -0.348988 -0.179636 0.170746
v -0.348988 -0.177435 0.126938
v -0.322968 -0.177436 0.126938
v -0.322968 -0.179636 0.170746
v -0.322968 -0.177436 0.126938
v -0.348988 -0.177435 0.126938
v -0.348988 -0.162163 0.128221
v -0.322968 -0.162163 0.128221
v -0.348988 -0.179636 0.170746
v -0.322968 -0.155567 0.168923
v -0.348988 -0.155567 0.168923
v -0.409266 0.015680 0.089713
v -0.409266 0.023036 0.025469
v -0.460364 0.012662 0.025469
v -0.460364 0.005307 0.089713
v -0.460344 -0.067061 0.081490
v -0.460344 -0.074048 0.029835
v -0.408631 -0.080963 0.029835
v -0.408631 -0.073977 0.081490
v -0.418841 -0.268498 0.403169
v -0.418841 -0.268897 0.359827
v -0.418841 -0.017103 0.365637
v -0.418841 -0.019029 0.399095
v -0.418841 0.199384 0.359642
v -0.418841 0.194950 0.400934
v -0.420734 -0.265979 0.038517
v -0.420734 -0.026043 0.044165
v -0.420734 -0.023848 0.071315
v -0.420734 0.194950 0.034641
v -0.420734 0.199384 0.075933
v -0.456184 -0.050904 0.380029
v -0.456184 -0.039246 0.056346
v -0.456184 -0.008467 0.055560
v -0.456184 -0.003337 0.383055
v -0.456184 -0.003337 0.383055
v -0.456184 -0.008467 0.055560
v -0.575149 -0.008467 0.055560
v -0.575149 -0.003337 0.383055
v -0.575149 -0.050904 0.380029
v -0.575149 -0.039246 0.056346
v -0.456184 -0.039246 0.056346
v -0.456184 -0.050904 0.380029
v -0.409266 0.015563 0.353339
v -0.460364 0.005189 0.353339
v -0.460364 0.012545 0.417583
v -0.409266 0.022919 0.417583
v -0.460344 -0.067178 0.361562
v -0.408631 -0.074094 0.361562
v -0.408631 -0.081081 0.413217
v -0.460344 -0.074165 0.413217
v -0.114645 -0.422574 0.438646
v -0.114645 -0.422574 0.936373
v -0.114645 -0.532143 -0.524205
v -0.575491 -0.532143 -0.524205
v -0.575491 -0.422574 -0.524205
v -0.114645 -0.422574 -0.524205
v 0.319177 -0.532143 -0.524205
v 0.319177 -0.422574 -0.524205
v 0.741905 -0.532144 -0.524205
v 0.741905 -0.422574 -0.524205
v -0.575491 -0.532143 0.936373
v -0.114645 -0.532143 0.936373
v -0.114645 -0.422574 0.936373
v -0.575491 -0.422574 0.936373
v 0.319177 -0.532143 0.936373
v 0.319177 -0.422574 0.936373
v 0.741905 -0.422574 0.936373
v -0.575491 -0.422574 0.936373
v -0.575491 -0.532143 0.936373
v -0.575491 -0.422574 0.936373
v -0.575491 -0.422574 -0.524205
v -0.575491 -0.532143 -0.524205
v 0.741905 -0.422574 0.936373
v 0.741905 -0.532144 0.936373
v 0.741905 -0.532144 -0.524205
v 0.741905 -0.422574 -0.524205
v -0.447635 0.240148 -0.041365
v -0.417421 0.240148 -0.041365
v -0.417421 0.233638 -0.035293
v -0.447635 0.233638 -0.035293
v -0.417421 0.240148 -0.041365
v -0.417421 0.301593 -0.032186
v -0.417421 0.268152 -0.000998
v -0.417421 0.233638 -0.035293
v -0.447635 0.233638 -0.035293
v -0.417421 0.233638 -0.035293
v -0.417421 0.268152 -0.000998
v -0.447635 0.268152 -0.000998
v -0.447635 0.301593 -0.032186
v -0.417421 0.301593 -0.032186
v -0.417421 0.240148 -0.041365
v -0.447635 0.240148 -0.041365
v -0.447635 0.231677 0.469692
v -0.447635 0.225167 0.463620
v -0.417421 0.225167 0.463620
v -0.417421 0.231677 0.469692
v -0.417421 0.231677 0.469692
v -0.417421 0.225167 0.463620
v -0.417421 0.259681 0.429325
v -0.417421 0.293122 0.460513
v -0.447635 0.225167 0.463620
v -0.447635 0.259681 0.429325
v -0.417421 0.259681 0.429325
v -0.417421 0.225167 0.463620
v -0.447635 0.293122 0.460513
v -0.447635 0.231677 0.469692
v -0.417421 0.231677 0.469692
v -0.417421 0.293122 0.460513
v -0.411461 0.190241 0.013100
v -0.411461 0.246058 0.046835
v -0.411461 0.227505 0.093825
v -0.411461 0.188097 0.091871
v -0.411461 0.301798 -0.039661
v -0.411461 0.322579 -0.035114
v -0.411461 0.350742 0.031584
v -0.411461 0.305193 0.079865
v -0.411461 0.184148 0.416183
v -0.411461 0.192273 0.338361
v -0.411461 0.236694 0.337093
v -0.411461 0.245545 0.386292
v -0.411461 0.312822 0.462411
v -0.411461 0.294264 0.355386
v -0.411461 0.348352 0.381836
v -0.411461 0.329852 0.214949
v -0.411461 0.262766 0.215864
v -0.448569 0.246058 0.046835
v -0.448569 0.227505 0.093825
v -0.411461 0.227505 0.093825
v -0.411461 0.246058 0.046835
v -0.448569 0.274602 0.045011
v -0.448569 0.246058 0.046835
v -0.411461 0.246058 0.046835
v -0.411461 0.274602 0.045011
v -0.448569 0.301798 -0.039661
v -0.448569 0.322579 -0.035114
v -0.411461 0.322579 -0.035114
v -0.411461 0.301798 -0.039661
v -0.448569 0.350742 0.031584
v -0.448569 0.305193 0.079865
v -0.411461 0.305193 0.079865
v -0.411461 0.350742 0.031584
v -0.448569 0.305193 0.079865
v -0.448569 0.274602 0.045011
v -0.411461 0.274602 0.045011
v -0.411461 0.305193 0.079865
v -0.448569 0.227505 0.093825
v -0.448569 0.329852 0.214949
v -0.411461 0.329852 0.214949
v -0.411461 0.227505 0.093825
v -0.448569 0.236694 0.337093
v -0.448569 0.245545 0.386292
v -0.411461 0.245545 0.386292
v -0.411461 0.236694 0.337093
v -0.448569 0.312822 0.462411
v -0.448569 0.290717 0.466023
v -0.411461 0.290717 0.466023
v -0.411461 0.312822 0.462411
v -0.448569 0.275149 0.388901
v -0.448569 0.294264 0.355386
v -0.411461 0.294264 0.355386
v -0.411461 0.275149 0.388901
v -0.448569 0.294264 0.355386
v -0.448569 0.348352 0.381836
v -0.411461 0.348352 0.381836
v -0.411461 0.294264 0.355386
v -0.426600 -0.030452 0.237276
v -0.425094 -0.040447 0.221323
v -0.434734 0.012515 0.220284
v -0.434423 0.013144 0.242205
v -0.435045 0.011888 0.198363
v -0.440123 -0.032914 0.237474
v -0.438617 -0.042909 0.221521
v -0.425094 -0.040447 0.221323
v -0.426600 -0.030452 0.237276
v -0.438617 -0.042909 0.221521
v -0.440582 -0.033839 0.205194
v -0.427058 -0.031377 0.204996
v -0.425094 -0.040447 0.221323
v -0.427058 -0.031377 0.204996
v -0.440582 -0.033839 0.205194
v -0.448568 0.009425 0.198561
v -0.435045 0.011888 0.198363
v -0.440123 -0.032914 0.237474
v -0.426600 -0.030452 0.237276
v -0.434423 0.013144 0.242205
v -0.447946 0.010681 0.242403
v -0.437765 0.061565 0.237185
v -0.551633 0.059607 0.174589
v -0.568412 0.060561 0.205089
v -0.567687 0.061649 0.239888
v -0.454544 0.062519 0.267684
v -0.438490 0.060477 0.202385
v -0.458150 -0.057779 -0.365691
v -0.315313 -0.057779 -0.365691
v -0.315313 -0.057779 -0.315817
v -0.458150 -0.057779 -0.315817
v -0.458150 -0.057779 0.796351
v -0.458150 -0.057779 0.746477
v -0.315313 -0.057779 0.746477
v -0.315313 -0.057779 0.796351
v 0.514114 -0.228412 0.707430
v 0.591263 -0.228412 0.698918
v 0.622466 -0.228412 0.627848
v 0.576519 -0.228412 0.565291
v 0.499370 -0.228412 0.573804
v 0.468167 -0.228412 0.644873
v -0.296058 -0.228412 -0.095883
v -0.299817 -0.228412 -0.173409
v -0.368836 -0.228412 -0.208917
v -0.434097 -0.228412 -0.166898
v -0.430337 -0.228412 -0.089372
v -0.361318 -0.228412 -0.053864
v -0.350648 0.050386 0.495487
v -0.351822 0.042486 0.497216
v -0.336269 0.040717 0.507137
v -0.334665 0.051516 0.504774
v -0.377886 0.018559 0.622396
v -0.349945 0.019132 0.611123
v -0.358892 0.146421 0.594415
v -0.386833 0.145848 0.605689
v -0.326947 0.036681 0.599122
v -0.333496 0.129864 0.586891
v -0.409832 0.128299 0.617690
v -0.403282 0.035116 0.629920
v -0.421726 0.098475 0.627203
v -0.315052 0.066506 0.589608
v -0.317450 0.100613 0.585131
v 0.130418 -0.266481 0.217426
v 0.125108 -0.269265 0.232863
v 0.123871 -0.151100 0.263299
v 0.125108 -0.269265 0.232863
v 0.135999 -0.272541 0.244901
v 0.141871 -0.156514 0.283195
v 0.123871 -0.151100 0.263299
v 0.135999 -0.272541 0.244901
v 0.152199 -0.273033 0.241502
v 0.168646 -0.157327 0.277577
v 0.141871 -0.156514 0.283195
v 0.157509 -0.270249 0.226065
v 0.146618 -0.266973 0.214027
v 0.159422 -0.147311 0.232167
v 0.177422 -0.152725 0.252063
v 0.146618 -0.266973 0.214027
v 0.130418 -0.266481 0.217426
v 0.132647 -0.146498 0.237785
v 0.159422 -0.147311 0.232167
v 0.132647 -0.146498 0.237785
v 0.123871 -0.151100 0.263299
v 0.141871 -0.156514 0.283195
v 0.168646 -0.157327 0.277577
v 0.177422 -0.152725 0.252063
v 0.159422 -0.147311 0.232167
v -0.151840 -0.273963 -0.227495
v -0.125064 -0.273963 -0.354921
v -0.125064 -0.248150 -0.354921
v -0.151840 -0.248150 -0.227495
v -0.151840 -0.248150 -0.227495
v -0.212470 -0.231052 -0.370773
v -0.239245 -0.231052 -0.243348
v -0.239245 -0.231052 -0.243348
v -0.212470 -0.231052 -0.370773
v -0.212470 -0.273963 -0.370773
v -0.239245 -0.273963 -0.243348
v -0.125064 -0.273963 -0.354921
v -0.212470 -0.273963 -0.370773
v -0.212470 -0.231052 -0.370773
v -0.125064 -0.248150 -0.354921
v -0.239245 -0.273963 -0.243348
v -0.151840 -0.273963 -0.227495
v -0.151840 -0.248150 -0.227495
v -0.239245 -0.231052 -0.243348
v -0.249346 -0.370057 -0.197109
v 0.115625 -0.370058 -0.130916
v 0.115625 -0.292943 -0.130916
v -0.249346 -0.292943 -0.197109
v -0.204283 -0.292943 -0.411563
v 0.160688 -0.292943 -0.345370
v 0.160688 -0.370058 -0.345370
v -0.204283 -0.370057 -0.411563
v -0.204283 -0.370057 -0.411563
v -0.249346 -0.370057 -0.197109
v -0.249346 -0.292943 -0.197109
v -0.204283 -0.292943 -0.411563
v -0.030698 -0.350409 -0.378866
v 0.118020 -0.350409 -0.351894
v 0.134023 -0.348125 -0.428053
v -0.014695 -0.348125 -0.455026
v -0.014695 -0.348125 -0.455026
v 0.134023 -0.348125 -0.428053
v 0.134023 -0.371304 -0.428053
v -0.014695 -0.371304 -0.455026
v -0.014695 -0.371304 -0.455026
v 0.134023 -0.371304 -0.428053
v 0.118020 -0.369114 -0.351894
v -0.030698 -0.369114 -0.378866
v 0.118020 -0.369114 -0.351894
v 0.134023 -0.371304 -0.428053
v 0.134023 -0.348125 -0.428053
v 0.118020 -0.350409 -0.351894
v -0.001930 -0.427611 -0.416086
v 0.106431 -0.427611 -0.396433
v 0.116103 -0.366434 -0.394678
v -0.011602 -0.366434 -0.417840
v -0.006190 -0.366434 -0.443599
v 0.121516 -0.366434 -0.420437
v 0.111844 -0.427611 -0.422191
v 0.003482 -0.427611 -0.441845
v 0.106431 -0.427611 -0.396433
v 0.111844 -0.427611 -0.422191
v 0.121516 -0.366434 -0.420437
v 0.116103 -0.366434 -0.394678
v 0.003482 -0.427611 -0.441845
v -0.001930 -0.427611 -0.416086
v -0.011602 -0.366434 -0.417840
v -0.006190 -0.366434 -0.443599
v -0.269322 -0.427785 -0.169287
v 0.130676 -0.427785 -0.096740
v 0.133519 -0.369138 -0.110267
v -0.266479 -0.369138 -0.182814
v -0.266479 -0.369138 -0.182814
v 0.133519 -0.369138 -0.110267
v 0.186922 -0.369138 -0.364414
v -0.213076 -0.369138 -0.436960
v -0.213076 -0.369138 -0.436960
v 0.186922 -0.369138 -0.364414
v 0.189765 -0.427785 -0.377941
v 0.130676 -0.427785 -0.096740
v 0.189765 -0.427785 -0.377941
v 0.186922 -0.369138 -0.364414
v 0.133519 -0.369138 -0.110267
v -0.210233 -0.427785 -0.450487
v -0.269322 -0.427785 -0.169287
v -0.266479 -0.369138 -0.182814
v -0.213076 -0.369138 -0.436960
v -0.260499 -0.304515 -0.192613
v 0.129778 -0.309534 -0.121830
v 0.129778 -0.273340 -0.121830
v -0.260499 -0.273340 -0.192613
v 0.129778 -0.273340 -0.121830
v 0.177965 -0.273340 -0.351153
v -0.212311 -0.273340 -0.421936
v -0.212311 -0.273340 -0.421936
v 0.177965 -0.273340 -0.351153
v 0.177965 -0.309534 -0.351153
v -0.212311 -0.304515 -0.421936
v -0.212311 -0.304515 -0.421936
v 0.177965 -0.309534 -0.351153
v 0.129778 -0.309534 -0.121830
v -0.260499 -0.304515 -0.192613
v -0.212311 -0.304515 -0.421936
v -0.260499 -0.304515 -0.192613
v -0.260499 -0.273340 -0.192613
v -0.212311 -0.273340 -0.421936
v 0.086177 -0.317150 0.817200
v 0.118307 -0.317150 0.804910
v 0.118307 -0.271797 0.804910
v 0.086177 -0.271797 0.817200
v 0.133073 -0.268906 0.680210
v 0.161176 -0.262406 0.600829
v 0.135327 -0.260872 0.591772
v 0.107224 -0.267372 0.671154
v 0.091678 -0.264889 0.648666
v 0.109047 -0.260872 0.599606
v 0.159353 -0.268906 0.672377
v 0.176025 -0.267372 0.650646
v 0.176722 -0.264889 0.623317
v 0.136612 -0.242738 0.700644
v 0.120847 -0.242738 0.699015
v 0.122669 -0.242738 0.705125
v 0.133580 -0.242738 0.706253
v 0.108547 -0.242738 0.709010
v 0.114156 -0.242738 0.712042
v 0.106918 -0.242738 0.724775
v 0.113028 -0.242738 0.722953
v 0.116913 -0.242738 0.737075
v 0.119946 -0.242738 0.731466
v 0.132678 -0.242738 0.738704
v 0.130857 -0.242738 0.732594
v 0.144978 -0.242738 0.728709
v 0.139370 -0.242738 0.725677
v 0.144978 -0.242738 0.728709
v 0.146608 -0.242738 0.712944
v 0.140497 -0.242738 0.714765
v 0.139370 -0.242738 0.725677
v 0.022894 -0.304201 0.574362
v 0.024037 -0.304201 0.610458
v 0.024037 -0.269664 0.610458
v 0.022894 -0.269664 0.574362
v 0.182380 -0.428890 0.582843
v 0.096051 -0.295712 0.597000
v 0.043002 -0.295712 0.606069
v 0.139849 -0.428890 0.590114
v 0.095970 -0.295712 0.574845
v 0.182295 -0.428890 0.559485
v 0.139764 -0.428890 0.566756
v 0.042922 -0.295712 0.583915
v 0.139764 -0.428890 0.566756
v 0.139849 -0.428890 0.590114
v 0.043002 -0.295712 0.606069
v 0.042922 -0.295712 0.583915
v 0.095970 -0.295712 0.574845
v 0.096051 -0.295712 0.597000
v 0.182380 -0.428890 0.582843
v 0.182295 -0.428890 0.559485
v 0.058300 -0.428890 0.599803
v 0.101109 -0.428890 0.593464
v 0.198565 -0.295712 0.578574
v 0.145170 -0.295712 0.586481
v 0.144384 -0.295712 0.569756
v 0.197779 -0.295712 0.561848
v 0.100281 -0.428890 0.575830
v 0.057472 -0.428890 0.582169
v 0.100281 -0.428890 0.575830
v 0.197779 -0.295712 0.561848
v 0.198565 -0.295712 0.578574
v 0.101109 -0.428890 0.593464
v 0.144384 -0.295712 0.569756
v 0.057472 -0.428890 0.582169
v 0.058300 -0.428890 0.599803
v 0.145170 -0.295712 0.586481
v 0.199045 -0.428890 0.747472
v 0.112737 -0.295712 0.761702
v 0.059702 -0.295712 0.770814
v 0.156524 -0.428890 0.754777
v 0.112698 -0.295712 0.739689
v 0.199004 -0.428890 0.724262
v 0.156483 -0.428890 0.731568
v 0.059663 -0.295712 0.748801
v 0.156483 -0.428890 0.731568
v 0.156524 -0.428890 0.754777
v 0.059702 -0.295712 0.770814
v 0.059663 -0.295712 0.748801
v 0.112698 -0.295712 0.739689
v 0.112737 -0.295712 0.761702
v 0.199045 -0.428890 0.747472
v 0.199004 -0.428890 0.724262
v 0.075073 -0.428890 0.764795
v 0.117825 -0.428890 0.758265
v 0.215155 -0.295712 0.742955
v 0.161831 -0.295712 0.751100
v 0.161196 -0.295712 0.734878
v 0.214520 -0.295712 0.726733
v 0.117155 -0.428890 0.741161
v 0.074403 -0.428890 0.747692
v 0.117155 -0.428890 0.741161
v 0.214520 -0.295712 0.726733
v 0.215155 -0.295712 0.742955
v 0.117825 -0.428890 0.758265
v 0.161196 -0.295712 0.734878
v 0.074403 -0.428890 0.747692
v 0.075073 -0.428890 0.764795
v 0.161831 -0.295712 0.751100
v 0.313096 -0.339002 0.632427
v 0.351016 -0.339002 0.621125
v 0.353550 -0.339002 0.517565
v 0.316229 -0.339002 0.504421
v 0.278310 -0.339002 0.515724
v 0.275775 -0.339002 0.619283
v 0.253308 -0.339002 0.586713
v 0.254276 -0.339002 0.547156
v 0.375049 -0.339002 0.589692
v 0.376017 -0.339002 0.550136
v 0.297152 -0.427156 0.502465
v 0.284143 -0.427156 0.526522
v 0.295893 -0.358302 0.538508
v 0.303189 -0.358302 0.525016
v 0.284143 -0.427156 0.526522
v 0.308200 -0.427156 0.539530
v 0.309385 -0.358302 0.545804
v 0.295893 -0.358302 0.538508
v 0.308200 -0.427156 0.539530
v 0.321209 -0.427156 0.515473
v 0.316681 -0.358302 0.532312
v 0.309385 -0.358302 0.545804
v 0.321209 -0.427156 0.515473
v 0.303189 -0.358302 0.525016
v 0.316681 -0.358302 0.532312
v 0.243663 -0.427156 0.590515
v 0.268004 -0.427156 0.602984
v 0.280547 -0.358302 0.590804
v 0.266895 -0.358302 0.583811
v 0.268004 -0.427156 0.602984
v 0.280473 -0.427156 0.578643
v 0.287540 -0.358302 0.577152
v 0.280473 -0.427156 0.578643
v 0.256132 -0.427156 0.566174
v 0.273888 -0.358302 0.570159
v 0.287540 -0.358302 0.577152
v 0.256132 -0.427156 0.566174
v 0.243663 -0.427156 0.590515
v 0.266895 -0.358302 0.583811
v 0.273888 -0.358302 0.570159
v 0.387992 -0.427156 0.549873
v 0.364867 -0.427156 0.535271
v 0.351462 -0.358302 0.547059
v 0.364432 -0.358302 0.555248
v 0.364867 -0.427156 0.535271
v 0.350266 -0.427156 0.558397
v 0.343273 -0.358302 0.560029
v 0.350266 -0.427156 0.558397
v 0.373391 -0.427156 0.572998
v 0.356243 -0.358302 0.568218
v 0.343273 -0.358302 0.560029
v 0.373391 -0.427156 0.572998
v 0.387992 -0.427156 0.549873
v 0.364432 -0.358302 0.555248
v 0.356243 -0.358302 0.568218
v 0.335532 -0.427156 0.636055
v 0.348591 -0.427156 0.612025
v 0.336623 -0.358302 0.600087
v 0.329298 -0.358302 0.613564
v 0.348591 -0.427156 0.612025
v 0.324562 -0.427156 0.598966
v 0.323145 -0.358302 0.592762
v 0.336623 -0.358302 0.600087
v 0.324562 -0.427156 0.598966
v 0.315821 -0.358302 0.606240
v 0.323145 -0.358302 0.592762
v 0.311503 -0.427156 0.622996
v 0.335532 -0.427156 0.636055
v 0.329298 -0.358302 0.613564
v 0.315821 -0.358302 0.606240
v 0.337313 -0.426024 0.726598
v 0.321777 -0.426024 0.716788
v 0.312771 -0.379767 0.724707
v 0.321484 -0.379767 0.730209
v 0.321777 -0.426024 0.716788
v 0.311967 -0.426024 0.732325
v 0.307269 -0.379767 0.733421
v 0.312771 -0.379767 0.724707
v 0.311967 -0.426024 0.732325
v 0.327503 -0.426024 0.742134
v 0.315982 -0.379767 0.738923
v 0.307269 -0.379767 0.733421
v 0.327503 -0.426024 0.742134
v 0.337313 -0.426024 0.726598
v 0.321484 -0.379767 0.730209
v 0.286996 -0.366800 0.782060
v 0.312471 -0.366800 0.774467
v 0.314173 -0.366800 0.704893
v 0.289100 -0.366800 0.696062
v 0.263625 -0.366800 0.703656
v 0.261922 -0.366800 0.773230
v 0.246828 -0.366800 0.751348
v 0.247479 -0.366800 0.724773
v 0.328617 -0.366800 0.753350
v 0.329268 -0.366800 0.726775
v 0.240348 -0.426024 0.753903
v 0.256702 -0.426024 0.762280
v 0.265128 -0.379767 0.754097
v 0.255956 -0.379767 0.749398
v 0.256702 -0.426024 0.762280
v 0.265078 -0.426024 0.745926
v 0.269826 -0.379767 0.744925
v 0.265128 -0.379767 0.754097
v 0.265078 -0.426024 0.745926
v 0.260655 -0.379767 0.740227
v 0.269826 -0.379767 0.744925
v 0.248725 -0.426024 0.737550
v 0.240348 -0.426024 0.753903
v 0.255956 -0.379767 0.749398
v 0.260655 -0.379767 0.740227
v 0.276284 -0.426024 0.694748
v 0.267544 -0.426024 0.710910
v 0.275438 -0.379767 0.718963
v 0.280339 -0.379767 0.709898
v 0.267544 -0.426024 0.710910
v 0.284502 -0.379767 0.723865
v 0.275438 -0.379767 0.718963
v 0.283706 -0.426024 0.719650
v 0.292446 -0.426024 0.703488
v 0.289404 -0.379767 0.714800
v 0.284502 -0.379767 0.723865
v 0.292446 -0.426024 0.703488
v 0.276284 -0.426024 0.694748
v 0.280339 -0.379767 0.709898
v 0.289404 -0.379767 0.714800
v 0.302069 -0.426024 0.784498
v 0.310842 -0.426024 0.768354
v 0.302801 -0.379767 0.760333
v 0.297881 -0.379767 0.769387
v 0.310842 -0.426024 0.768354
v 0.294698 -0.426024 0.759580
v 0.293747 -0.379767 0.755412
v 0.302801 -0.379767 0.760333
v 0.294698 -0.426024 0.759580
v 0.285925 -0.426024 0.775724
v 0.288826 -0.379767 0.764467
v 0.293747 -0.379767 0.755412
v 0.285925 -0.426024 0.775724
v 0.302069 -0.426024 0.784498
v 0.297881 -0.379767 0.769387
v 0.288826 -0.379767 0.764467
v 0.252342 -0.313365 0.757996
v 0.253065 -0.313365 0.718660
v 0.253065 -0.258183 0.718660
v 0.252342 -0.258183 0.757996
v 0.039458 -0.311715 0.726938
v 0.038421 -0.311715 0.769480
v 0.038421 -0.259833 0.769480
v 0.039459 -0.259833 0.726938
v -0.184518 0.112563 -0.406353
v -0.190064 0.112563 -0.445078
v -0.290971 0.112563 -0.462598
v -0.309246 0.112563 -0.428010
v -0.303700 0.112563 -0.389285
v -0.202793 0.112563 -0.371765
v -0.255855 0.112563 -0.479839
v -0.217312 0.112563 -0.473147
v -0.276452 0.112563 -0.361216
v -0.237909 0.112563 -0.354524
v -0.192081 0.040789 -0.407666
v -0.208140 0.040789 -0.377273
v -0.296810 0.040789 -0.392668
v -0.301683 0.040789 -0.426696
v -0.196954 0.040789 -0.441695
v -0.285624 0.040789 -0.457090
v -0.220898 0.040789 -0.466360
v -0.254767 0.040789 -0.472241
v -0.238997 0.040789 -0.362122
v -0.272866 0.040789 -0.368003
v -0.175231 -0.116790 -0.376442
v -0.188148 -0.057798 -0.402205
v -0.201265 -0.057798 -0.377378
v -0.177007 -0.126019 -0.383500
v -0.179534 -0.126019 -0.378716
v -0.234249 -0.093759 -0.394805
v -0.221131 -0.093759 -0.419632
v -0.179534 -0.126019 -0.378716
v -0.177007 -0.126019 -0.383500
v -0.173591 -0.121404 -0.384755
v -0.178647 -0.121404 -0.375187
v -0.172703 -0.116790 -0.381226
v -0.175231 -0.116790 -0.376442
v -0.198080 -0.075779 -0.423333
v -0.221131 -0.093759 -0.419632
v -0.234249 -0.093759 -0.394805
v -0.224316 -0.075779 -0.373678
v -0.201265 -0.057798 -0.377378
v -0.188148 -0.057798 -0.402205
v -0.202051 0.112563 0.726525
v -0.235772 0.112563 0.706694
v -0.312430 0.112563 0.774611
v -0.296806 0.112563 0.810474
v -0.263085 0.112563 0.830306
v -0.186427 0.112563 0.762389
v -0.303989 0.112563 0.736412
v -0.274709 0.112563 0.710470
v -0.224148 0.112563 0.826529
v -0.194867 0.112563 0.800587
v -0.207797 0.040789 0.731615
v -0.261429 0.040789 0.822810
v -0.291060 0.040789 0.805384
v -0.237428 0.040789 0.714189
v -0.304789 0.040789 0.773869
v -0.271643 0.040789 0.717507
v -0.194068 0.040789 0.763130
v -0.201484 0.040789 0.796696
v -0.227214 0.040789 0.819492
v -0.172883 -0.116790 0.737932
v -0.175044 -0.116790 0.732972
v -0.201075 -0.057798 0.731949
v -0.189860 -0.057798 0.757692
v -0.179506 -0.126019 0.734916
v -0.177345 -0.126019 0.739876
v -0.224060 -0.093759 0.772591
v -0.235275 -0.093759 0.746848
v -0.177345 -0.126019 0.739876
v -0.179506 -0.126019 0.734916
v -0.178355 -0.121404 0.731463
v -0.174033 -0.121404 0.741385
v -0.175044 -0.116790 0.732972
v -0.223782 -0.075779 0.726527
v -0.201352 -0.075779 0.778013
v -0.189860 -0.057798 0.757692
v -0.461138 -0.283650 0.807816
v -0.431027 -0.283650 0.788380
v -0.443810 -0.283650 0.748986
v -0.307632 -0.283650 0.847729
v -0.318654 -0.283650 0.915814
v -0.289947 -0.283650 0.928095
v -0.273208 -0.283650 0.840509
v -0.318654 -0.283650 0.807816
v -0.289472 -0.283650 0.779884
v -0.348764 -0.283650 0.788380
v -0.335982 -0.283650 0.748986
v -0.389896 -0.283650 0.784121
v -0.389896 -0.283650 0.743239
v -0.294027 0.496604 0.917048
v -0.279196 0.496604 0.847932
v -0.500595 0.496604 0.847932
v -0.485764 0.496604 0.917048
v -0.485764 0.496604 0.794222
v -0.294027 0.496604 0.794222
v -0.461138 -0.283650 -0.377156
v -0.443810 -0.283650 -0.318326
v -0.431027 -0.283650 -0.357720
v -0.318654 -0.283650 -0.377156
v -0.289472 -0.283650 -0.349224
v -0.273208 -0.283650 -0.409849
v -0.307632 -0.283650 -0.417069
v -0.348764 -0.283650 -0.357720
v -0.335982 -0.283650 -0.318326
v -0.389896 -0.283650 -0.353461
v -0.389896 -0.283650 -0.312579
v -0.489845 -0.283753 -0.497435
v -0.289947 -0.283650 -0.497435
v -0.283243 -0.447523 -0.497803
v -0.496548 -0.449713 -0.497803
v -0.294027 0.496604 -0.486388
v -0.485764 0.496604 -0.486388
v -0.500595 0.496604 -0.417272
v -0.279196 0.496604 -0.417272
v -0.485764 0.496604 -0.363562
v -0.294027 0.496604 -0.363562
v 0.493613 -0.283650 0.807816
v 0.523724 -0.283650 0.788380
v 0.510941 -0.283650 0.748986
v 0.647119 -0.283650 0.847729
v 0.636097 -0.283650 0.915814
v 0.664804 -0.283650 0.928095
v 0.681543 -0.283650 0.840509
v 0.636097 -0.283650 0.807816
v 0.605987 -0.283650 0.788380
v 0.665279 -0.283650 0.779884
v 0.618769 -0.283650 0.748986
v 0.564855 -0.283650 0.784121
v 0.564855 -0.283650 0.743239
v 0.660724 0.496604 0.917048
v 0.675555 0.496604 0.847932
v 0.454156 0.496604 0.847932
v 0.468987 0.496604 0.917048
v 0.468987 0.496604 0.794222
v 0.660724 0.496604 0.794222
v -0.297407 0.141887 0.927054
v -0.387829 0.141887 0.927054
v -0.387829 0.004865 0.927054
v -0.297407 0.004865 0.927054
v -0.484115 0.141887 0.927054
v -0.484115 0.004865 0.927054
v 0.655712 0.141887 0.927054
v 0.565289 0.141887 0.927054
v 0.565289 0.004865 0.927054
v 0.655712 0.004865 0.927054
v 0.469003 0.141887 0.927054
v 0.469003 0.004865 0.927054
v -0.297113 0.141887 -0.496394
v -0.387536 0.141887 -0.496394
v -0.387536 0.004865 -0.496394
v -0.297113 0.004865 -0.496394
v -0.483822 0.141887 -0.496394
v -0.483822 0.004865 -0.496394
v -0.356935 -0.034256 0.653926
v -0.392690 -0.028246 0.653926
v -0.395843 -0.009680 0.653926
v -0.357632 -0.008821 0.653926
v -0.434913 -0.109270 0.653926
v -0.453264 -0.109270 0.653926
v -0.356935 -0.034256 0.679411
v -0.357632 -0.008821 0.679411
v -0.395843 -0.009680 0.679411
v -0.392690 -0.028246 0.679411
v -0.453264 -0.109270 0.679411
v -0.434913 -0.109270 0.679411
v -0.357632 -0.008821 0.679411
v -0.356935 -0.034256 0.679411
v -0.356935 -0.034256 0.653926
v -0.357632 -0.008821 0.653926
v -0.427770 -0.029965 0.679411
v -0.434913 -0.109270 0.679411
v -0.434913 -0.109270 0.653926
v -0.427770 -0.029965 0.653926
v -0.434913 -0.109270 0.679411
v -0.453264 -0.109270 0.679411
v -0.453264 -0.109270 0.653926
v -0.434913 -0.109270 0.653926
v -0.328552 -0.016708 0.717706
v -0.328552 -0.006376 0.580556
v -0.328552 0.015757 0.580556
v -0.328552 0.022385 0.717706
v -0.453264 0.022385 0.717706
v -0.453264 0.015757 0.580556
v -0.453264 -0.006376 0.580556
v -0.453264 -0.016708 0.717706
v -0.328552 -0.016684 0.440788
v -0.453264 -0.016684 0.440788
v -0.453264 0.022360 0.440788
v -0.328552 0.022360 0.440788
v -0.453264 -0.016708 0.717706
v -0.328552 -0.016708 0.717706
v -0.328552 0.022385 0.717706
v -0.453264 0.022385 0.717706
v -0.453264 0.022360 0.440788
v -0.453264 -0.016684 0.440788
v -0.328552 -0.016684 0.440788
v -0.328552 0.022360 0.440788
v -0.356935 -0.034256 0.472685
v -0.392690 -0.028246 0.472685
v -0.395843 -0.009680 0.472685
v -0.357632 -0.008821 0.472685
v -0.434913 -0.109270 0.472685
v -0.453264 -0.109270 0.472685
v -0.356935 -0.034256 0.498169
v -0.357632 -0.008821 0.498169
v -0.395843 -0.009680 0.498169
v -0.392690 -0.028246 0.498169
v -0.453264 -0.109270 0.498169
v -0.434913 -0.109270 0.498169
v -0.357632 -0.008821 0.498169
v -0.356935 -0.034256 0.498169
v -0.356935 -0.034256 0.472685
v -0.357632 -0.008821 0.472685
v -0.427770 -0.029965 0.498169
v -0.434913 -0.109270 0.498169
v -0.434913 -0.109270 0.472685
v -0.427770 -0.029965 0.472685
v -0.434913 -0.109270 0.498169
v -0.453264 -0.109270 0.498169
v -0.453264 -0.109270 0.472685
v -0.434913 -0.109270 0.472685
v -0.356935 -0.031608 -0.062212
v -0.392690 -0.026650 -0.062212
v -0.395843 -0.011332 -0.062212
v -0.357632 -0.010623 -0.062212
v -0.434913 -0.093496 -0.062212
v -0.356935 -0.031608 -0.034855
v -0.357632 -0.010623 -0.034855
v -0.395843 -0.011332 -0.034855
v -0.392690 -0.026650 -0.034855
v -0.434913 -0.093496 -0.034855
v -0.357632 -0.010623 -0.034855
v -0.356935 -0.031608 -0.034855
v -0.356935 -0.031608 -0.062212
v -0.357632 -0.010623 -0.062212
v -0.427770 -0.028068 -0.034855
v -0.434913 -0.093496 -0.034855
v -0.434913 -0.093496 -0.062212
v -0.427770 -0.028068 -0.062212
v -0.434913 -0.093496 -0.034855
v -0.453264 -0.093496 -0.034855
v -0.453264 -0.093496 -0.062212
v -0.434913 -0.093496 -0.062212
v -0.328552 -0.017131 -0.016226
v -0.328552 -0.008606 -0.146149
v -0.328552 0.009654 -0.146149
v -0.328552 0.015123 -0.016226
v -0.453264 0.015123 -0.016226
v -0.453264 0.009654 -0.146149
v -0.453264 -0.008606 -0.146149
v -0.453264 -0.017131 -0.016226
v -0.328552 -0.017110 -0.278552
v -0.453264 -0.017110 -0.278552
v -0.453264 0.015102 -0.278552
v -0.328552 0.015102 -0.278552
v -0.453264 -0.017131 -0.016226
v -0.328552 -0.017131 -0.016226
v -0.328552 0.015123 -0.016226
v -0.453264 0.015123 -0.016226
v -0.453264 0.015102 -0.278552
v -0.453264 -0.017110 -0.278552
v -0.328552 -0.017110 -0.278552
v -0.328552 0.015102 -0.278552
v -0.356935 -0.031608 -0.247101
v -0.392690 -0.026650 -0.247101
v -0.395843 -0.011332 -0.247101
v -0.357632 -0.010623 -0.247101
v -0.434913 -0.093496 -0.247101
v -0.356935 -0.031608 -0.219752
v -0.357632 -0.010623 -0.219752
v -0.395843 -0.011332 -0.219752
v -0.392690 -0.026650 -0.219752
v -0.434913 -0.093496 -0.219752
v -0.427770 -0.028068 -0.219752
v -0.434913 -0.093496 -0.219752
v -0.434913 -0.093496 -0.247101
v -0.427770 -0.028068 -0.247101
v -0.434913 -0.093496 -0.219752
v -0.453264 -0.093496 -0.219752
v -0.453264 -0.093496 -0.247101
v -0.434913 -0.093496 -0.247101
v -0.299039 -0.200759 0.067533
v -0.287457 -0.204457 0.073505
v -0.269471 -0.193967 0.039819
v -0.281054 -0.190269 0.033847
v -0.245665 -0.196691 0.366000
v -0.250192 -0.200404 0.353723
v -0.286356 -0.189871 0.366471
v -0.281829 -0.186158 0.378748
v -0.209010 -0.424573 0.041545
v -0.209010 -0.424573 0.001091
v -0.209010 -0.243487 -0.019666
v -0.209010 -0.247570 0.027931
v -0.209010 -0.247570 0.027931
v -0.209010 -0.243487 -0.019666
v -0.448328 -0.243487 -0.019666
v -0.448328 -0.247569 0.027931
v -0.448328 -0.424573 0.041545
v -0.209010 -0.424573 0.041545
v -0.209010 -0.247570 0.027931
v -0.448328 -0.247569 0.027931
v -0.209010 -0.424573 0.396517
v -0.209010 -0.247570 0.410132
v -0.209010 -0.243487 0.457729
v -0.209010 -0.247570 0.410132
v -0.448328 -0.247569 0.410132
v -0.448328 -0.243487 0.457729
v -0.209010 -0.243487 0.457729
v -0.209010 -0.424573 0.436971
v -0.209010 -0.243487 0.457729
v -0.448328 -0.243487 0.457729
v -0.448328 -0.424573 0.436971
v -0.448328 -0.424573 0.396517
v -0.448328 -0.247569 0.410132
v -0.209010 -0.247570 0.410132
v -0.209010 -0.424573 0.396517
v -0.236799 -0.264759 0.410507
v -0.236799 -0.264141 0.028122
v -0.449134 -0.264141 0.028122
v -0.449134 -0.264759 0.410507
v -0.236799 -0.264759 0.410507
v -0.236799 -0.424439 0.398259
v -0.236799 -0.424439 0.039382
v -0.236799 -0.264141 0.028122
v -0.165399 -0.354976 0.024285
v -0.119337 -0.354976 0.110364
v -0.073887 -0.354976 0.093942
v -0.126520 -0.354976 -0.004418
v -0.033257 -0.354976 0.064302
v -0.079319 -0.354976 -0.021778
v -0.059301 -0.430790 0.067190
v 0.084736 -0.430790 0.065116
v 0.084736 -0.370181 0.065116
v 0.083717 -0.430790 -0.005640
v -0.060320 -0.376236 -0.003565
v 0.083717 -0.370181 -0.005640
v 0.199125 -0.430790 -0.007302
v 0.199125 -0.376236 -0.007302
v 0.200144 -0.430790 0.063453
v 0.281552 -0.430790 0.062281
v 0.281552 -0.376236 0.062281
v 0.200144 -0.376236 0.063453
v 0.280533 -0.430790 -0.008474
v 0.280533 -0.376236 -0.008474
v -0.072165 -0.475824 0.263316
v -0.071197 -0.475824 0.147900
v -0.071197 -0.366544 0.147900
v -0.072165 -0.381597 0.263316
v -0.141958 -0.475824 0.147307
v -0.142925 -0.381597 0.262723
v -0.141957 -0.366544 0.147307
v -0.070515 -0.475824 0.066487
v -0.070515 -0.381597 0.066487
v -0.141275 -0.475824 0.065894
v -0.141275 -0.381597 0.065894
v -0.061377 -0.354976 0.480274
v -0.041661 -0.354976 0.384657
v -0.087090 -0.354976 0.368179
v -0.109619 -0.354976 0.477437
v -0.137278 -0.354976 0.364940
v -0.156995 -0.354976 0.460558
v 0.261248 -0.430790 0.403946
v 0.117195 -0.430790 0.403946
v 0.117195 -0.368316 0.403946
v 0.261248 -0.376236 0.403946
v 0.117195 -0.430790 0.474709
v 0.261248 -0.376236 0.474709
v 0.117195 -0.368316 0.474709
v 0.001775 -0.430790 0.403946
v 0.001775 -0.376236 0.403946
v 0.001775 -0.430790 0.474709
v 0.001775 -0.376236 0.474709
v 0.367304 -0.354976 0.402732
v 0.286220 -0.354976 0.348354
v 0.253802 -0.354976 0.384192
v 0.346452 -0.354976 0.446327
v 0.231843 -0.354976 0.429438
v 0.312927 -0.354976 0.483815
v 0.290054 -0.430790 0.064070
v 0.287543 -0.420443 0.208100
v 0.287543 -0.365889 0.208100
v 0.290054 -0.376236 0.064070
v 0.358295 -0.430790 0.209334
v 0.360806 -0.430790 0.065303
v 0.360806 -0.376236 0.065303
v 0.358295 -0.365889 0.209334
v 0.285531 -0.430790 0.323503
v 0.285531 -0.376236 0.323503
v 0.356283 -0.430790 0.324736
v 0.356283 -0.376236 0.324736
v 0.284112 -0.430790 0.404907
v 0.284112 -0.376236 0.404907
v 0.354864 -0.430790 0.406140
v 0.354864 -0.376236 0.406140
v 0.307951 -0.354976 -0.031192
v 0.239579 -0.354976 0.038498
v 0.268838 -0.354976 0.076959
v 0.346963 -0.354976 -0.002673
v 0.309270 -0.354976 0.106870
v 0.377641 -0.354976 0.037179
v -0.173629 -0.345191 0.745409
v -0.128929 -0.348288 0.727543
v -0.147084 -0.344906 0.607719
v -0.177436 -0.342184 0.582799
v -0.215812 -0.342137 0.754369
v -0.219497 -0.339035 0.585519
v -0.256820 -0.338703 0.735251
v -0.258356 -0.336509 0.610938
v -0.278272 -0.335649 0.649992
v -0.281088 -0.336224 0.697196
v -0.116660 -0.347813 0.643369
v -0.338018 -0.371260 0.639007
v -0.318740 -0.371062 0.655410
v -0.250402 -0.381601 0.553395
v -0.269680 -0.381798 0.536991
v -0.318740 -0.371062 0.655410
v -0.247379 -0.426035 0.556498
v -0.250402 -0.381601 0.553395
v -0.315717 -0.415496 0.658513
v -0.360678 -0.410080 0.628061
v -0.292340 -0.420619 0.526045
v -0.247379 -0.426035 0.556498
v -0.360678 -0.410080 0.628061
v -0.338018 -0.371260 0.639007
v -0.269680 -0.381798 0.536991
v -0.292340 -0.420619 0.526045
v -0.118395 -0.381209 0.553771
v -0.140599 -0.378808 0.565686
v -0.070189 -0.378772 0.666834
v -0.140599 -0.378808 0.565686
v -0.145943 -0.422530 0.572965
v -0.075534 -0.422494 0.674112
v -0.070189 -0.378772 0.666834
v -0.145943 -0.422530 0.572965
v -0.101261 -0.422433 0.541633
v -0.030851 -0.422398 0.642780
v -0.075534 -0.422494 0.674112
v -0.101261 -0.422433 0.541633
v -0.047985 -0.381174 0.654919
v -0.030851 -0.422398 0.642780
v -0.268716 -0.163294 0.517944
v -0.281152 -0.158667 0.529983
v -0.248188 -0.143934 0.533547
v -0.277106 -0.146673 0.543803
v -0.260623 -0.139306 0.545585
v -0.211114 -0.285290 0.691073
v -0.212990 -0.297882 0.683251
v -0.202887 -0.303132 0.675424
v -0.190907 -0.295790 0.675418
v -0.189031 -0.283198 0.683240
v -0.199135 -0.277948 0.691067
v -0.207478 -0.288018 0.665520
v -0.199570 -0.283172 0.665516
v -0.190907 -0.295790 0.675418
v -0.202887 -0.303132 0.675424
v -0.214147 -0.284553 0.670686
v -0.207478 -0.288018 0.665520
v -0.202887 -0.303132 0.675424
v -0.212990 -0.297882 0.683251
v -0.212908 -0.276241 0.675849
v -0.214147 -0.284553 0.670686
v -0.212990 -0.297882 0.683251
v -0.211114 -0.285290 0.691073
v -0.205001 -0.271395 0.675845
v -0.212908 -0.276241 0.675849
v -0.211114 -0.285290 0.691073
v -0.199135 -0.277948 0.691067
v -0.198332 -0.274861 0.670679
v -0.205001 -0.271395 0.675845
v -0.199135 -0.277948 0.691067
v -0.189031 -0.283198 0.683240
v -0.199570 -0.283172 0.665516
v -0.198332 -0.274861 0.670679
v -0.189031 -0.283198 0.683240
v -0.190907 -0.295790 0.675418
v -0.224371 -0.261599 0.623204
v -0.194547 -0.285892 0.661834
v -0.208332 -0.294340 0.661840
v -0.237195 -0.254935 0.633139
v -0.224371 -0.261599 0.623204
v -0.208332 -0.294340 0.661840
v -0.219958 -0.288299 0.670847
v -0.234814 -0.238952 0.643067
v -0.237195 -0.254935 0.633139
v -0.219958 -0.288299 0.670847
v -0.217799 -0.273808 0.679848
v -0.219608 -0.229633 0.643060
v -0.234814 -0.238952 0.643067
v -0.217799 -0.273808 0.679848
v -0.204014 -0.265360 0.679842
v -0.206784 -0.236297 0.633125
v -0.219608 -0.229633 0.643060
v -0.204014 -0.265360 0.679842
v -0.192388 -0.271402 0.670834
v -0.209165 -0.252280 0.623197
v -0.206784 -0.236297 0.633125
v -0.192388 -0.271402 0.670834
v -0.194547 -0.285892 0.661834
v -0.479533 0.061924 0.302653
v -0.492953 0.066214 0.302868
v -0.512268 0.033721 0.315582
v -0.503408 0.021760 0.318367
v -0.470672 0.049962 0.305439
v -0.489988 0.017468 0.318152
v -0.469756 0.034899 0.310162
v -0.477134 0.022487 0.315018
v -0.505807 0.061196 0.306002
v -0.513184 0.048784 0.310858
v -0.461465 0.133927 0.334775
v -0.459359 0.132851 0.334398
v -0.464576 0.104940 0.334945
v -0.475506 0.110523 0.336905
v -0.457890 0.135190 0.337572
v -0.459996 0.136265 0.337949
v -0.469867 0.116034 0.356543
v -0.458937 0.110451 0.354584
v -0.459996 0.136265 0.337949
v -0.457890 0.135190 0.337572
v -0.457572 0.133483 0.335796
v -0.461784 0.135634 0.336551
v -0.459359 0.132851 0.334398
v -0.461465 0.133927 0.334775
v -0.456291 0.104903 0.343785
v -0.469867 0.116034 0.356543
v -0.478152 0.116070 0.347703
v -0.475506 0.110523 0.336905
v -0.464576 0.104940 0.334945
v -0.483135 0.056623 0.140027
v -0.507010 0.016459 0.124312
v -0.515871 0.028421 0.127098
v -0.496555 0.060914 0.139812
v -0.474275 0.044661 0.137241
v -0.493590 0.012168 0.124528
v -0.473358 0.029598 0.132518
v -0.516787 0.043484 0.131822
v -0.509409 0.055895 0.136678
v -0.465067 0.128627 0.107905
v -0.479109 0.105223 0.105775
v -0.468179 0.099639 0.107735
v -0.462961 0.127551 0.108282
v -0.461493 0.129889 0.105108
v -0.462539 0.105150 0.088096
v -0.473469 0.110734 0.086137
v -0.463599 0.130965 0.104731
v -0.463599 0.130965 0.104731
v -0.465386 0.130334 0.106129
v -0.461174 0.128182 0.106884
v -0.461493 0.129889 0.105108
v -0.462961 0.127551 0.108282
v -0.465067 0.128627 0.107905
v -0.459893 0.099603 0.098895
v -0.473469 0.110734 0.086137
v -0.462539 0.105150 0.088096
v -0.468179 0.099639 0.107735
v -0.479109 0.105223 0.105775
v -0.481754 0.110769 0.094977
v -0.264880 0.155629 -0.436041
v -0.238290 0.176613 -0.390578
v -0.251497 0.132643 -0.412067
v -0.265111 0.188884 -0.437523
v -0.255723 0.220278 -0.422253
v -0.244514 0.228404 -0.403066
v -0.263938 0.155611 -0.436584
v -0.250562 0.132625 -0.412606
v -0.237321 0.176594 -0.391137
v -0.264148 0.188866 -0.438078
v -0.243516 0.228385 -0.403641
v -0.254736 0.220259 -0.422822
v -0.251673 0.246401 -0.418400
v -0.230585 0.145114 0.777791
v -0.230227 0.172222 0.777894
v -0.271922 0.160984 0.764712
v -0.244822 0.197367 0.773269
v -0.262247 0.203471 0.767756
v -0.230852 0.145114 0.778636
v -0.272197 0.160984 0.765581
v -0.230500 0.172222 0.778758
v -0.262529 0.203471 0.768651
v -0.245101 0.197367 0.774154
v -0.249840 0.218528 0.772665
v -0.278327 -0.188418 0.064089
v -0.278220 -0.172286 0.064282
v -0.290627 -0.178974 0.041408
v -0.284518 -0.199931 0.052676
v -0.277261 -0.188418 0.063511
v -0.283451 -0.199931 0.052097
v -0.289568 -0.178974 0.040834
v -0.277159 -0.172286 0.063707
v -0.286694 -0.153690 0.046142
v -0.280328 -0.160085 0.057873
v -0.269008 -0.190277 0.357679
v -0.269087 -0.178675 0.357541
v -0.259984 -0.183485 0.373894
v -0.264466 -0.198557 0.365838
v -0.269770 -0.190277 0.358103
v -0.265229 -0.198557 0.366263
v -0.260742 -0.183485 0.374315
v -0.269845 -0.178675 0.357963
v 0.127796 -0.279273 0.708863
v 0.116767 -0.279273 0.717826
v 0.125729 -0.279273 0.728856
v 0.136759 -0.279273 0.719893
v -0.321455 -0.131532 0.299034
v -0.330610 -0.099383 0.292176
v -0.321455 -0.138310 0.317935
v -0.321455 -0.110236 0.355039
v -0.321455 -0.123855 0.348584
v -0.330610 -0.076656 0.332171
v -0.353414 -0.131532 0.299034
v -0.353414 -0.138310 0.317935
v -0.344259 -0.099383 0.292176
v -0.353414 -0.110236 0.355039
v -0.344259 -0.076656 0.332171
v -0.353414 -0.123855 0.348584
v -0.337435 -0.172490 0.270455
v -0.343555 -0.158167 0.275314
v -0.331314 -0.158167 0.275314
v -0.343555 -0.098410 0.378111
v -0.337435 -0.095369 0.391809
v -0.331314 -0.098410 0.378111
v -0.380872 -0.233349 0.230039
v -0.386786 -0.234430 0.171929
v -0.383829 -0.258898 0.198483
v -0.276384 -0.233349 0.223985
v -0.279157 -0.258898 0.198661
v -0.281929 -0.234430 0.178339
v 0.532522 -0.416151 -0.058435
v 0.540774 -0.393031 -0.139407
v 0.467002 -0.415290 -0.031259
v 0.595516 -0.415776 -0.041024
v 0.690958 -0.427568 -0.461816
v 0.607800 -0.426568 -0.430676
v 0.638479 -0.403427 -0.377157
v 0.253268 -0.416582 -0.091099
v 0.298805 -0.415551 -0.051029
v 0.268356 -0.390344 -0.155461
v 0.184580 -0.416008 -0.074509
v 0.221447 -0.428228 -0.514322
v 0.232895 -0.410206 -0.426960
v 0.309542 -0.427229 -0.472771
v -0.454846 0.061736 0.239376
v -0.445048 0.059718 0.240897
v -0.448282 0.083416 0.239212
v -0.452934 0.060724 0.204043
v -0.446340 0.082389 0.203325
v -0.442980 0.058624 0.202685
v -0.465520 0.110173 0.207806
v -0.461744 0.123524 0.207879
v -0.452587 0.104241 0.205550
v -0.466905 0.110906 0.233408
v -0.454235 0.105113 0.236008
v -0.463093 0.124237 0.232794
v -0.484932 0.135888 0.210635
v -0.486844 0.149143 0.210011
v -0.473494 0.139099 0.209419
v -0.485945 0.136424 0.229352
v -0.474635 0.139703 0.230511
v -0.487893 0.149698 0.229402
v -0.520481 0.136376 0.210521
v -0.531981 0.139670 0.209218
v -0.517902 0.149802 0.209923
v -0.521493 0.136911 0.229220
v -0.518949 0.150356 0.229266
v -0.533123 0.140274 0.230319
v -0.540070 0.110803 0.207541
v -0.552785 0.105048 0.205191
v -0.543663 0.124240 0.207596
v -0.541457 0.111537 0.233176
v -0.545012 0.124954 0.232531
v -0.554436 0.105922 0.235701
v -0.552724 0.061416 0.203699
v -0.562516 0.059404 0.202276
v -0.559070 0.083311 0.202929
v -0.554638 0.062428 0.239062
v -0.561014 0.084340 0.238858
v -0.564585 0.060499 0.240519
v -0.373970 0.136933 -0.137556
v -0.372429 0.132489 -0.134638
v -0.370280 0.127151 -0.135307
v -0.376749 0.119947 -0.233474
v -0.395875 0.161333 -0.222727
v -0.385656 0.127023 -0.143073
v -0.409958 0.193887 -0.201439
v -0.424311 0.215213 -0.152866
v -0.416400 0.202273 -0.127401
v -0.418078 0.201894 -0.093374
v -0.403129 0.160947 -0.059103
v -0.384375 0.113509 -0.051111
v -0.373184 0.079133 -0.067795
v -0.358251 0.052898 -0.088618
v -0.358985 0.033753 -0.127822
v -0.351293 0.046439 -0.184800
v -0.361022 0.074599 -0.220555
v -0.392141 0.034239 0.489737
v -0.404246 0.024958 0.496061
v -0.381403 0.075607 0.575888
v -0.418947 0.024638 0.501996
v -0.432304 0.033366 0.505950
v -0.440738 0.048803 0.506865
v -0.441989 0.066812 0.504495
v -0.441989 0.066812 0.504495
v -0.435722 0.082568 0.499476
v -0.423617 0.091849 0.493152
v -0.408916 0.092168 0.487218
v -0.395559 0.083440 0.483263
v -0.387125 0.068004 0.482349
v -0.385874 0.049995 0.484718
v 0.245786 -0.271578 0.794331
v 0.243482 -0.279598 0.760081
v 0.222300 -0.271578 0.811880
v 0.184260 -0.279598 0.771486
v 0.161260 -0.279598 0.550174
v 0.216432 -0.279598 0.543449
v 0.183450 -0.274423 0.521458
v 0.212467 -0.274423 0.524639
v 0.188087 -0.271578 0.808416
v 0.156860 -0.274423 0.530684
v 0.119065 -0.264203 0.799788
v 0.151411 -0.264203 0.806234
v 0.116544 -0.275319 0.775467
v 0.184027 -0.275319 0.769399
v 0.186388 -0.264203 0.793659
v 0.093980 -0.275319 0.566448
v 0.117136 -0.268146 0.521523
v 0.087578 -0.268146 0.534533
v 0.161651 -0.275319 0.552069
v 0.154635 -0.268146 0.521127
v 0.118307 -0.271797 0.804910
v 0.118340 -0.279725 0.787513
v 0.086177 -0.271797 0.817200
v 0.055611 -0.279725 0.780854
v 0.037224 -0.279725 0.576219
v 0.093361 -0.279725 0.559491
v 0.058206 -0.274609 0.545731
v 0.089083 -0.274609 0.540914
v 0.063742 -0.271797 0.804144
v 0.034755 -0.274609 0.559988
v 0.125535 -0.261944 0.615190
v 0.131949 -0.264645 0.613279
v 0.129966 -0.265113 0.620277
v 0.124083 -0.260594 0.622031
v 0.129043 -0.261944 0.626960
v 0.135457 -0.264645 0.625048
v 0.136909 -0.265995 0.618207
v 0.138796 -0.241130 0.611237
v 0.132383 -0.238429 0.613149
v 0.137874 -0.237961 0.617920
v 0.130931 -0.237079 0.619990
v 0.135891 -0.238429 0.624919
v 0.142305 -0.241130 0.623007
v 0.143757 -0.242480 0.616166
v 0.139085 -0.260723 0.634092
v 0.141638 -0.265636 0.637309
v 0.135908 -0.263775 0.638551
v 0.134111 -0.257755 0.636007
v 0.131691 -0.259700 0.641139
v 0.134244 -0.264612 0.644355
v 0.139218 -0.267581 0.642440
v 0.151422 -0.251318 0.646009
v 0.148869 -0.246405 0.642793
v 0.147205 -0.247242 0.648597
v 0.143895 -0.243437 0.644708
v 0.141474 -0.245382 0.649839
v 0.144028 -0.250295 0.653056
v 0.149001 -0.253263 0.651141
v 0.114156 -0.242738 0.712042
v 0.113028 -0.242738 0.722953
v 0.116767 -0.279273 0.717826
v 0.119946 -0.242738 0.731466
v 0.130857 -0.242738 0.732594
v 0.125729 -0.279273 0.728856
v 0.139370 -0.242738 0.725677
v 0.140497 -0.242738 0.714765
v 0.136759 -0.279273 0.719893
v -0.238488 0.157235 -0.358569
v -0.205640 0.157235 -0.374697
v -0.251197 0.134902 -0.415017
v -0.188545 0.157235 -0.407052
v -0.193733 0.157235 -0.443276
v -0.219222 0.157235 -0.469533
v -0.255276 0.157235 -0.475793
v -0.288124 0.157235 -0.459666
v -0.305219 0.157235 -0.427311
v -0.300031 0.157235 -0.391086
v -0.274543 0.157235 -0.364830
v -0.198390 0.157235 0.798515
v -0.190495 0.157235 0.762783
v -0.250429 0.134902 0.773222
v -0.205110 0.157235 0.729235
v -0.236653 0.157235 0.710684
v -0.273076 0.157235 0.714217
v -0.300466 0.157235 0.738484
v -0.308362 0.157235 0.774216
v -0.293747 0.157235 0.807764
v -0.262203 0.157235 0.826315
v -0.225780 0.157235 0.822782
v 0.017080 -0.255299 0.172152
v 0.010006 -0.252817 0.230719
v 0.103749 -0.235084 0.211527
v 0.038739 -0.250634 0.282254
v 0.092303 -0.249582 0.307074
v 0.150239 -0.250064 0.295698
v 0.179960 -0.249962 0.247534
v 0.186180 -0.252144 0.196034
v 0.160915 -0.254064 0.150717
v 0.113813 -0.254989 0.128892
v 0.062868 -0.254565 0.138895
v -0.217900 -0.347843 0.656761
v -0.207289 -0.365026 0.652001
v -0.198346 -0.345991 0.649826
v -0.260360 0.249528 -0.431253
v -0.253966 0.273750 -0.421043
v -0.252678 0.246421 -0.417821
v -0.259357 0.249509 -0.431831
v -0.253030 0.273732 -0.421583
v -0.237613 0.221415 0.775540
v -0.247500 0.240858 0.772448
v -0.249555 0.218528 0.771765
v -0.237897 0.221415 0.776439
v -0.247765 0.240858 0.773287
v -0.280379 -0.143508 0.057785
v -0.447121 0.289251 0.213800
v -0.447121 0.204889 0.387581
v -0.573651 0.204889 0.387581
v -0.573651 0.289251 0.213800
v -0.447121 -0.424651 0.063948
v -0.573651 -0.424651 0.063948
v -0.573651 -0.424651 0.373407
v -0.447121 -0.424651 0.373407
v -0.447121 0.394635 0.659021
v -0.330770 -0.178231 0.831348
v -0.330770 -0.107814 0.831348
v -0.187438 -0.109959 0.831657
v -0.185947 -0.159735 0.834241
v -0.330770 -0.107814 0.831348
v -0.335768 -0.107814 0.896390
v -0.192972 -0.109959 0.903666
v -0.187438 -0.109959 0.831657
v -0.335768 -0.178231 0.896390
v -0.330770 -0.178231 0.831348
v -0.185947 -0.159735 0.834241
v -0.191091 -0.159735 0.901172
v 0.073168 -0.125340 0.907863
v 0.079190 -0.125340 0.829500
v 0.075552 -0.176019 0.830864
v 0.069755 -0.176019 0.906312
v 0.079190 -0.125340 0.829500
v 0.075552 -0.176019 0.830864
v 0.359678 -0.109841 0.826592
v 0.352998 -0.109841 0.913523
v 0.502730 -0.102063 0.910707
v 0.510377 -0.102063 0.823575
v 0.349125 -0.161739 0.826311
v 0.510377 -0.180890 0.823575
v 0.502730 -0.180890 0.910707
v 0.342445 -0.161739 0.913242
v 0.359678 -0.109841 0.826592
v 0.510377 -0.102063 0.823575
v 0.510377 -0.180890 0.823575
v 0.349125 -0.161739 0.826311
v 0.473809 0.427349 0.811618
v 0.293424 0.407084 0.811618
v 0.293424 0.407084 0.901722
v 0.473809 0.427349 0.901722
v 0.473809 0.343918 0.811618
v 0.473809 0.343918 0.901722
v 0.293424 0.323653 0.901722
v 0.293424 0.323653 0.811618
v 0.058102 0.427349 0.811618
v 0.058102 0.427349 0.901722
v 0.058102 0.343918 0.901722
v 0.058102 0.343918 0.811618
v -0.157246 0.412150 0.811618
v -0.157246 0.412150 0.901722
v -0.157246 0.328719 0.901722
v -0.157246 0.328719 0.811618
v -0.300480 0.427349 0.811618
v -0.300480 0.427349 0.901722
v -0.300480 0.343918 0.901722
v -0.300480 0.343918 0.811618
v -0.347241 -0.038016 0.273293
v -0.343686 -0.058559 0.288728
v -0.349514 -0.052875 0.298185
v -0.356623 -0.030292 0.289100
v -0.356623 -0.030292 0.289100
v -0.349514 -0.052875 0.298185
v -0.343686 -0.047191 0.307641
v -0.347241 -0.022567 0.304908
v -0.328476 -0.022567 0.304908
v -0.332030 -0.047191 0.307641
v -0.326202 -0.052875 0.298185
v -0.319093 -0.030292 0.289100
v -0.319093 -0.030292 0.289100
v -0.326202 -0.052875 0.298185
v -0.332030 -0.058559 0.288728
v -0.328476 -0.038016 0.273293
v -0.347241 -0.022567 0.304908
v -0.337435 -0.184716 0.300382
v -0.331314 -0.167064 0.297903
v -0.331314 -0.172941 0.325353
v -0.337435 -0.189654 0.331378
v -0.337435 -0.164589 0.374294
v -0.331314 -0.147774 0.363681
v -0.331314 -0.122219 0.374749
v -0.337435 -0.130643 0.388604
v -0.331314 -0.161245 0.346370
v -0.337435 -0.180179 0.355684
v -0.321455 -0.134312 0.333119
v -0.330610 -0.088391 0.311916
v -0.337435 -0.172490 0.270455
v -0.331314 -0.158167 0.275314
v -0.331314 -0.098410 0.378111
v -0.337435 -0.095369 0.391809
v -0.324990 -0.102737 0.358625
v -0.337435 -0.184716 0.300382
v -0.337435 -0.189654 0.331378
v -0.343555 -0.172941 0.325353
v -0.343555 -0.167064 0.297903
v -0.337435 -0.164589 0.374294
v -0.337435 -0.130643 0.388604
v -0.343555 -0.122219 0.374749
v -0.343555 -0.147774 0.363681
v -0.337435 -0.180179 0.355684
v -0.343555 -0.161245 0.346370
v -0.353414 -0.134312 0.333119
v -0.344259 -0.088391 0.311916
v -0.343555 -0.158167 0.275314
v -0.337435 -0.172490 0.270455
v -0.337435 -0.095369 0.391809
v -0.343555 -0.098410 0.378111
v -0.349879 -0.102737 0.358625
v -0.353414 -0.131532 0.299034
v -0.344259 -0.099383 0.292176
v -0.330610 -0.099383 0.292176
v -0.321455 -0.131532 0.299034
v -0.349879 -0.149356 0.288927
v -0.324990 -0.149356 0.288927
v -0.349879 -0.102737 0.358625
v -0.324990 -0.102737 0.358625
v -0.351836 -0.170004 0.051554
v -0.337563 -0.179881 0.053084
v -0.337563 -0.027272 0.342765
v -0.321615 -0.037529 0.346463
v -0.328314 -0.051564 0.331830
v -0.337563 -0.045166 0.330826
v -0.321615 -0.037529 0.346463
v -0.321615 -0.058043 0.353857
v -0.328314 -0.064361 0.333840
v -0.328314 -0.051564 0.331830
v -0.321615 -0.058043 0.353857
v -0.337563 -0.068299 0.357554
v -0.337563 -0.070758 0.334844
v -0.328314 -0.064361 0.333840
v -0.337563 -0.068299 0.357554
v -0.353511 -0.058043 0.353857
v -0.346812 -0.064360 0.333840
v -0.337563 -0.070758 0.334844
v -0.353511 -0.058043 0.353857
v -0.353511 -0.037529 0.346463
v -0.346812 -0.051564 0.331830
v -0.346812 -0.064360 0.333840
v -0.353511 -0.037529 0.346463
v -0.337563 -0.027272 0.342765
v -0.337563 -0.045166 0.330826
v -0.346812 -0.051564 0.331830
v -0.337563 -0.044916 0.296235
v -0.313826 -0.054467 0.299754
v -0.322398 -0.081148 0.274481
v -0.337563 -0.072611 0.268940
v -0.313826 -0.054467 0.299754
v -0.313826 -0.091505 0.315572
v -0.322398 -0.098223 0.285563
v -0.322398 -0.081148 0.274481
v -0.313826 -0.091505 0.315572
v -0.337563 -0.101056 0.319092
v -0.337563 -0.106760 0.291104
v -0.322398 -0.098223 0.285563
v -0.337563 -0.101056 0.319092
v -0.361301 -0.091505 0.315572
v -0.352729 -0.098223 0.285563
v -0.337563 -0.106760 0.291104
v -0.361301 -0.091505 0.315572
v -0.361301 -0.054467 0.299754
v -0.352729 -0.081148 0.274481
v -0.352729 -0.098223 0.285563
v -0.361301 -0.054467 0.299754
v -0.337563 -0.044916 0.296235
v -0.337563 -0.072611 0.268940
v -0.352729 -0.081148 0.274481
v -0.337563 -0.114302 0.191878
v -0.325649 -0.122547 0.193155
v -0.327229 -0.128964 0.162640
v -0.337563 -0.121812 0.161532
v -0.325649 -0.122547 0.193155
v -0.325649 -0.139037 0.195709
v -0.327229 -0.143268 0.164856
v -0.327229 -0.128964 0.162640
v -0.325649 -0.139037 0.195709
v -0.337563 -0.147282 0.196986
v -0.337563 -0.150420 0.165963
v -0.327229 -0.143268 0.164856
v -0.337563 -0.147282 0.196986
v -0.349478 -0.139037 0.195709
v -0.347898 -0.143268 0.164856
v -0.337563 -0.150420 0.165963
v -0.349478 -0.139037 0.195709
v -0.349478 -0.122547 0.193155
v -0.347898 -0.128964 0.162640
v -0.347898 -0.143268 0.164856
v -0.349478 -0.122547 0.193155
v -0.337563 -0.114302 0.191878
v -0.337563 -0.121812 0.161532
v -0.347898 -0.128964 0.162640
v -0.325376 -0.153229 0.122576
v -0.317597 -0.166961 0.082352
v -0.317635 -0.139290 0.078385
v -0.325404 -0.136335 0.120192
v -0.325376 -0.153229 0.122576
v -0.337563 -0.161698 0.123769
v -0.337563 -0.180826 0.084337
v -0.317597 -0.166961 0.082352
v -0.337563 -0.161698 0.123769
v -0.349750 -0.153229 0.122576
v -0.357530 -0.166960 0.082352
v -0.337563 -0.180826 0.084337
v -0.349750 -0.153229 0.122576
v -0.349723 -0.136335 0.120192
v -0.357492 -0.139290 0.078385
v -0.357530 -0.166960 0.082352
v -0.349723 -0.136335 0.120192
v -0.337563 -0.127924 0.119002
v -0.337563 -0.125504 0.076406
v -0.357492 -0.139290 0.078385
v -0.337563 -0.127924 0.119002
v -0.325404 -0.136335 0.120192
v -0.317635 -0.139290 0.078385
v -0.337563 -0.125504 0.076406
v -0.328314 -0.084479 0.276643
v -0.328314 -0.094892 0.283401
v -0.326740 -0.118717 0.254144
v -0.326740 -0.105224 0.248040
v -0.328314 -0.094892 0.283401
v -0.337563 -0.100099 0.286781
v -0.337563 -0.125464 0.257195
v -0.326740 -0.118717 0.254144
v -0.337563 -0.100099 0.286781
v -0.346812 -0.094892 0.283401
v -0.348386 -0.118717 0.254144
v -0.337563 -0.125464 0.257195
v -0.346812 -0.094892 0.283401
v -0.346812 -0.084479 0.276643
v -0.348386 -0.105224 0.248040
v -0.348386 -0.118717 0.254144
v -0.346812 -0.084479 0.276643
v -0.337563 -0.079272 0.273264
v -0.337563 -0.098477 0.244989
v -0.348386 -0.105224 0.248040
v -0.328314 -0.084479 0.276643
v -0.326740 -0.105224 0.248040
v -0.337563 -0.098477 0.244989
v -0.337563 -0.079272 0.273264
v -0.337563 -0.070758 0.334844
v -0.322398 -0.047472 0.331188
v -0.322398 -0.068453 0.334482
v -0.322398 -0.068453 0.334482
v -0.337563 -0.078943 0.336129
v -0.337563 -0.078943 0.336129
v -0.352729 -0.068453 0.334482
v -0.352729 -0.068453 0.334482
v -0.352729 -0.047472 0.331188
v -0.352729 -0.047472 0.331188
v -0.337563 -0.036981 0.329540
v -0.322398 -0.047472 0.331188
v -0.337563 -0.036981 0.329540
v -0.320009 -0.051258 0.365763
v -0.320009 -0.029373 0.355864
v -0.337563 -0.062200 0.370713
v -0.320009 -0.051258 0.365763
v -0.355117 -0.051258 0.365763
v -0.337563 -0.062200 0.370713
v -0.355117 -0.029373 0.355864
v -0.355117 -0.051258 0.365763
v -0.355117 -0.029373 0.355864
v -0.337563 -0.018430 0.350915
v -0.320009 -0.029373 0.355864
v -0.337563 -0.018430 0.350915
v -0.323999 -0.162933 0.079692
v -0.337563 -0.134773 0.075330
v -0.337563 -0.130149 0.055717
v -0.323006 -0.126578 0.159605
v -0.327229 -0.128964 0.162640
v -0.327229 -0.143268 0.164856
v -0.322966 -0.146819 0.162402
v -0.317635 -0.139290 0.078385
v -0.317597 -0.166961 0.082352
v -0.323999 -0.162933 0.079692
v -0.323999 -0.144159 0.076784
v -0.337563 -0.150420 0.165963
v -0.337563 -0.156973 0.163802
v -0.337563 -0.180826 0.084337
v -0.337563 -0.172320 0.081146
v -0.337563 -0.156973 0.163802
v -0.337563 -0.150420 0.165963
v -0.347898 -0.143268 0.164856
v -0.352161 -0.146819 0.162402
v -0.337563 -0.180826 0.084337
v -0.357530 -0.166960 0.082352
v -0.351127 -0.162933 0.079692
v -0.337563 -0.172320 0.081146
v -0.347898 -0.128964 0.162640
v -0.352120 -0.126578 0.159605
v -0.357492 -0.139290 0.078385
v -0.351127 -0.144159 0.076784
v -0.337563 -0.121812 0.161532
v -0.337563 -0.116509 0.158210
v -0.337563 -0.125504 0.076406
v -0.337563 -0.134773 0.075330
v -0.328351 -0.117957 0.218433
v -0.328351 -0.130136 0.221864
v -0.328351 -0.130136 0.221864
v -0.337563 -0.136225 0.223579
v -0.337563 -0.136225 0.223579
v -0.346776 -0.130136 0.221864
v -0.346776 -0.130136 0.221864
v -0.346776 -0.117957 0.218433
v -0.346776 -0.117957 0.218433
v -0.337563 -0.111868 0.216718
v -0.337563 -0.111868 0.216718
v -0.328351 -0.117957 0.218433
v -0.323006 -0.126578 0.159605
v -0.322966 -0.146819 0.162402
v -0.322966 -0.146819 0.162402
v -0.337563 -0.156973 0.163802
v -0.337563 -0.156973 0.163802
v -0.352161 -0.146819 0.162402
v -0.352161 -0.146819 0.162402
v -0.352120 -0.126578 0.159605
v -0.352120 -0.126578 0.159605
v -0.337563 -0.116509 0.158210
v -0.337563 -0.116509 0.158210
v -0.323006 -0.126578 0.159605
v -0.320009 -0.051258 0.365763
v -0.320009 -0.029373 0.355864
v -0.281039 -0.259388 0.298166
v -0.281039 -0.224831 0.298166
v -0.281039 -0.224831 0.298166
v -0.276384 -0.233349 0.223985
v -0.380872 -0.233349 0.230039
v -0.386786 -0.224831 0.298166
v -0.386786 -0.224831 0.298166
v -0.386786 -0.259388 0.298166
v -0.281929 -0.234430 0.178339
v -0.386786 -0.234430 0.171929
v -0.386786 -0.225321 0.126455
v -0.386786 -0.259878 0.126455
v -0.281039 -0.259878 0.126455
v -0.281039 -0.225321 0.126455
v -0.281039 -0.225321 0.126455
v -0.386786 -0.225321 0.126455
v -0.274017 -0.208948 0.339539
v -0.274017 -0.208948 0.339539
v -0.273006 -0.217595 0.292113
v -0.325500 -0.217595 0.297811
v -0.325500 -0.208948 0.336334
v -0.273006 -0.265645 0.292113
v -0.325500 -0.265645 0.297811
v -0.325500 -0.217595 0.297811
v -0.273006 -0.217595 0.292113
v -0.325500 -0.265645 0.336334
v -0.274017 -0.265645 0.339539
v -0.274017 -0.208948 0.339539
v -0.325500 -0.208948 0.336334
v -0.394483 -0.265645 0.340607
v -0.394483 -0.208948 0.340607
v -0.395157 -0.265645 0.288552
v -0.395157 -0.217595 0.288552
v -0.395157 -0.217595 0.288552
v -0.394483 -0.208948 0.340607
v -0.272669 -0.217595 0.131154
v -0.274354 -0.211470 0.088314
v -0.333398 -0.211470 0.095437
v -0.331039 -0.217595 0.126524
v -0.397516 -0.211470 0.090451
v -0.274354 -0.265645 0.088002
v -0.333398 -0.265645 0.095124
v -0.333398 -0.211470 0.095437
v -0.274354 -0.211470 0.088314
v -0.331039 -0.265645 0.126524
v -0.272669 -0.265645 0.131154
v -0.272669 -0.217595 0.131154
v -0.331039 -0.217595 0.126524
v -0.397516 -0.211470 0.090451
v -0.393471 -0.217595 0.130086
v -0.393471 -0.265645 0.130086
v -0.393471 -0.217595 0.130086
v -0.397516 -0.265645 0.090138
v -0.397516 -0.211470 0.090451
v -0.321874 -0.233038 0.266899
v -0.321874 -0.235253 0.236603
v -0.326325 -0.194089 0.245986
v -0.326325 -0.193158 0.260746
v -0.321874 -0.235253 0.236603
v -0.352860 -0.235253 0.236603
v -0.348409 -0.194089 0.245986
v -0.326325 -0.194089 0.245986
v -0.352860 -0.233038 0.266899
v -0.321874 -0.233038 0.266899
v -0.326325 -0.193158 0.260746
v -0.348409 -0.193158 0.260746
v -0.326348 -0.146957 0.240397
v -0.326348 -0.146957 0.264043
v -0.326348 -0.146957 0.264043
v -0.348387 -0.146957 0.264043
v -0.348387 -0.146957 0.240397
v -0.326348 -0.146957 0.240397
v -0.322968 -0.122600 0.268080
v -0.322968 -0.149509 0.234639
v -0.348988 -0.149509 0.234639
v -0.348988 -0.135511 0.228867
v -0.322968 -0.135511 0.228867
v -0.322968 -0.179636 0.170746
v -0.321874 -0.234186 0.166877
v -0.321874 -0.230228 0.138280
v -0.326325 -0.200909 0.139557
v -0.326325 -0.200348 0.156319
v -0.321874 -0.230228 0.138280
v -0.352860 -0.230228 0.138280
v -0.348409 -0.200909 0.139557
v -0.326325 -0.200909 0.139557
v -0.326348 -0.175310 0.134977
v -0.326348 -0.172958 0.166832
v -0.348387 -0.175310 0.134977
v -0.326348 -0.175310 0.134977
v -0.326325 -0.200348 0.156319
v -0.326348 -0.172958 0.166832
v -0.348387 -0.172958 0.166832
v -0.348409 -0.200348 0.156319
v -0.352860 -0.234186 0.166877
v -0.321874 -0.234186 0.166877
v -0.408631 -0.073977 0.081490
v -0.408631 -0.080963 0.029835
v -0.417825 -0.035006 0.035841
v -0.417825 -0.034194 0.078816
v -0.408631 -0.080963 0.029835
v -0.460344 -0.074048 0.029835
v -0.460407 -0.032932 0.035841
v -0.417825 -0.035006 0.035841
v -0.460344 -0.067061 0.081490
v -0.408631 -0.073977 0.081490
v -0.417825 -0.034194 0.078816
v -0.460407 -0.032119 0.078816
v -0.409266 0.023036 0.025469
v -0.409266 0.015680 0.089713
v -0.409266 0.015680 0.089713
v -0.460364 0.005307 0.089713
v -0.460364 0.012662 0.025469
v -0.409266 0.023036 0.025469
v -0.418841 -0.268897 0.359827
v -0.448062 -0.268897 0.359827
v -0.448062 -0.017103 0.365637
v -0.418841 -0.017103 0.365637
v -0.448062 -0.268498 0.403169
v -0.418841 -0.268498 0.403169
v -0.418841 -0.019029 0.399095
v -0.448062 -0.019029 0.399095
v -0.418841 0.194950 0.400934
v -0.448062 0.194950 0.400934
v -0.448062 0.199384 0.359642
v -0.418841 0.199384 0.359642
v -0.420734 -0.266378 0.082178
v -0.420734 -0.266378 0.082178
v -0.420734 -0.023848 0.071315
v -0.449955 -0.023848 0.071315
v -0.449955 -0.266378 0.082178
v -0.449955 -0.265979 0.038517
v -0.449955 -0.026043 0.044165
v -0.420734 -0.026043 0.044165
v -0.420734 -0.265979 0.038517
v -0.449955 0.194950 0.034641
v -0.420734 0.194950 0.034641
v -0.420734 0.199384 0.075933
v -0.449955 0.199384 0.075933
v -0.408631 -0.074094 0.361562
v -0.417825 -0.034311 0.364236
v -0.417825 -0.035124 0.407210
v -0.408631 -0.081081 0.413217
v -0.408631 -0.081081 0.413217
v -0.417825 -0.035124 0.407210
v -0.460407 -0.033049 0.407210
v -0.460344 -0.074165 0.413217
v -0.460344 -0.067178 0.361562
v -0.460407 -0.032237 0.364236
v -0.417825 -0.034311 0.364236
v -0.408631 -0.074094 0.361562
v -0.409266 0.015563 0.353339
v -0.409266 0.022919 0.417583
v -0.460364 0.005189 0.353339
v -0.409266 0.015563 0.353339
v -0.409266 0.022919 0.417583
v -0.460364 0.012545 0.417583
v 0.588718 -0.418344 -0.134312
v 0.631482 -0.416275 -0.056863
v 0.631916 -0.415923 -0.231660
v 0.581104 -0.397684 -0.237757
v 0.631554 -0.422994 -0.299953
v 0.574975 -0.400405 -0.309743
v 0.725379 -0.427002 -0.439257
v 0.685266 -0.425118 -0.373526
v 0.461600 -0.427844 -0.485771
v 0.441820 -0.398717 -0.440458
v 0.428120 -0.395075 -0.353695
v 0.415274 -0.386928 -0.273538
v 0.396565 -0.381237 -0.154649
v 0.377371 -0.414987 -0.025821
v 0.219986 -0.418521 -0.163268
v 0.154045 -0.416721 -0.102154
v 0.184580 -0.416008 -0.074509
v 0.200713 -0.421854 -0.285950
v 0.243517 -0.403312 -0.278741
v 0.216612 -0.423642 -0.348707
v 0.274236 -0.405396 -0.345531
v 0.180606 -0.427565 -0.492845
v 0.187996 -0.425969 -0.434650
v 0.441820 -0.398717 -0.440458
v 0.461600 -0.427844 -0.485771
v 0.415274 -0.386928 -0.273538
v 0.428120 -0.395075 -0.353695
v 0.396565 -0.381237 -0.154649
v 0.377371 -0.414987 -0.025821
v 0.741905 -0.532144 0.936373
v -0.411461 0.290717 0.466023
v -0.448569 0.188097 0.091871
v -0.448569 0.190241 0.013100
v -0.411461 0.190241 0.013100
v -0.411461 0.188097 0.091871
v -0.448569 0.190241 0.013100
v -0.448569 0.251063 0.002922
v -0.411461 0.251063 0.002922
v -0.411461 0.190241 0.013100
v -0.448569 0.301798 -0.039661
v -0.411461 0.301798 -0.039661
v -0.448569 0.322579 -0.035114
v -0.448569 0.326141 0.005496
v -0.411461 0.326141 0.005496
v -0.411461 0.322579 -0.035114
v -0.448569 0.350742 0.031584
v -0.411461 0.350742 0.031584
v -0.448569 0.262766 0.215864
v -0.411461 0.262766 0.215864
v -0.448569 0.184148 0.416183
v -0.448569 0.192273 0.338361
v -0.411461 0.192273 0.338361
v -0.411461 0.184148 0.416183
v -0.448569 0.251119 0.429152
v -0.448569 0.184148 0.416183
v -0.411461 0.184148 0.416183
v -0.411461 0.251119 0.429152
v -0.448569 0.245545 0.386292
v -0.448569 0.275149 0.388901
v -0.411461 0.275149 0.388901
v -0.411461 0.245545 0.386292
v -0.448569 0.320743 0.427892
v -0.448569 0.312822 0.462411
v -0.411461 0.312822 0.462411
v -0.411461 0.320743 0.427892
v -0.448569 0.290717 0.466023
v -0.411461 0.290717 0.466023
v -0.448569 0.348352 0.381836
v -0.411461 0.348352 0.381836
v -0.448569 0.262766 0.215864
v -0.411461 0.262766 0.215864
v -0.448569 0.329852 0.214949
v -0.448569 0.236694 0.337093
v -0.411461 0.236694 0.337093
v -0.411461 0.329852 0.214949
v -0.427058 -0.031377 0.204996
v -0.499039 0.144607 0.212566
v -0.495826 0.144644 0.215201
v -0.481623 0.131862 0.204550
v -0.490260 0.131724 0.196063
v -0.494319 0.144728 0.218796
v -0.477960 0.132154 0.216487
v -0.494862 0.144838 0.222528
v -0.480110 0.132533 0.229141
v -0.497331 0.144951 0.225541
v -0.487580 0.132913 0.239612
v -0.501159 0.145040 0.227146
v -0.498659 0.133205 0.245501
v -0.505471 0.145085 0.226974
v -0.510809 0.133344 0.245460
v -0.509279 0.145076 0.225065
v -0.521246 0.133298 0.239497
v -0.511709 0.145014 0.221857
v -0.527581 0.133076 0.228980
v -0.512206 0.144914 0.218084
v -0.528360 0.132731 0.216316
v -0.512206 0.144914 0.218084
v -0.510655 0.144799 0.214611
v -0.523407 0.132340 0.204408
v -0.528360 0.132731 0.216316
v -0.507412 0.144695 0.212233
v -0.513855 0.131994 0.195983
v -0.503220 0.144626 0.211495
v -0.501892 0.131772 0.192972
v -0.472487 0.117450 0.198424
v -0.484811 0.117253 0.186314
v -0.467260 0.117867 0.215457
v -0.470327 0.118408 0.233513
v -0.480986 0.118950 0.248454
v -0.496795 0.119367 0.256857
v -0.514132 0.119566 0.256798
v -0.529026 0.119499 0.248291
v -0.538064 0.119183 0.233283
v -0.539176 0.118690 0.215213
v -0.532108 0.118132 0.198221
v -0.539176 0.118690 0.215213
v -0.518478 0.117638 0.186200
v -0.501409 0.117321 0.181902
v -0.465189 0.098998 0.193635
v -0.480484 0.098754 0.178606
v -0.458701 0.099516 0.214775
v -0.462508 0.100187 0.237183
v -0.475737 0.100859 0.255726
v -0.495357 0.101378 0.266155
v -0.516873 0.101624 0.266082
v -0.535358 0.101541 0.255523
v -0.546575 0.101149 0.236897
v -0.547956 0.100537 0.214472
v -0.539183 0.099845 0.193383
v -0.547956 0.100537 0.214472
v -0.522267 0.099232 0.178464
v -0.501083 0.098838 0.173131
v -0.460149 0.078094 0.190450
v -0.477526 0.077816 0.173375
v -0.452778 0.078681 0.214468
v -0.457103 0.079444 0.239927
v -0.472132 0.080208 0.260994
v -0.494423 0.080797 0.272843
v -0.518869 0.081076 0.272760
v -0.539870 0.080983 0.260764
v -0.552614 0.080537 0.239602
v -0.554182 0.079841 0.214124
v -0.544216 0.079055 0.190165
v -0.554182 0.079841 0.214124
v -0.524997 0.078359 0.173214
v -0.500930 0.077912 0.167155
v -0.457622 0.059992 0.188969
v -0.476072 0.059697 0.170840
v -0.449797 0.060616 0.214469
v -0.454388 0.061426 0.241498
v -0.470345 0.062236 0.263865
v -0.494011 0.062861 0.276445
v -0.519966 0.063158 0.276357
v -0.542262 0.063059 0.263621
v -0.555793 0.062586 0.241154
v -0.557458 0.061847 0.214103
v -0.546876 0.061013 0.188666
v -0.557458 0.061847 0.214103
v -0.526472 0.060273 0.170669
v -0.500919 0.059799 0.164236
v -0.448282 0.083416 0.239212
v -0.445048 0.059718 0.240897
v -0.442980 0.058624 0.202685
v -0.446340 0.082389 0.203325
v -0.452587 0.104241 0.205550
v -0.454235 0.105113 0.236008
v -0.461744 0.123524 0.207879
v -0.463093 0.124237 0.232794
v -0.473494 0.139099 0.209419
v -0.474635 0.139703 0.230511
v -0.486844 0.149143 0.210011
v -0.487893 0.149698 0.229402
v -0.502162 0.153103 0.210138
v -0.503183 0.153643 0.229008
v -0.517902 0.149802 0.209923
v -0.518949 0.150356 0.229266
v -0.531981 0.139670 0.209218
v -0.533123 0.140274 0.230319
v -0.543663 0.124240 0.207596
v -0.545012 0.124954 0.232531
v -0.552785 0.105048 0.205191
v -0.554436 0.105922 0.235701
v -0.559070 0.083311 0.202929
v -0.561014 0.084340 0.238858
v -0.562516 0.059404 0.202276
v -0.564585 0.060499 0.240519
v -0.502403 0.143087 0.211059
v -0.502162 0.153103 0.210138
v -0.503348 0.143587 0.228508
v -0.503183 0.153643 0.229008
v -0.526710 0.002596 0.141139
v -0.564217 0.003306 0.163840
v -0.551633 0.059607 0.174589
v -0.521847 0.059044 0.156562
v -0.585345 0.004507 0.202245
v -0.568412 0.060561 0.205089
v -0.584433 0.005877 0.246066
v -0.567687 0.061649 0.239888
v -0.561724 0.007050 0.283560
v -0.549653 0.062581 0.269663
v -0.561724 0.007050 0.283560
v -0.523304 0.007710 0.304680
v -0.519142 0.063105 0.286436
v -0.549653 0.062581 0.269663
v -0.479467 0.007682 0.303768
v -0.484330 0.063082 0.285712
v -0.441960 0.006972 0.281067
v -0.454544 0.062519 0.267684
v -0.420832 0.005771 0.242662
v -0.437765 0.061565 0.237185
v -0.421744 0.004401 0.198841
v -0.438490 0.060477 0.202385
v -0.444453 0.003228 0.161347
v -0.456523 0.059546 0.172610
v -0.482873 0.002568 0.140227
v -0.487034 0.059021 0.155837
v -0.390863 0.139117 -0.157035
v -0.379384 0.140207 -0.154835
v -0.374701 0.129310 -0.160373
v -0.384889 0.125217 -0.164100
v -0.394361 0.145427 -0.142764
v -0.382127 0.145154 -0.143647
v -0.393748 0.141193 -0.127965
v -0.381645 0.141835 -0.132046
v -0.389309 0.128397 -0.119563
v -0.378165 0.131804 -0.125459
v -0.383121 0.113027 -0.121489
v -0.373315 0.119754 -0.126969
v -0.378081 0.102273 -0.132841
v -0.369364 0.111324 -0.135869
v -0.376547 0.101169 -0.148309
v -0.368161 0.110458 -0.147994
v -0.379235 0.110230 -0.160654
v -0.370268 0.117562 -0.157672
v -0.374701 0.129310 -0.160373
v -0.372968 0.136212 -0.147652
v -0.370894 0.131384 -0.150106
v -0.374183 0.138403 -0.142696
v -0.368529 0.123416 -0.139250
v -0.367996 0.123032 -0.144622
v -0.370268 0.117562 -0.157672
v -0.368930 0.126179 -0.148909
v -0.386589 0.112293 -0.248640
v -0.408036 0.159420 -0.237709
v -0.383103 0.172974 -0.239527
v -0.361655 0.125848 -0.250458
v -0.426097 0.201170 -0.210407
v -0.401163 0.214725 -0.212225
v -0.437540 0.235695 -0.154910
v -0.411237 0.238739 -0.150466
v -0.437540 0.235695 -0.154910
v -0.440289 0.219768 -0.122240
v -0.412666 0.228032 -0.120080
v -0.411237 0.238739 -0.150466
v -0.429935 0.227732 -0.079444
v -0.411003 0.225065 -0.086946
v -0.429935 0.227732 -0.079444
v -0.418209 0.162059 -0.036543
v -0.388293 0.178005 -0.042088
v -0.411003 0.225065 -0.086946
v -0.394157 0.101923 -0.032554
v -0.369223 0.115478 -0.034371
v -0.371245 0.058196 -0.054021
v -0.350460 0.078526 -0.060640
v -0.365383 0.035492 -0.076802
v -0.340449 0.049047 -0.078619
v -0.362129 0.007251 -0.123128
v -0.337195 0.020806 -0.124946
v -0.354648 0.022212 -0.195686
v -0.329714 0.035767 -0.197504
v -0.367637 0.058593 -0.232596
v -0.342704 0.072148 -0.234414
v -0.361655 0.125848 -0.250458
v -0.383103 0.172974 -0.239527
v -0.382137 0.168801 -0.223729
v -0.363011 0.127416 -0.234475
v -0.401163 0.214725 -0.212225
v -0.396219 0.201356 -0.202441
v -0.411237 0.238739 -0.150466
v -0.409818 0.216890 -0.150417
v -0.412666 0.228032 -0.120080
v -0.402661 0.209742 -0.128402
v -0.411003 0.225065 -0.086946
v -0.404339 0.209363 -0.094376
v -0.388293 0.178005 -0.042088
v -0.394160 0.168288 -0.061415
v -0.369223 0.115478 -0.034371
v -0.370636 0.120978 -0.052113
v -0.350460 0.078526 -0.060640
v -0.361731 0.090335 -0.071442
v -0.340449 0.049047 -0.078619
v -0.344513 0.060367 -0.089620
v -0.337195 0.020806 -0.124946
v -0.345247 0.041222 -0.128824
v -0.329714 0.035767 -0.197504
v -0.337555 0.053908 -0.185802
v -0.342704 0.072148 -0.234414
v -0.347283 0.082068 -0.221556
v -0.363011 0.127416 -0.234475
v -0.382137 0.168801 -0.223729
v -0.395875 0.161333 -0.222727
v -0.376749 0.119947 -0.233474
v -0.396219 0.201356 -0.202441
v -0.409958 0.193887 -0.201439
v -0.409818 0.216890 -0.150417
v -0.424311 0.215213 -0.152866
v -0.409818 0.216890 -0.150417
v -0.402661 0.209742 -0.128402
v -0.416400 0.202273 -0.127401
v -0.424311 0.215213 -0.152866
v -0.404339 0.209363 -0.094376
v -0.418078 0.201894 -0.093374
v -0.404339 0.209363 -0.094376
v -0.394160 0.168288 -0.061415
v -0.403129 0.160947 -0.059103
v -0.418078 0.201894 -0.093374
v -0.370636 0.120978 -0.052113
v -0.384375 0.113509 -0.051111
v -0.361731 0.090335 -0.071442
v -0.373184 0.079133 -0.067795
v -0.344513 0.060367 -0.089620
v -0.358251 0.052898 -0.088618
v -0.345247 0.041222 -0.128824
v -0.358985 0.033753 -0.127822
v -0.337555 0.053908 -0.185802
v -0.351293 0.046439 -0.184800
v -0.347283 0.082068 -0.221556
v -0.361022 0.074599 -0.220555
v -0.315313 -0.057779 -0.365691
v -0.321318 0.073420 -0.365691
v -0.321326 0.073433 -0.320569
v -0.315313 -0.057779 -0.315817
v -0.334654 0.183812 -0.357971
v -0.334654 0.183812 -0.318279
v -0.290416 0.304851 -0.329095
v -0.290416 0.275080 -0.291588
v -0.244261 0.400604 -0.266698
v -0.242863 0.359735 -0.231599
v -0.244261 0.400604 -0.266698
v -0.176609 0.476321 -0.157880
v -0.176609 0.423599 -0.143920
v -0.242863 0.359735 -0.231599
v -0.458150 -0.057779 -0.315817
v -0.315313 -0.057779 -0.315817
v -0.321326 0.073433 -0.320569
v -0.458123 0.073433 -0.320569
v -0.458123 0.073420 -0.365691
v -0.321318 0.073420 -0.365691
v -0.315313 -0.057779 -0.365691
v -0.458150 -0.057779 -0.365691
v -0.334654 0.183812 -0.318279
v -0.458111 0.183812 -0.318279
v -0.458111 0.183812 -0.357971
v -0.334654 0.183812 -0.357971
v -0.290416 0.275080 -0.291588
v -0.458111 0.275080 -0.291588
v -0.458111 0.304851 -0.329095
v -0.290416 0.304851 -0.329095
v -0.242863 0.359735 -0.231599
v -0.458126 0.359735 -0.231599
v -0.458122 0.400604 -0.266698
v -0.244261 0.400604 -0.266698
v -0.458126 0.359735 -0.231599
v -0.242863 0.359735 -0.231599
v -0.176609 0.423599 -0.143920
v -0.458205 0.423599 -0.143920
v -0.458205 0.476321 -0.157880
v -0.176609 0.476321 -0.157880
v -0.244261 0.400604 -0.266698
v -0.458122 0.400604 -0.266698
v -0.458205 0.476321 -0.157880
v -0.458205 0.500385 0.215330
v -0.176609 0.495702 0.215330
v -0.176609 0.476321 -0.157880
v -0.176609 0.476321 -0.157880
v -0.176609 0.495702 0.215330
v -0.176609 0.446234 0.215330
v -0.176609 0.423599 -0.143920
v -0.176609 0.423599 -0.143920
v -0.176609 0.446234 0.215330
v -0.458205 0.432011 0.215330
v -0.458205 0.423599 -0.143920
v -0.315313 -0.057779 0.796351
v -0.315313 -0.057779 0.746477
v -0.321326 0.073433 0.751229
v -0.321318 0.073420 0.796351
v -0.334654 0.183812 0.748939
v -0.334654 0.183812 0.788631
v -0.290416 0.275080 0.722248
v -0.290416 0.304851 0.759755
v -0.238969 0.367057 0.651276
v -0.244178 0.407927 0.686375
v -0.244178 0.407927 0.686375
v -0.238969 0.367057 0.651276
v -0.176609 0.423599 0.574580
v -0.176609 0.476321 0.588540
v -0.458150 -0.057779 0.746477
v -0.458123 0.073433 0.751229
v -0.321326 0.073433 0.751229
v -0.315313 -0.057779 0.746477
v -0.458123 0.073420 0.796351
v -0.458150 -0.057779 0.796351
v -0.315313 -0.057779 0.796351
v -0.321318 0.073420 0.796351
v -0.458111 0.183812 0.748939
v -0.334654 0.183812 0.748939
v -0.458111 0.183812 0.788631
v -0.334654 0.183812 0.788631
v -0.458111 0.275080 0.722248
v -0.290416 0.275080 0.722248
v -0.458111 0.304851 0.759755
v -0.290416 0.304851 0.759755
v -0.458126 0.367057 0.651276
v -0.238969 0.367057 0.651276
v -0.458122 0.407927 0.686375
v -0.244178 0.407927 0.686375
v -0.458126 0.367057 0.651276
v -0.458205 0.423599 0.574580
v -0.176609 0.423599 0.574580
v -0.238969 0.367057 0.651276
v -0.458205 0.476321 0.588540
v -0.458122 0.407927 0.686375
v -0.244178 0.407927 0.686375
v -0.176609 0.476321 0.588540
v -0.458205 0.476321 0.588540
v -0.176609 0.476321 0.588540
v -0.176609 0.476321 0.588540
v -0.176609 0.423599 0.574580
v -0.176609 0.446234 0.215330
v -0.176609 0.423599 0.574580
v -0.458205 0.423599 0.574580
v 0.499370 -0.427852 0.573804
v 0.468167 -0.427852 0.644873
v 0.434727 -0.321849 0.648563
v 0.479455 -0.321849 0.546689
v 0.468167 -0.427852 0.644873
v 0.514114 -0.427852 0.707430
v 0.500589 -0.321849 0.738235
v 0.434727 -0.321849 0.648563
v 0.514114 -0.427852 0.707430
v 0.591263 -0.427852 0.698918
v 0.611179 -0.321849 0.726032
v 0.500589 -0.321849 0.738235
v 0.591263 -0.427852 0.698918
v 0.622466 -0.427852 0.627848
v 0.655906 -0.321849 0.624158
v 0.611179 -0.321849 0.726032
v 0.622466 -0.427852 0.627848
v 0.576519 -0.427852 0.565291
v 0.590044 -0.321849 0.534486
v 0.655906 -0.321849 0.624158
v 0.576519 -0.427852 0.565291
v 0.499370 -0.427852 0.573804
v 0.479455 -0.321849 0.546689
v 0.590044 -0.321849 0.534486
v 0.622466 -0.228412 0.627848
v 0.591263 -0.228412 0.698918
v 0.591263 -0.228412 0.698918
v 0.514114 -0.228412 0.707430
v 0.514114 -0.228412 0.707430
v 0.468167 -0.228412 0.644873
v 0.468167 -0.228412 0.644873
v 0.499370 -0.228412 0.573804
v 0.499370 -0.228412 0.573804
v 0.576519 -0.228412 0.565291
v 0.576519 -0.228412 0.565291
v 0.622466 -0.228412 0.627848
v -0.430337 -0.427852 -0.089372
v -0.361318 -0.427852 -0.053864
v -0.360410 -0.321849 -0.035145
v -0.446095 -0.321849 -0.079226
v -0.361318 -0.427852 -0.053864
v -0.296058 -0.427852 -0.095883
v -0.279393 -0.321849 -0.087310
v -0.360410 -0.321849 -0.035145
v -0.296058 -0.427852 -0.095883
v -0.299817 -0.427852 -0.173409
v -0.284060 -0.321849 -0.183555
v -0.279393 -0.321849 -0.087310
v -0.299817 -0.427852 -0.173409
v -0.368837 -0.427852 -0.208917
v -0.369744 -0.321849 -0.227636
v -0.284060 -0.321849 -0.183555
v -0.368837 -0.427852 -0.208917
v -0.434097 -0.427852 -0.166898
v -0.450762 -0.321849 -0.175471
v -0.369744 -0.321849 -0.227636
v -0.434097 -0.427852 -0.166898
v -0.430337 -0.427852 -0.089372
v -0.446095 -0.321849 -0.079226
v -0.450762 -0.321849 -0.175471
v -0.368836 -0.228412 -0.208917
v -0.299817 -0.228412 -0.173409
v -0.299817 -0.228412 -0.173409
v -0.296058 -0.228412 -0.095883
v -0.296058 -0.228412 -0.095883
v -0.361318 -0.228412 -0.053864
v -0.361318 -0.228412 -0.053864
v -0.430337 -0.228412 -0.089372
v -0.430337 -0.228412 -0.089372
v -0.434097 -0.228412 -0.166898
v -0.434097 -0.228412 -0.166898
v -0.368836 -0.228412 -0.208917
v -0.350648 0.050386 0.495487
v -0.334665 0.051516 0.504774
v -0.329726 0.054340 0.497776
v -0.349579 0.052580 0.488741
v -0.370365 0.058674 0.491801
v -0.368242 0.055215 0.500040
v -0.320842 0.064435 0.560219
v -0.327015 0.068235 0.568311
v -0.322270 0.076783 0.576301
v -0.313394 0.068645 0.561061
v -0.317049 0.060180 0.549166
v -0.310247 0.064367 0.550503
v -0.325201 0.055732 0.519843
v -0.318311 0.058822 0.535424
v -0.307735 0.063961 0.534269
v -0.315653 0.060037 0.514594
v -0.336953 0.056111 0.507394
v -0.328405 0.060816 0.496704
v -0.349579 0.052580 0.488741
v -0.329726 0.054340 0.497776
v -0.326285 0.046409 0.493052
v -0.349658 0.046877 0.483808
v -0.373965 0.052187 0.485738
v -0.370365 0.058674 0.491801
v -0.313394 0.068645 0.561061
v -0.322270 0.076783 0.576301
v -0.319472 0.072225 0.587159
v -0.307422 0.062910 0.564079
v -0.304843 0.059147 0.553898
v -0.310247 0.064367 0.550503
v -0.315653 0.060037 0.514594
v -0.307735 0.063961 0.534269
v -0.300092 0.054592 0.533205
v -0.308154 0.050228 0.512765
v -0.328405 0.060816 0.496704
v -0.322363 0.048162 0.489852
v -0.349658 0.046877 0.483808
v -0.326285 0.046409 0.493052
v -0.327140 0.038126 0.494267
v -0.350569 0.040785 0.484785
v -0.373965 0.052187 0.485738
v -0.375147 0.046981 0.485720
v -0.307422 0.062910 0.564079
v -0.319472 0.072225 0.587159
v -0.320641 0.062549 0.590039
v -0.308011 0.055391 0.565860
v -0.304843 0.059147 0.553898
v -0.305419 0.052053 0.555625
v -0.300092 0.054592 0.533205
v -0.300993 0.044037 0.535163
v -0.309153 0.039681 0.514615
v -0.323707 0.035082 0.491987
v -0.373319 0.038783 0.496154
v -0.375147 0.046981 0.485720
v -0.350569 0.040785 0.484785
v -0.351947 0.036766 0.492304
v -0.327140 0.038126 0.494267
v -0.332869 0.032770 0.502408
v -0.326164 0.050570 0.582037
v -0.316348 0.048754 0.565413
v -0.313042 0.045555 0.554619
v -0.305419 0.052053 0.555625
v -0.309153 0.039681 0.514615
v -0.300993 0.044037 0.535163
v -0.312300 0.036013 0.538778
v -0.321016 0.031615 0.519288
v -0.323707 0.035082 0.491987
v -0.333510 0.026446 0.504225
v -0.351947 0.036766 0.492304
v -0.332869 0.032770 0.502408
v -0.336269 0.040717 0.507137
v -0.351822 0.042486 0.497216
v -0.369719 0.045269 0.502216
v -0.373319 0.038783 0.496154
v -0.316348 0.048754 0.565413
v -0.326164 0.050570 0.582037
v -0.328962 0.055128 0.571179
v -0.322320 0.054490 0.562396
v -0.318446 0.050774 0.551225
v -0.313042 0.045555 0.554619
v -0.321016 0.031615 0.519288
v -0.312300 0.036013 0.538778
v -0.320385 0.045027 0.538342
v -0.327300 0.041815 0.522853
v -0.333510 0.026446 0.504225
v -0.339477 0.039123 0.511112
v -0.368242 0.055215 0.500040
v -0.369719 0.045269 0.502216
v -0.351822 0.042486 0.497216
v -0.350648 0.050386 0.495487
v -0.320842 0.064435 0.560219
v -0.322320 0.054490 0.562396
v -0.328962 0.055128 0.571179
v -0.327015 0.068235 0.568311
v -0.317049 0.060180 0.549166
v -0.318446 0.050774 0.551225
v -0.325201 0.055732 0.519843
v -0.327300 0.041815 0.522853
v -0.320385 0.045027 0.538342
v -0.318311 0.058822 0.535424
v -0.336953 0.056111 0.507394
v -0.339477 0.039123 0.511112
v -0.320643 0.063435 0.547333
v -0.309387 0.070126 0.548761
v -0.322877 0.048396 0.550624
v -0.320643 0.063435 0.547333
v -0.313931 0.039538 0.555455
v -0.322877 0.048396 0.550624
v -0.301320 0.049878 0.556275
v -0.313931 0.039538 0.555455
v -0.300395 0.061283 0.553562
v -0.301320 0.049878 0.556275
v -0.309387 0.070126 0.548761
v -0.300395 0.061283 0.553562
v -0.336953 0.056111 0.507394
v -0.334665 0.051516 0.504774
v -0.336269 0.040717 0.507137
v -0.339477 0.039123 0.511112
v -0.336953 0.056111 0.507394
v -0.328405 0.060816 0.496704
v -0.329726 0.054340 0.497776
v -0.334665 0.051516 0.504774
v -0.322363 0.048162 0.489852
v -0.326285 0.046409 0.493052
v -0.327140 0.038126 0.494267
v -0.323707 0.035082 0.491987
v -0.333510 0.026446 0.504225
v -0.332869 0.032770 0.502408
v -0.320643 0.063435 0.547333
v -0.317049 0.060180 0.549166
v -0.310247 0.064367 0.550503
v -0.309387 0.070126 0.548761
v -0.320643 0.063435 0.547333
v -0.322877 0.048396 0.550624
v -0.318446 0.050774 0.551225
v -0.317049 0.060180 0.549166
v -0.313931 0.039538 0.555455
v -0.313042 0.045555 0.554619
v -0.301320 0.049878 0.556275
v -0.305419 0.052053 0.555625
v -0.304843 0.059147 0.553898
v -0.300395 0.061283 0.553562
v -0.326947 0.036681 0.599122
v -0.349945 0.019132 0.611123
v -0.360427 0.016826 0.586853
v -0.338447 0.033598 0.575383
v -0.349945 0.019132 0.611123
v -0.377886 0.018559 0.622396
v -0.387130 0.016278 0.597627
v -0.360427 0.016826 0.586853
v -0.403282 0.035116 0.629920
v -0.411402 0.032102 0.604818
v -0.419329 0.064367 0.631680
v -0.426738 0.060058 0.606500
v -0.421726 0.098475 0.627203
v -0.429029 0.092655 0.602221
v -0.409832 0.128299 0.617690
v -0.417661 0.121159 0.593129
v -0.386833 0.145848 0.605689
v -0.395681 0.137931 0.581659
v -0.358892 0.146421 0.594415
v -0.368978 0.138479 0.570885
v -0.333496 0.129864 0.586891
v -0.344706 0.122655 0.563694
v -0.317450 0.100613 0.585131
v -0.329370 0.094699 0.562012
v -0.315052 0.066506 0.589608
v -0.327079 0.062102 0.566291
v -0.397269 0.112937 0.506966
v -0.377640 0.100111 0.501155
v -0.388754 0.093051 0.477802
v -0.407352 0.105204 0.483308
v -0.418873 0.112468 0.515687
v -0.427821 0.104760 0.491571
v -0.436663 0.098829 0.524980
v -0.444677 0.091836 0.500376
v -0.445872 0.075675 0.532356
v -0.453403 0.069898 0.507365
v -0.444034 0.049209 0.535839
v -0.451661 0.044822 0.510665
v -0.431639 0.026524 0.534494
v -0.439918 0.023328 0.509391
v -0.412011 0.013698 0.528683
v -0.421320 0.011175 0.503885
v -0.390407 0.014167 0.519962
v -0.400850 0.011620 0.495622
v -0.372617 0.027806 0.510669
v -0.390407 0.014167 0.519962
v -0.400850 0.011620 0.495622
v -0.383994 0.024543 0.486817
v -0.363407 0.050961 0.503293
v -0.375268 0.046481 0.479828
v -0.365246 0.077426 0.499810
v -0.377010 0.071557 0.476528
v -0.370091 0.129355 0.573569
v -0.349585 0.115955 0.567498
v -0.381481 0.094775 0.503905
v -0.398229 0.105719 0.508863
v -0.392660 0.128865 0.582679
v -0.416662 0.105319 0.516304
v -0.411245 0.114616 0.592388
v -0.431841 0.093681 0.524233
v -0.420866 0.090427 0.600094
v -0.439699 0.073925 0.530527
v -0.418946 0.062779 0.603732
v -0.438130 0.051344 0.533498
v -0.405998 0.039080 0.602327
v -0.427555 0.031988 0.532351
v -0.385492 0.025680 0.596256
v -0.410807 0.021045 0.527393
v -0.362922 0.026170 0.587146
v -0.392374 0.021445 0.519952
v -0.344337 0.040419 0.577437
v -0.362922 0.026170 0.587146
v -0.392374 0.021445 0.519952
v -0.377195 0.033082 0.512023
v -0.334716 0.064608 0.569731
v -0.369337 0.052839 0.505729
v -0.336637 0.092256 0.566093
v -0.370906 0.075420 0.502758
v -0.362922 0.026170 0.587146
v -0.344337 0.040419 0.577437
v -0.338447 0.033598 0.575383
v -0.360427 0.016826 0.586853
v -0.385492 0.025680 0.596256
v -0.362922 0.026170 0.587146
v -0.360427 0.016826 0.586853
v -0.387130 0.016278 0.597627
v -0.405998 0.039080 0.602327
v -0.411402 0.032102 0.604818
v -0.418946 0.062779 0.603732
v -0.426738 0.060058 0.606500
v -0.420866 0.090427 0.600094
v -0.429029 0.092655 0.602221
v -0.411245 0.114616 0.592388
v -0.417661 0.121159 0.593129
v -0.392660 0.128865 0.582679
v -0.395681 0.137931 0.581659
v -0.370091 0.129355 0.573569
v -0.368978 0.138479 0.570885
v -0.349585 0.115955 0.567498
v -0.344706 0.122655 0.563694
v -0.336637 0.092256 0.566093
v -0.329370 0.094699 0.562012
v -0.334716 0.064608 0.569731
v -0.327079 0.062102 0.566291
v -0.398229 0.105719 0.508863
v -0.381481 0.094775 0.503905
v -0.377640 0.100111 0.501155
v -0.397269 0.112937 0.506966
v -0.416662 0.105319 0.516304
v -0.418873 0.112468 0.515687
v -0.431841 0.093681 0.524233
v -0.436663 0.098829 0.524980
v -0.439699 0.073925 0.530527
v -0.445872 0.075675 0.532356
v -0.438130 0.051344 0.533498
v -0.444034 0.049209 0.535839
v -0.427555 0.031988 0.532351
v -0.431639 0.026524 0.534494
v -0.410807 0.021045 0.527393
v -0.412011 0.013698 0.528683
v -0.392374 0.021445 0.519952
v -0.390407 0.014167 0.519962
v -0.377195 0.033082 0.512023
v -0.392374 0.021445 0.519952
v -0.390407 0.014167 0.519962
v -0.372617 0.027806 0.510669
v -0.369337 0.052839 0.505729
v -0.363407 0.050961 0.503293
v -0.370906 0.075420 0.502758
v -0.365246 0.077426 0.499810
v -0.383994 0.024543 0.486817
v -0.400850 0.011620 0.495622
v -0.404246 0.024958 0.496061
v -0.392141 0.034239 0.489737
v -0.400850 0.011620 0.495622
v -0.421320 0.011175 0.503885
v -0.418947 0.024638 0.501996
v -0.404246 0.024958 0.496061
v -0.439918 0.023328 0.509391
v -0.432304 0.033366 0.505950
v -0.451661 0.044822 0.510665
v -0.440738 0.048803 0.506865
v -0.453403 0.069898 0.507365
v -0.441989 0.066812 0.504495
v -0.444677 0.091836 0.500376
v -0.435722 0.082568 0.499476
v -0.427821 0.104760 0.491571
v -0.423617 0.091849 0.493152
v -0.407352 0.105204 0.483308
v -0.408916 0.092168 0.487218
v -0.388754 0.093051 0.477802
v -0.395559 0.083440 0.483263
v -0.377010 0.071557 0.476528
v -0.387125 0.068004 0.482349
v -0.375268 0.046481 0.479828
v -0.385874 0.049995 0.484718
v -0.419329 0.064367 0.631680
v 0.132647 -0.146498 0.237785
v 0.152199 -0.273033 0.241502
v 0.157509 -0.270249 0.226065
v 0.177422 -0.152725 0.252063
v 0.168646 -0.157327 0.277577
v -0.125064 -0.248150 -0.354921
v 0.115625 -0.370058 -0.130916
v 0.160688 -0.370058 -0.345370
v 0.160688 -0.292943 -0.345370
v 0.115625 -0.292943 -0.130916
v -0.014695 -0.371304 -0.455026
v -0.030698 -0.369114 -0.378866
v -0.030698 -0.350409 -0.378866
v -0.014695 -0.348125 -0.455026
v -0.210233 -0.427785 -0.450487
v -0.260499 -0.273340 -0.192613
v 0.129778 -0.309534 -0.121830
v 0.177965 -0.309534 -0.351153
v 0.177965 -0.273340 -0.351153
v 0.129778 -0.273340 -0.121830
v 0.222300 -0.306071 0.811880
v 0.245786 -0.306071 0.794331
v 0.245786 -0.271578 0.794331
v 0.222300 -0.271578 0.811880
v 0.183450 -0.274423 0.521458
v 0.212467 -0.274423 0.524639
v 0.212467 -0.303778 0.524639
v 0.183450 -0.303778 0.521458
v 0.245786 -0.306071 0.794331
v 0.243482 -0.299607 0.760081
v 0.243482 -0.279598 0.760081
v 0.245786 -0.271578 0.794331
v 0.184260 -0.299607 0.771486
v 0.188087 -0.306071 0.808416
v 0.188087 -0.271578 0.808416
v 0.184260 -0.279598 0.771486
v 0.156860 -0.303778 0.530684
v 0.161260 -0.299607 0.550174
v 0.161260 -0.279598 0.550174
v 0.156860 -0.274423 0.530684
v 0.216432 -0.279598 0.543449
v 0.216432 -0.299607 0.543449
v 0.212467 -0.303778 0.524639
v 0.212467 -0.274423 0.524639
v 0.188087 -0.306071 0.808416
v 0.188087 -0.271578 0.808416
v 0.156860 -0.274423 0.530684
v 0.156860 -0.303778 0.530684
v 0.235011 -0.290464 0.654912
v 0.173953 -0.290464 0.666367
v 0.173953 -0.310473 0.666367
v 0.173953 -0.290464 0.666367
v 0.235011 -0.310473 0.654912
v 0.235011 -0.290464 0.654912
v 0.119065 -0.316172 0.799788
v 0.151411 -0.316172 0.806234
v 0.151411 -0.264203 0.806234
v 0.119065 -0.264203 0.799788
v 0.087578 -0.268146 0.534533
v 0.117136 -0.268146 0.521523
v 0.117136 -0.312374 0.521523
v 0.087578 -0.312374 0.534533
v 0.186388 -0.316172 0.793659
v 0.184027 -0.305466 0.769399
v 0.184027 -0.275319 0.769399
v 0.186388 -0.264203 0.793659
v 0.116544 -0.305466 0.775467
v 0.119065 -0.316172 0.799788
v 0.119065 -0.264203 0.799788
v 0.116544 -0.275319 0.775467
v 0.154635 -0.268146 0.521127
v 0.154635 -0.312374 0.521127
v 0.186388 -0.316172 0.793659
v 0.186388 -0.264203 0.793659
v 0.173755 -0.286185 0.673247
v 0.105557 -0.286185 0.679907
v 0.105557 -0.316332 0.679907
v 0.105557 -0.286185 0.679907
v 0.173755 -0.316332 0.673247
v 0.173755 -0.286185 0.673247
v 0.087578 -0.312374 0.534533
v 0.093980 -0.305466 0.566448
v 0.093980 -0.275319 0.566448
v 0.087578 -0.268146 0.534533
v 0.161651 -0.275319 0.552069
v 0.161651 -0.305466 0.552069
v 0.154635 -0.312374 0.521127
v 0.154635 -0.268146 0.521127
v 0.058206 -0.274609 0.545731
v 0.089083 -0.274609 0.540914
v 0.089083 -0.313207 0.540914
v 0.058206 -0.313207 0.545731
v 0.118307 -0.317150 0.804910
v 0.118340 -0.306033 0.787513
v 0.118340 -0.279725 0.787513
v 0.118307 -0.271797 0.804910
v 0.055611 -0.306033 0.780854
v 0.063742 -0.317150 0.804144
v 0.063742 -0.271797 0.804144
v 0.055611 -0.279725 0.780854
v 0.034755 -0.313207 0.559988
v 0.037224 -0.306033 0.576219
v 0.037224 -0.279725 0.576219
v 0.034755 -0.274609 0.559988
v 0.093361 -0.279725 0.559491
v 0.093361 -0.306033 0.559491
v 0.089083 -0.313207 0.540914
v 0.089083 -0.274609 0.540914
v 0.063742 -0.317150 0.804144
v 0.086177 -0.317150 0.817200
v 0.086177 -0.271797 0.817200
v 0.034755 -0.274609 0.559988
v 0.034755 -0.313207 0.559988
v 0.047579 -0.316899 0.672443
v 0.047579 -0.290591 0.672443
v 0.105951 -0.316899 0.678634
v 0.105951 -0.290591 0.678634
v 0.105951 -0.290591 0.678634
v 0.047579 -0.290591 0.672443
v 0.123351 -0.255987 0.611151
v 0.134459 -0.260664 0.607839
v 0.120835 -0.253648 0.622999
v 0.129427 -0.255987 0.631536
v 0.140535 -0.260664 0.628225
v 0.143051 -0.263003 0.616377
v 0.143051 -0.263003 0.616377
v 0.123998 -0.248837 0.609241
v 0.136825 -0.254238 0.605417
v 0.121093 -0.246136 0.622922
v 0.123998 -0.248837 0.609241
v 0.131015 -0.248837 0.632780
v 0.121093 -0.246136 0.622922
v 0.143841 -0.254238 0.628956
v 0.131015 -0.248837 0.632780
v 0.146747 -0.256938 0.615275
v 0.143841 -0.254238 0.628956
v 0.136825 -0.254238 0.605417
v 0.146747 -0.256938 0.615275
v 0.127304 -0.242410 0.609972
v 0.138413 -0.247088 0.606661
v 0.124789 -0.240071 0.621820
v 0.133381 -0.242410 0.630358
v 0.124789 -0.240071 0.621820
v 0.144489 -0.247088 0.627046
v 0.147005 -0.249426 0.615198
v 0.142925 -0.256274 0.632174
v 0.147347 -0.264783 0.637746
v 0.134310 -0.251133 0.635491
v 0.130117 -0.254501 0.644379
v 0.134539 -0.263010 0.649951
v 0.143154 -0.268151 0.646634
v 0.143154 -0.268151 0.646634
v 0.146398 -0.251620 0.633311
v 0.151504 -0.261445 0.639744
v 0.136450 -0.245683 0.637141
v 0.146398 -0.251620 0.633311
v 0.131609 -0.249573 0.647404
v 0.136450 -0.245683 0.637141
v 0.136715 -0.259398 0.653837
v 0.131609 -0.249573 0.647404
v 0.146663 -0.265334 0.650007
v 0.136715 -0.259398 0.653837
v 0.151504 -0.261445 0.639744
v 0.146663 -0.265334 0.650007
v 0.148573 -0.248007 0.637197
v 0.152996 -0.256517 0.642769
v 0.139958 -0.242866 0.640514
v 0.135766 -0.246235 0.649403
v 0.139958 -0.242866 0.640514
v 0.140188 -0.254744 0.654974
v 0.148803 -0.259885 0.651657
v 0.157642 -0.279434 0.603834
v 0.134850 -0.278081 0.595848
v 0.135327 -0.260872 0.591772
v 0.161176 -0.262406 0.600829
v 0.111678 -0.278081 0.602755
v 0.109047 -0.260872 0.599606
v 0.096977 -0.279434 0.621917
v 0.092375 -0.262406 0.621337
v 0.096363 -0.281623 0.646014
v 0.091678 -0.264889 0.648666
v 0.110070 -0.283812 0.665842
v 0.107224 -0.267372 0.671154
v 0.132863 -0.285165 0.673827
v 0.133073 -0.268906 0.680210
v 0.156034 -0.285165 0.666920
v 0.159353 -0.268906 0.672377
v 0.170735 -0.283812 0.647759
v 0.176025 -0.267372 0.650646
v 0.171349 -0.281623 0.623662
v 0.176722 -0.264889 0.623317
v 0.092375 -0.262406 0.621337
v 0.134324 -0.288133 0.704876
v 0.122222 -0.288133 0.703625
v 0.121089 -0.265361 0.699825
v 0.136210 -0.265361 0.701388
v 0.112779 -0.288133 0.711298
v 0.109291 -0.265361 0.709412
v 0.111528 -0.288133 0.723401
v 0.107728 -0.265361 0.724533
v 0.119201 -0.288133 0.732843
v 0.117315 -0.265361 0.736331
v 0.131304 -0.288133 0.734094
v 0.132436 -0.265361 0.737894
v 0.140746 -0.288133 0.726421
v 0.144234 -0.265361 0.728307
v 0.140746 -0.288133 0.726421
v 0.141997 -0.288133 0.714318
v 0.145797 -0.265361 0.713186
v 0.144234 -0.265361 0.728307
v 0.133580 -0.242738 0.706253
v 0.122669 -0.242738 0.705125
v 0.127796 -0.279273 0.708863
v 0.139370 -0.242738 0.725677
v 0.136759 -0.279273 0.719893
v 0.144978 -0.242738 0.728709
v 0.132678 -0.242738 0.738704
v 0.116913 -0.242738 0.737075
v 0.106918 -0.242738 0.724775
v 0.108547 -0.242738 0.709010
v 0.120847 -0.242738 0.699015
v 0.136612 -0.242738 0.700644
v 0.146608 -0.242738 0.712944
v 0.144978 -0.242738 0.728709
v 0.024037 -0.304201 0.610458
v 0.083348 -0.313392 0.604889
v 0.083348 -0.276069 0.604889
v 0.024037 -0.269664 0.610458
v 0.024037 -0.269664 0.610458
v 0.083348 -0.276069 0.604889
v 0.075052 -0.276069 0.576633
v 0.022894 -0.269664 0.574362
v 0.022894 -0.269664 0.574362
v 0.075052 -0.276069 0.576633
v 0.075052 -0.316437 0.576633
v 0.022894 -0.304201 0.574362
v 0.238693 -0.307165 0.581919
v 0.226012 -0.307165 0.542130
v 0.226012 -0.266700 0.542130
v 0.238693 -0.266700 0.581919
v 0.169733 -0.269573 0.561392
v 0.226012 -0.266700 0.542130
v 0.226012 -0.307165 0.542130
v 0.169733 -0.313392 0.561392
v 0.177267 -0.269573 0.593019
v 0.177267 -0.313392 0.593019
v 0.238693 -0.307165 0.581919
v 0.238693 -0.266700 0.581919
v 0.169733 -0.269573 0.561392
v 0.177267 -0.269573 0.593019
v 0.238693 -0.266700 0.581919
v 0.226012 -0.266700 0.542130
v 0.122523 -0.271861 0.570175
v 0.122523 -0.315065 0.570175
v 0.130917 -0.313392 0.598394
v 0.130917 -0.271861 0.598394
v 0.130917 -0.271861 0.598394
v 0.122523 -0.271861 0.570175
v 0.358559 -0.363230 0.511014
v 0.316431 -0.363230 0.496177
v 0.316229 -0.339002 0.504421
v 0.353550 -0.339002 0.517565
v 0.273627 -0.363230 0.508936
v 0.278310 -0.339002 0.515724
v 0.246498 -0.363230 0.544417
v 0.254276 -0.339002 0.547156
v 0.245405 -0.363230 0.589068
v 0.253308 -0.339002 0.586713
v 0.270766 -0.363230 0.625834
v 0.275775 -0.339002 0.619283
v 0.312894 -0.363230 0.640671
v 0.313096 -0.339002 0.632427
v 0.355698 -0.363230 0.627913
v 0.351016 -0.339002 0.621125
v 0.382827 -0.363230 0.592431
v 0.375049 -0.339002 0.589692
v 0.383920 -0.363230 0.547780
v 0.376017 -0.339002 0.550136
v 0.297152 -0.427156 0.502465
v 0.280547 -0.358302 0.590804
v 0.351462 -0.358302 0.547059
v 0.311503 -0.427156 0.622996
v 0.315982 -0.379767 0.738923
v 0.317539 -0.383077 0.700492
v 0.289236 -0.383077 0.690524
v 0.289100 -0.366800 0.696062
v 0.314173 -0.366800 0.704893
v 0.260479 -0.383077 0.699095
v 0.263625 -0.366800 0.703656
v 0.242253 -0.383077 0.722933
v 0.247479 -0.366800 0.724773
v 0.241519 -0.383077 0.752931
v 0.246828 -0.366800 0.751348
v 0.258557 -0.383077 0.777631
v 0.261922 -0.366800 0.773230
v 0.286860 -0.383077 0.787599
v 0.286996 -0.366800 0.782060
v 0.315617 -0.383077 0.779027
v 0.312471 -0.366800 0.774467
v 0.333843 -0.383077 0.755190
v 0.328617 -0.366800 0.753350
v 0.334577 -0.383077 0.725192
v 0.329268 -0.366800 0.726775
v 0.248725 -0.426024 0.737550
v 0.283706 -0.426024 0.719650
v 0.038421 -0.311715 0.769480
v 0.098035 -0.313636 0.774929
v 0.098035 -0.274334 0.774929
v 0.038421 -0.259833 0.769480
v 0.038421 -0.259833 0.769480
v 0.098035 -0.274334 0.774929
v 0.096671 -0.274334 0.744556
v 0.039459 -0.259833 0.726938
v 0.039459 -0.259833 0.726938
v 0.096671 -0.274334 0.744556
v 0.096671 -0.316843 0.744556
v 0.039458 -0.311715 0.726938
v 0.192004 -0.267494 0.736660
v 0.253065 -0.258183 0.718660
v 0.253065 -0.313365 0.718660
v 0.192004 -0.313636 0.736660
v 0.194834 -0.267494 0.770283
v 0.194834 -0.313636 0.770283
v 0.252342 -0.313365 0.757996
v 0.252342 -0.258183 0.757996
v 0.192004 -0.267494 0.736660
v 0.194834 -0.267494 0.770283
v 0.252342 -0.258183 0.757996
v 0.253065 -0.258183 0.718660
v 0.142571 -0.269903 0.745742
v 0.142571 -0.315399 0.745742
v 0.145344 -0.313636 0.777157
v 0.145344 -0.269903 0.777157
v 0.145344 -0.269903 0.777157
v 0.142571 -0.269903 0.745742
v -0.238997 0.040789 -0.362122
v -0.208140 0.040789 -0.377273
v -0.202793 0.112563 -0.371765
v -0.237909 0.112563 -0.354524
v -0.192081 0.040789 -0.407666
v -0.184518 0.112563 -0.406353
v -0.196954 0.040789 -0.441695
v -0.190064 0.112563 -0.445078
v -0.220898 0.040789 -0.466360
v -0.217312 0.112563 -0.473147
v -0.254767 0.040789 -0.472241
v -0.255855 0.112563 -0.479839
v -0.285624 0.040789 -0.457090
v -0.290971 0.112563 -0.462598
v -0.301683 0.040789 -0.426696
v -0.309246 0.112563 -0.428010
v -0.296810 0.040789 -0.392668
v -0.303700 0.112563 -0.389285
v -0.272866 0.040789 -0.368003
v -0.276452 0.112563 -0.361216
v -0.272866 0.040789 -0.368003
v -0.276452 0.112563 -0.361216
v -0.239613 0.111370 -0.366425
v -0.211168 0.111369 -0.380391
v -0.205640 0.157235 -0.374697
v -0.238488 0.157235 -0.358569
v -0.196364 0.111369 -0.408410
v -0.188545 0.157235 -0.407052
v -0.200856 0.111369 -0.439779
v -0.193733 0.157235 -0.443276
v -0.222929 0.111370 -0.462516
v -0.219222 0.157235 -0.469533
v -0.254151 0.111370 -0.467937
v -0.255276 0.157235 -0.475793
v -0.282596 0.111370 -0.453971
v -0.288124 0.157235 -0.459666
v -0.297400 0.111370 -0.425953
v -0.305219 0.157235 -0.427311
v -0.292908 0.111370 -0.394584
v -0.300031 0.157235 -0.391086
v -0.270835 0.111370 -0.371846
v -0.274543 0.157235 -0.364830
v -0.239613 0.111370 -0.366425
v -0.238488 0.157235 -0.358569
v -0.240848 0.022265 -0.378996
v -0.219771 0.024701 -0.389490
v -0.215916 0.043329 -0.385283
v -0.240580 0.043329 -0.373174
v -0.208728 0.024701 -0.410390
v -0.203081 0.043329 -0.409576
v -0.211936 0.022265 -0.433715
v -0.206976 0.043329 -0.436774
v -0.228170 0.018323 -0.450553
v -0.226113 0.043329 -0.456489
v -0.251229 0.014381 -0.454475
v -0.253184 0.043329 -0.461189
v -0.272305 0.011944 -0.443981
v -0.277848 0.043329 -0.449080
v -0.283348 0.011944 -0.423081
v -0.290683 0.043329 -0.424787
v -0.280140 0.014381 -0.399756
v -0.286788 0.043329 -0.397588
v -0.263906 0.018323 -0.382918
v -0.267651 0.043329 -0.377874
v -0.228634 -0.023995 -0.382031
v -0.214664 -0.017536 -0.390415
v -0.206615 -0.017536 -0.405650
v -0.207561 -0.023995 -0.421915
v -0.217141 -0.034447 -0.432998
v -0.231696 -0.044899 -0.434667
v -0.245666 -0.051358 -0.426282
v -0.253715 -0.051358 -0.411048
v -0.252769 -0.044899 -0.394783
v -0.243189 -0.034447 -0.383699
v -0.205890 -0.074772 -0.379501
v -0.197550 -0.069971 -0.384997
v -0.192495 -0.069971 -0.394565
v -0.192654 -0.074772 -0.404551
v -0.197968 -0.082540 -0.411141
v -0.206406 -0.090309 -0.411817
v -0.214746 -0.095110 -0.406321
v -0.219801 -0.095110 -0.396754
v -0.219641 -0.090309 -0.386767
v -0.214328 -0.082540 -0.380178
v -0.172703 -0.116790 -0.381226
v -0.172703 -0.116790 -0.381226
v -0.173591 -0.121404 -0.384755
v -0.198080 -0.075779 -0.423333
v -0.188148 -0.057798 -0.402205
v -0.173591 -0.121404 -0.384755
v -0.177007 -0.126019 -0.383500
v -0.221131 -0.093759 -0.419632
v -0.198080 -0.075779 -0.423333
v -0.179534 -0.126019 -0.378716
v -0.178647 -0.121404 -0.375187
v -0.224316 -0.075779 -0.373678
v -0.234249 -0.093759 -0.394805
v -0.178647 -0.121404 -0.375187
v -0.175231 -0.116790 -0.376442
v -0.201265 -0.057798 -0.377378
v -0.224316 -0.075779 -0.373678
v -0.201484 0.040789 0.796696
v -0.194068 0.040789 0.763130
v -0.186427 0.112563 0.762389
v -0.194867 0.112563 0.800587
v -0.207797 0.040789 0.731615
v -0.202051 0.112563 0.726525
v -0.237428 0.040789 0.714189
v -0.235772 0.112563 0.706694
v -0.271643 0.040789 0.717507
v -0.274709 0.112563 0.710470
v -0.297373 0.040789 0.740303
v -0.303989 0.112563 0.736412
v -0.304789 0.040789 0.773869
v -0.312430 0.112563 0.774611
v -0.291060 0.040789 0.805384
v -0.296806 0.112563 0.810474
v -0.261429 0.040789 0.822810
v -0.263085 0.112563 0.830306
v -0.227214 0.040789 0.819492
v -0.224148 0.112563 0.826529
v -0.227214 0.040789 0.819492
v -0.224148 0.112563 0.826529
v -0.297373 0.040789 0.740303
v -0.205231 0.111369 0.794492
v -0.198394 0.111369 0.763549
v -0.190495 0.157235 0.762783
v -0.198390 0.157235 0.798515
v -0.211050 0.111369 0.734498
v -0.205110 0.157235 0.729235
v -0.238366 0.111370 0.718433
v -0.236653 0.157235 0.710684
v -0.269907 0.111370 0.721493
v -0.273076 0.157235 0.714217
v -0.293626 0.111370 0.742507
v -0.300466 0.157235 0.738484
v -0.300463 0.111370 0.773450
v -0.308362 0.157235 0.774216
v -0.287807 0.111370 0.802502
v -0.293747 0.157235 0.807764
v -0.260491 0.111370 0.818566
v -0.262203 0.157235 0.826315
v -0.228950 0.111370 0.815507
v -0.225780 0.157235 0.822782
v -0.205231 0.111369 0.794492
v -0.198390 0.157235 0.798515
v -0.215824 0.022265 0.787612
v -0.210872 0.024701 0.764595
v -0.205179 0.043329 0.764208
v -0.211107 0.043329 0.791036
v -0.220313 0.024701 0.742924
v -0.216153 0.043329 0.739018
v -0.240541 0.022265 0.730876
v -0.239837 0.043329 0.725090
v -0.263829 0.018323 0.733053
v -0.267184 0.043329 0.727742
v -0.281283 0.014381 0.748625
v -0.287749 0.043329 0.745963
v -0.286234 0.011944 0.771642
v -0.293677 0.043329 0.772792
v -0.276793 0.011944 0.793313
v -0.282704 0.043329 0.797981
v -0.256566 0.014381 0.805361
v -0.259020 0.043329 0.811909
v -0.233278 0.018323 0.803183
v -0.231673 0.043329 0.809257
v -0.210575 -0.023995 0.776175
v -0.208409 -0.017536 0.760026
v -0.215290 -0.017536 0.744231
v -0.228591 -0.023995 0.734820
v -0.243229 -0.034447 0.735390
v -0.253615 -0.044899 0.745722
v -0.255781 -0.051358 0.761870
v -0.248899 -0.051358 0.777666
v -0.235599 -0.044899 0.787077
v -0.220960 -0.034447 0.786507
v -0.194405 -0.074772 0.759980
v -0.193495 -0.069971 0.750035
v -0.197817 -0.069971 0.740114
v -0.205720 -0.074772 0.734007
v -0.214185 -0.082540 0.734047
v -0.219979 -0.090309 0.740219
v -0.220889 -0.095110 0.750165
v -0.216567 -0.095110 0.760085
v -0.208664 -0.090309 0.766192
v -0.200199 -0.082540 0.766152
v -0.175044 -0.116790 0.732972
v -0.178355 -0.121404 0.731463
v -0.223782 -0.075779 0.726527
v -0.201075 -0.057798 0.731949
v -0.178355 -0.121404 0.731463
v -0.179506 -0.126019 0.734916
v -0.235275 -0.093759 0.746848
v -0.223782 -0.075779 0.726527
v -0.177345 -0.126019 0.739876
v -0.174033 -0.121404 0.741385
v -0.201352 -0.075779 0.778013
v -0.224060 -0.093759 0.772591
v -0.174033 -0.121404 0.741385
v -0.172883 -0.116790 0.737932
v -0.189860 -0.057798 0.757692
v -0.201352 -0.075779 0.778013
v -0.172883 -0.116790 0.737932
v -0.235275 -0.093759 0.746848
v -0.224060 -0.093759 0.772591
v -0.201075 -0.057798 0.731949
v -0.447426 -0.447523 0.742824
v -0.497054 -0.447523 0.775795
v -0.490319 -0.283650 0.779884
v -0.443810 -0.283650 0.748986
v -0.283243 -0.447523 0.928463
v -0.265381 -0.447523 0.840487
v -0.273208 -0.283650 0.840509
v -0.289947 -0.283650 0.928095
v -0.282737 -0.447523 0.775795
v -0.289472 -0.283650 0.779884
v -0.332366 -0.447523 0.742824
v -0.335982 -0.283650 0.748986
v -0.389896 -0.447523 0.736692
v -0.389896 -0.283650 0.743239
v -0.348764 -0.283650 0.788380
v -0.389896 -0.283650 0.784121
v -0.389896 -0.086050 0.792957
v -0.354534 -0.086050 0.796619
v -0.318654 -0.283650 0.807816
v -0.328648 -0.086050 0.813327
v -0.307632 -0.283650 0.847729
v -0.319173 -0.086050 0.847641
v -0.318654 -0.283650 0.915814
v -0.328648 -0.086050 0.915313
v -0.431027 -0.283650 0.788380
v -0.461138 -0.283650 0.807816
v -0.451143 -0.086050 0.813327
v -0.425257 -0.086050 0.796619
v -0.490319 -0.283650 0.779884
v -0.389896 0.496604 0.762336
v -0.334546 0.496604 0.768068
v -0.294027 0.496604 0.794222
v -0.279196 0.496604 0.847932
v -0.294027 0.496604 0.917048
v -0.460618 -0.086050 0.847641
v -0.451143 -0.086050 0.915313
v -0.485764 0.496604 0.917048
v -0.500595 0.496604 0.847932
v -0.485764 0.496604 0.794222
v -0.445245 0.496604 0.768068
v -0.447426 -0.447523 -0.312164
v -0.443810 -0.283650 -0.318326
v -0.490319 -0.283650 -0.349224
v -0.497054 -0.447523 -0.345135
v -0.283243 -0.447523 -0.497803
v -0.289947 -0.283650 -0.497435
v -0.273208 -0.283650 -0.409849
v -0.265381 -0.447523 -0.409827
v -0.289472 -0.283650 -0.349224
v -0.282737 -0.447523 -0.345135
v -0.335982 -0.283650 -0.318326
v -0.332366 -0.447523 -0.312164
v -0.389896 -0.283650 -0.312579
v -0.389896 -0.447523 -0.306032
v -0.348764 -0.283650 -0.357720
v -0.354534 -0.086050 -0.365959
v -0.389896 -0.086050 -0.362297
v -0.389896 -0.283650 -0.353461
v -0.318654 -0.283650 -0.377156
v -0.328648 -0.086050 -0.382667
v -0.307632 -0.283650 -0.417069
v -0.319173 -0.086050 -0.416981
v -0.318654 -0.283650 -0.485154
v -0.328648 -0.086050 -0.484653
v -0.472159 -0.283650 -0.417069
v -0.460618 -0.086050 -0.416981
v -0.451143 -0.086050 -0.484653
v -0.461138 -0.283753 -0.485154
v -0.461138 -0.283650 -0.377156
v -0.451143 -0.086050 -0.382667
v -0.431027 -0.283650 -0.357720
v -0.425257 -0.086050 -0.365959
v -0.490319 -0.283650 -0.349224
v -0.472159 -0.283650 -0.417069
v -0.506584 -0.283753 -0.409849
v -0.461138 -0.283753 -0.485154
v -0.489845 -0.283753 -0.497435
v -0.289947 -0.283650 -0.497435
v -0.318654 -0.283650 -0.485154
v -0.334546 0.496604 -0.337408
v -0.389896 0.496604 -0.331676
v -0.294027 0.496604 -0.363562
v -0.279196 0.496604 -0.417272
v -0.294027 0.496604 -0.486388
v -0.500595 0.496604 -0.417272
v -0.485764 0.496604 -0.486388
v -0.485764 0.496604 -0.363562
v -0.445245 0.496604 -0.337408
v -0.485764 0.496604 -0.486388
v -0.294027 0.496604 -0.486388
v -0.328648 -0.086050 -0.484653
v -0.451143 -0.086050 -0.484653
v -0.451143 -0.086050 -0.484653
v -0.318654 -0.283650 -0.485154
v -0.461138 -0.283753 -0.485154
v -0.489845 -0.283753 -0.497435
v -0.461138 -0.283753 -0.485154
v -0.318654 -0.283650 -0.485154
v -0.289947 -0.283650 -0.497435
v 0.507325 -0.447523 0.742824
v 0.457697 -0.447523 0.775795
v 0.464432 -0.283650 0.779884
v 0.510941 -0.283650 0.748986
v 0.440341 -0.447523 0.840487
v 0.448167 -0.283753 0.840509
v 0.458203 -0.447523 0.928463
v 0.464906 -0.283753 0.928095
v 0.671508 -0.447523 0.928463
v 0.689370 -0.447523 0.840487
v 0.681543 -0.283650 0.840509
v 0.664804 -0.283650 0.928095
v 0.672014 -0.447523 0.775795
v 0.665279 -0.283650 0.779884
v 0.622386 -0.447523 0.742824
v 0.618769 -0.283650 0.748986
v 0.564855 -0.447523 0.736692
v 0.564855 -0.283650 0.743239
v 0.605987 -0.283650 0.788380
v 0.564855 -0.283650 0.784121
v 0.564855 -0.086050 0.792957
v 0.600217 -0.086050 0.796619
v 0.636097 -0.283650 0.807816
v 0.626103 -0.086050 0.813327
v 0.647119 -0.283650 0.847729
v 0.635578 -0.086050 0.847641
v 0.636097 -0.283650 0.915814
v 0.626103 -0.086050 0.915313
v 0.482592 -0.283650 0.847729
v 0.493613 -0.283753 0.915814
v 0.503608 -0.086050 0.915313
v 0.494133 -0.086050 0.847641
v 0.493613 -0.283650 0.807816
v 0.503608 -0.086050 0.813327
v 0.523724 -0.283650 0.788380
v 0.529494 -0.086050 0.796619
v 0.464432 -0.283650 0.779884
v 0.482592 -0.283650 0.847729
v 0.448167 -0.283753 0.840509
v 0.493613 -0.283753 0.915814
v 0.464906 -0.283753 0.928095
v 0.564855 0.496604 0.762336
v 0.620205 0.496604 0.768068
v 0.660724 0.496604 0.794222
v 0.675555 0.496604 0.847932
v 0.660724 0.496604 0.917048
v 0.468987 0.496604 0.917048
v 0.454156 0.496604 0.847932
v 0.468987 0.496604 0.794222
v 0.509506 0.496604 0.768068
v -0.287865 0.027966 0.927637
v -0.281151 0.027966 0.744803
v -0.281151 0.118786 0.744803
v -0.287865 0.118786 0.927637
v -0.292956 0.027966 0.720052
v -0.387502 0.027966 0.719192
v -0.387502 0.118786 0.719192
v -0.292956 0.118786 0.720052
v -0.484923 0.027966 0.720237
v -0.484923 0.118786 0.720237
v -0.292956 0.027966 0.720052
v -0.292956 0.118786 0.720052
v -0.291320 0.141887 0.751858
v -0.297407 0.141887 0.927054
v -0.302021 0.141887 0.729421
v -0.387725 0.141887 0.728642
v -0.302021 0.141887 0.729421
v -0.476036 0.141887 0.729589
v -0.297407 0.004865 0.927054
v -0.291320 0.004865 0.751858
v -0.387725 0.004865 0.728642
v -0.476036 0.004865 0.729589
v -0.302021 0.004865 0.729421
v -0.302021 0.004865 0.729421
v 0.665253 0.027966 0.927637
v 0.671967 0.027966 0.776843
v 0.671967 0.118786 0.776843
v 0.665253 0.118786 0.927637
v 0.459283 0.118786 0.927637
v 0.454486 0.118786 0.781636
v 0.454486 0.027966 0.781636
v 0.459283 0.027966 0.927637
v 0.660163 0.027966 0.752092
v 0.565616 0.027966 0.751232
v 0.565616 0.118786 0.751232
v 0.660163 0.118786 0.752092
v 0.468195 0.027966 0.752277
v 0.468195 0.118786 0.752277
v 0.468195 0.118786 0.752277
v 0.468195 0.027966 0.752277
v 0.660163 0.027966 0.752092
v 0.660163 0.118786 0.752092
v 0.661798 0.141887 0.783897
v 0.655712 0.141887 0.927054
v 0.469003 0.141887 0.927054
v 0.464654 0.141887 0.788242
v 0.651097 0.141887 0.761461
v 0.565393 0.141887 0.760682
v 0.651097 0.141887 0.761461
v 0.477082 0.141887 0.761629
v 0.477082 0.141887 0.761629
v 0.655712 0.004865 0.927054
v 0.661798 0.004865 0.783897
v 0.464654 0.004865 0.788242
v 0.469003 0.004865 0.927054
v 0.477082 0.004865 0.761629
v 0.565393 0.004865 0.760682
v 0.477082 0.004865 0.761629
v 0.651097 0.004865 0.761461
v 0.651097 0.004865 0.761461
v 0.565289 0.141887 0.927054
v 0.469003 0.141887 0.927054
v 0.469003 0.004865 0.927054
v 0.565289 0.004865 0.927054
v 0.655712 0.141887 0.927054
v 0.655712 0.004865 0.927054
v 0.459283 0.118786 0.927637
v 0.459283 0.027966 0.927637
v 0.665253 0.027966 0.927637
v 0.665253 0.118786 0.927637
v -0.287572 0.027966 -0.496977
v -0.287572 0.118786 -0.496977
v -0.280858 0.118786 -0.314143
v -0.280858 0.027966 -0.314143
v -0.292662 0.027966 -0.289392
v -0.292662 0.118786 -0.289392
v -0.387208 0.118786 -0.288532
v -0.387208 0.027966 -0.288532
v -0.484630 0.118786 -0.289577
v -0.484630 0.027966 -0.289577
v -0.292662 0.118786 -0.289392
v -0.292662 0.027966 -0.289392
v -0.297113 0.141887 -0.496394
v -0.291027 0.141887 -0.321198
v -0.301727 0.141887 -0.298761
v -0.301727 0.141887 -0.298761
v -0.387432 0.141887 -0.297982
v -0.475743 0.141887 -0.298929
v -0.291027 0.004865 -0.321198
v -0.297113 0.004865 -0.496394
v -0.475743 0.004865 -0.298929
v -0.387432 0.004865 -0.297982
v -0.301727 0.004865 -0.298761
v -0.301727 0.004865 -0.298761
v -0.387536 0.141887 -0.496394
v -0.387536 0.004865 -0.496394
v -0.483822 0.004865 -0.496394
v -0.483822 0.141887 -0.496394
v -0.297113 0.141887 -0.496394
v -0.297113 0.004865 -0.496394
v -0.493542 0.118786 -0.496977
v -0.493542 0.027966 -0.496977
v -0.287572 0.118786 -0.496977
v -0.287572 0.027966 -0.496977
v -0.356935 -0.034256 0.679411
v -0.392690 -0.028246 0.679411
v -0.392690 -0.028246 0.653926
v -0.356935 -0.034256 0.653926
v -0.427770 -0.029965 0.679411
v -0.427770 -0.029965 0.653926
v -0.392400 -0.027084 0.656036
v -0.370854 -0.030811 0.656036
v -0.373061 -0.061821 0.657235
v -0.393228 -0.058954 0.657235
v -0.396582 -0.088643 0.659280
v -0.408561 -0.077408 0.658738
v -0.438395 -0.102161 0.661229
v -0.438179 -0.088351 0.658671
v -0.392400 -0.027084 0.677301
v -0.393228 -0.058954 0.676103
v -0.373061 -0.061821 0.676103
v -0.370854 -0.030811 0.677301
v -0.408561 -0.077408 0.674826
v -0.396582 -0.088643 0.674283
v -0.438179 -0.088351 0.674006
v -0.438395 -0.102161 0.672108
v -0.370854 -0.030811 0.677301
v -0.373061 -0.061821 0.676103
v -0.373061 -0.061821 0.657235
v -0.370854 -0.030811 0.656036
v -0.393228 -0.058954 0.676103
v -0.392400 -0.027084 0.677301
v -0.392400 -0.027084 0.656036
v -0.393228 -0.058954 0.657235
v -0.396582 -0.088643 0.674283
v -0.396582 -0.088643 0.659280
v -0.408561 -0.077408 0.674826
v -0.408561 -0.077408 0.658738
v -0.438395 -0.102161 0.672108
v -0.438395 -0.102161 0.661229
v -0.438179 -0.088351 0.674006
v -0.438179 -0.088351 0.658671
v -0.328552 0.022385 0.717706
v -0.328552 0.015757 0.580556
v -0.453264 0.015757 0.580556
v -0.453264 0.022385 0.717706
v -0.453264 -0.016708 0.717706
v -0.453264 -0.006376 0.580556
v -0.328552 -0.006376 0.580556
v -0.328552 -0.016708 0.717706
v -0.328552 0.022360 0.440788
v -0.453264 0.022360 0.440788
v -0.453264 -0.016684 0.440788
v -0.328552 -0.016684 0.440788
v -0.356935 -0.034256 0.498169
v -0.392690 -0.028246 0.498169
v -0.392690 -0.028246 0.472685
v -0.356935 -0.034256 0.472685
v -0.427770 -0.029965 0.498169
v -0.427770 -0.029965 0.472685
v -0.392400 -0.027084 0.474794
v -0.370854 -0.030811 0.474794
v -0.373061 -0.061821 0.475993
v -0.393228 -0.058954 0.475993
v -0.396582 -0.088643 0.478039
v -0.408561 -0.077408 0.477496
v -0.438395 -0.102161 0.479988
v -0.438179 -0.088351 0.477429
v -0.392400 -0.027084 0.496060
v -0.393228 -0.058954 0.494861
v -0.373061 -0.061821 0.494861
v -0.370854 -0.030811 0.496060
v -0.408561 -0.077408 0.493584
v -0.396582 -0.088643 0.493042
v -0.438179 -0.088351 0.492765
v -0.438395 -0.102161 0.490866
v -0.370854 -0.030811 0.496060
v -0.373061 -0.061821 0.494861
v -0.373061 -0.061821 0.475993
v -0.370854 -0.030811 0.474794
v -0.393228 -0.058954 0.494861
v -0.392400 -0.027084 0.496060
v -0.392400 -0.027084 0.474794
v -0.393228 -0.058954 0.475993
v -0.396582 -0.088643 0.493042
v -0.396582 -0.088643 0.478039
v -0.408561 -0.077408 0.493584
v -0.408561 -0.077408 0.477496
v -0.438395 -0.102161 0.490866
v -0.438395 -0.102161 0.479988
v -0.438179 -0.088351 0.492765
v -0.438179 -0.088351 0.477429
v -0.453264 -0.093496 -0.062212
v -0.453264 -0.093496 -0.034855
v -0.356935 -0.031608 -0.034855
v -0.392690 -0.026650 -0.034855
v -0.392690 -0.026650 -0.062212
v -0.356935 -0.031608 -0.062212
v -0.427770 -0.028068 -0.034855
v -0.427770 -0.028068 -0.062212
v -0.392400 -0.025691 -0.059948
v -0.370854 -0.028766 -0.059948
v -0.373061 -0.054350 -0.058661
v -0.393228 -0.051985 -0.058661
v -0.396582 -0.076478 -0.056465
v -0.408561 -0.067209 -0.057047
v -0.438395 -0.087631 -0.054372
v -0.438179 -0.076237 -0.057119
v -0.392400 -0.025691 -0.037119
v -0.393228 -0.051985 -0.038406
v -0.373061 -0.054350 -0.038406
v -0.370854 -0.028766 -0.037119
v -0.408561 -0.067209 -0.039777
v -0.396582 -0.076478 -0.040359
v -0.438179 -0.076237 -0.040656
v -0.438395 -0.087631 -0.042695
v -0.370854 -0.028766 -0.037119
v -0.373061 -0.054350 -0.038406
v -0.373061 -0.054350 -0.058661
v -0.370854 -0.028766 -0.059948
v -0.393228 -0.051985 -0.038406
v -0.392400 -0.025691 -0.037119
v -0.392400 -0.025691 -0.059948
v -0.393228 -0.051985 -0.058661
v -0.396582 -0.076478 -0.040359
v -0.396582 -0.076478 -0.056465
v -0.408561 -0.067209 -0.039777
v -0.408561 -0.067209 -0.057047
v -0.438395 -0.087631 -0.042695
v -0.438395 -0.087631 -0.054372
v -0.438179 -0.076237 -0.040656
v -0.438179 -0.076237 -0.057119
v -0.328552 0.015123 -0.016226
v -0.328552 0.009654 -0.146149
v -0.453264 0.009654 -0.146149
v -0.453264 0.015123 -0.016226
v -0.453264 -0.017131 -0.016226
v -0.453264 -0.008606 -0.146149
v -0.328552 -0.008606 -0.146149
v -0.328552 -0.017131 -0.016226
v -0.328552 0.015102 -0.278552
v -0.453264 0.015102 -0.278552
v -0.453264 -0.017110 -0.278552
v -0.328552 -0.017110 -0.278552
v -0.453264 -0.093496 -0.247101
v -0.453264 -0.093496 -0.219752
v -0.356935 -0.031608 -0.219752
v -0.392690 -0.026650 -0.219752
v -0.392690 -0.026650 -0.247101
v -0.356935 -0.031608 -0.247101
v -0.357632 -0.010623 -0.219752
v -0.356935 -0.031608 -0.219752
v -0.356935 -0.031608 -0.247101
v -0.357632 -0.010623 -0.247101
v -0.427770 -0.028068 -0.219752
v -0.427770 -0.028068 -0.247101
v -0.392400 -0.025691 -0.244837
v -0.370854 -0.028766 -0.244837
v -0.373061 -0.054350 -0.243551
v -0.393228 -0.051985 -0.243551
v -0.396582 -0.076478 -0.241355
v -0.408561 -0.067209 -0.241937
v -0.438395 -0.087631 -0.239263
v -0.438179 -0.076237 -0.242009
v -0.392400 -0.025691 -0.222016
v -0.393228 -0.051985 -0.223302
v -0.373061 -0.054350 -0.223302
v -0.370854 -0.028766 -0.222016
v -0.408561 -0.067209 -0.224672
v -0.396582 -0.076478 -0.225254
v -0.438179 -0.076237 -0.225551
v -0.438395 -0.087631 -0.227589
v -0.370854 -0.028766 -0.222016
v -0.373061 -0.054350 -0.223302
v -0.373061 -0.054350 -0.243551
v -0.370854 -0.028766 -0.244837
v -0.393228 -0.051985 -0.223302
v -0.392400 -0.025691 -0.222016
v -0.392400 -0.025691 -0.244837
v -0.393228 -0.051985 -0.243551
v -0.396582 -0.076478 -0.225254
v -0.396582 -0.076478 -0.241355
v -0.408561 -0.067209 -0.224672
v -0.408561 -0.067209 -0.241937
v -0.438395 -0.087631 -0.227589
v -0.438395 -0.087631 -0.239263
v -0.438179 -0.076237 -0.225551
v -0.438179 -0.076237 -0.242009
v -0.295252 -0.270016 0.034268
v -0.304289 -0.270016 0.043728
v -0.298081 -0.215667 0.046461
v -0.291829 -0.215667 0.039916
v -0.305693 -0.270016 0.057170
v -0.299052 -0.215667 0.055762
v -0.298927 -0.270016 0.069462
v -0.294372 -0.215667 0.064266
v -0.286577 -0.270016 0.075907
v -0.285827 -0.215667 0.068725
v -0.273358 -0.270016 0.074044
v -0.276682 -0.215667 0.067436
v -0.273358 -0.270016 0.074044
v -0.264321 -0.270016 0.064584
v -0.270429 -0.215667 0.060891
v -0.276682 -0.215667 0.067436
v -0.262918 -0.270016 0.051142
v -0.269458 -0.215667 0.051591
v -0.269683 -0.270016 0.038850
v -0.274139 -0.215667 0.043087
v -0.282034 -0.270016 0.032405
v -0.282684 -0.215667 0.038627
v -0.269471 -0.193967 0.039819
v -0.263536 -0.198962 0.051084
v -0.265515 -0.203347 0.063339
v -0.274652 -0.205445 0.071903
v -0.274652 -0.205445 0.071903
v -0.287457 -0.204457 0.073505
v -0.299039 -0.200759 0.067533
v -0.304974 -0.195764 0.056268
v -0.302996 -0.191379 0.044013
v -0.293859 -0.189281 0.035449
v -0.281054 -0.190269 0.033847
v -0.271029 -0.266235 0.388065
v -0.257922 -0.266235 0.387189
v -0.260665 -0.211661 0.380955
v -0.269733 -0.211661 0.381561
v -0.247766 -0.266235 0.378186
v -0.253638 -0.211661 0.374726
v -0.244440 -0.266235 0.364496
v -0.251338 -0.211661 0.365254
v -0.249215 -0.266235 0.351347
v -0.254641 -0.211661 0.356157
v -0.260267 -0.266235 0.343763
v -0.262288 -0.211661 0.350910
v -0.260267 -0.266235 0.343763
v -0.273374 -0.266235 0.344639
v -0.271356 -0.211661 0.351516
v -0.262288 -0.211661 0.350910
v -0.283530 -0.266235 0.353642
v -0.278383 -0.211661 0.357745
v -0.286856 -0.266235 0.367332
v -0.280684 -0.211661 0.367217
v -0.282081 -0.266235 0.380481
v -0.277380 -0.211661 0.376314
v -0.286356 -0.189871 0.366471
v -0.283112 -0.194887 0.354104
v -0.273335 -0.199289 0.346370
v -0.260761 -0.201397 0.346225
v -0.260761 -0.201397 0.346225
v -0.250192 -0.200404 0.353723
v -0.245665 -0.196691 0.366000
v -0.248910 -0.191675 0.378367
v -0.258686 -0.187272 0.386101
v -0.271260 -0.185165 0.386246
v -0.281829 -0.186158 0.378748
v -0.209010 -0.424573 0.001091
v -0.448328 -0.424573 0.001091
v -0.448328 -0.243487 -0.019666
v -0.209010 -0.243487 -0.019666
v -0.209010 -0.424573 0.436971
v 0.016243 -0.407919 0.187350
v 0.009101 -0.401928 0.246231
v -0.020266 -0.340257 0.245758
v -0.010908 -0.348106 0.168608
v 0.038111 -0.396657 0.298043
v 0.017745 -0.333350 0.313647
v 0.092192 -0.394119 0.322997
v 0.088606 -0.330024 0.346343
v 0.150687 -0.395282 0.311559
v 0.165252 -0.331548 0.331356
v 0.191254 -0.399704 0.268100
v 0.218405 -0.337342 0.274413
v 0.198396 -0.405694 0.209219
v 0.227763 -0.345191 0.197262
v 0.169386 -0.410965 0.157407
v 0.189752 -0.352098 0.129373
v 0.115305 -0.413504 0.132454
v 0.118891 -0.355424 0.096678
v 0.056810 -0.412340 0.143891
v 0.042245 -0.353899 0.111664
v 0.016243 -0.407919 0.187350
v -0.010908 -0.348106 0.168608
v -0.007001 -0.224223 0.157826
v -0.016041 -0.216641 0.232348
v 0.010006 -0.216767 0.227215
v 0.017080 -0.222700 0.168897
v 0.020675 -0.209970 0.297923
v 0.038739 -0.211546 0.278532
v 0.089122 -0.206757 0.329504
v 0.092303 -0.209032 0.303246
v 0.163156 -0.208230 0.315029
v 0.150239 -0.210184 0.291918
v 0.214498 -0.213825 0.260025
v 0.190417 -0.214563 0.248874
v 0.223538 -0.221407 0.185503
v 0.197491 -0.220496 0.190556
v 0.186822 -0.228078 0.119928
v 0.168759 -0.225717 0.139239
v 0.118375 -0.231291 0.088347
v 0.115195 -0.228231 0.114525
v 0.044341 -0.229819 0.102822
v 0.057258 -0.227079 0.125853
v -0.007001 -0.224223 0.157826
v 0.017080 -0.222700 0.168897
v 0.017080 -0.222700 0.168897
v 0.010006 -0.216767 0.227215
v 0.010006 -0.252817 0.230719
v 0.017080 -0.255299 0.172152
v 0.038739 -0.211546 0.278532
v 0.038739 -0.250634 0.282254
v 0.092303 -0.209032 0.303246
v 0.092303 -0.249582 0.307074
v 0.150239 -0.210184 0.291918
v 0.150239 -0.250064 0.295698
v 0.150239 -0.210184 0.291918
v 0.190417 -0.214563 0.248874
v 0.179960 -0.249962 0.247534
v 0.150239 -0.250064 0.295698
v 0.197491 -0.220496 0.190556
v 0.186180 -0.252144 0.196034
v 0.168759 -0.225717 0.139239
v 0.160915 -0.254064 0.150717
v 0.115195 -0.228231 0.114525
v 0.113813 -0.254989 0.128892
v 0.057258 -0.227079 0.125853
v 0.062868 -0.254565 0.138895
v 0.017080 -0.222700 0.168897
v 0.017080 -0.255299 0.172152
v 0.194491 -0.289981 0.117924
v 0.119725 -0.293490 0.083427
v 0.118375 -0.231291 0.088347
v 0.186822 -0.228078 0.119928
v 0.234597 -0.282693 0.189554
v 0.223538 -0.221407 0.185503
v 0.224723 -0.274412 0.270956
v 0.214498 -0.213825 0.260025
v 0.168641 -0.268299 0.331037
v 0.163156 -0.208230 0.315029
v 0.087772 -0.266691 0.346849
v 0.089122 -0.206757 0.329504
v 0.013006 -0.270200 0.312352
v 0.020675 -0.209970 0.297923
v -0.027100 -0.277487 0.240723
v -0.016041 -0.216641 0.232348
v -0.017226 -0.285769 0.159320
v -0.007001 -0.224223 0.157826
v 0.038856 -0.291882 0.099239
v -0.017226 -0.285769 0.159320
v -0.007001 -0.224223 0.157826
v 0.044341 -0.229819 0.102822
v -0.172675 -0.428107 0.022081
v -0.121540 -0.428107 0.117641
v -0.121540 -0.362716 0.117641
v -0.172675 -0.362716 0.022081
v -0.077115 -0.362716 -0.029054
v -0.025980 -0.362716 0.066506
v -0.025980 -0.428107 0.066506
v -0.077115 -0.428107 -0.029054
v -0.121540 -0.428107 0.117641
v -0.071085 -0.428107 0.099410
v -0.071085 -0.362716 0.099410
v -0.121540 -0.362716 0.117641
v -0.129515 -0.428107 -0.009782
v -0.172675 -0.428107 0.022081
v -0.172675 -0.362716 0.022081
v -0.129515 -0.362716 -0.009782
v -0.119337 -0.354976 0.110364
v -0.165399 -0.354976 0.024285
v -0.073887 -0.354976 0.093942
v -0.119337 -0.354976 0.110364
v -0.079319 -0.354976 -0.021778
v -0.033257 -0.354976 0.064302
v -0.165399 -0.354976 0.024285
v -0.126520 -0.354976 -0.004418
v -0.077115 -0.362716 -0.029054
v -0.079319 -0.354976 -0.021778
v -0.077115 -0.428107 -0.029054
v -0.025980 -0.428107 0.066506
v -0.025980 -0.362716 0.066506
v -0.033257 -0.354976 0.064302
v -0.060320 -0.376236 -0.003565
v -0.059301 -0.376236 0.067190
v 0.084736 -0.370181 0.065116
v 0.083717 -0.370181 -0.005640
v -0.059301 -0.376236 0.067190
v -0.060320 -0.430790 -0.003565
v 0.200144 -0.376236 0.063453
v 0.199125 -0.376236 -0.007302
v 0.281552 -0.376236 0.062281
v 0.280533 -0.376236 -0.008474
v -0.144132 -0.381597 0.406771
v -0.073372 -0.381597 0.407364
v -0.072165 -0.381597 0.263316
v -0.142925 -0.381597 0.262723
v -0.073372 -0.475824 0.407364
v -0.073372 -0.381597 0.407364
v -0.142925 -0.475824 0.262723
v -0.144132 -0.475824 0.406771
v -0.144132 -0.381597 0.406771
v -0.071197 -0.366544 0.147900
v -0.141957 -0.366544 0.147307
v -0.070515 -0.381597 0.066487
v -0.141275 -0.381597 0.065894
v -0.057198 -0.428107 0.486625
v -0.035310 -0.428107 0.380477
v -0.035310 -0.362716 0.380477
v -0.057198 -0.362716 0.486625
v -0.163346 -0.362716 0.464737
v -0.141458 -0.362716 0.358590
v -0.141458 -0.428107 0.358590
v -0.163346 -0.428107 0.464737
v -0.035310 -0.428107 0.380477
v -0.085743 -0.428107 0.362185
v -0.085743 -0.362716 0.362185
v -0.035310 -0.362716 0.380477
v -0.110753 -0.428107 0.483475
v -0.057198 -0.428107 0.486625
v -0.057198 -0.362716 0.486625
v -0.110753 -0.362716 0.483475
v -0.041661 -0.354976 0.384657
v -0.061377 -0.354976 0.480274
v -0.087090 -0.354976 0.368179
v -0.041661 -0.354976 0.384657
v -0.156995 -0.354976 0.460558
v -0.137278 -0.354976 0.364940
v -0.061377 -0.354976 0.480274
v -0.109619 -0.354976 0.477437
v -0.163346 -0.362716 0.464737
v -0.156995 -0.354976 0.460558
v -0.163346 -0.428107 0.464737
v -0.141458 -0.428107 0.358590
v -0.141458 -0.362716 0.358590
v -0.137278 -0.354976 0.364940
v 0.261248 -0.376236 0.474709
v 0.261248 -0.376236 0.403946
v 0.117195 -0.368316 0.403946
v 0.117195 -0.368316 0.474709
v 0.261248 -0.430790 0.474709
v 0.001775 -0.376236 0.403946
v 0.001775 -0.376236 0.474709
v -0.079641 -0.430790 0.403946
v -0.079641 -0.376236 0.403946
v -0.079641 -0.376236 0.403946
v -0.079641 -0.376236 0.474709
v -0.079641 -0.430790 0.474709
v -0.079641 -0.376236 0.474709
v 0.374763 -0.428107 0.401261
v 0.284750 -0.428107 0.340895
v 0.284750 -0.362717 0.340895
v 0.374763 -0.362717 0.401261
v 0.314397 -0.362717 0.491274
v 0.224384 -0.362717 0.430908
v 0.224384 -0.428107 0.430908
v 0.314397 -0.428107 0.491274
v 0.284750 -0.428107 0.340895
v 0.248761 -0.428107 0.380680
v 0.248761 -0.362717 0.380680
v 0.284750 -0.362717 0.340895
v 0.351615 -0.428107 0.449657
v 0.374763 -0.428107 0.401261
v 0.374763 -0.362717 0.401261
v 0.351615 -0.362717 0.449657
v 0.286220 -0.354976 0.348354
v 0.367304 -0.354976 0.402732
v 0.253802 -0.354976 0.384192
v 0.286220 -0.354976 0.348354
v 0.312927 -0.354976 0.483815
v 0.231843 -0.354976 0.429438
v 0.367304 -0.354976 0.402732
v 0.346452 -0.354976 0.446327
v 0.314397 -0.362717 0.491274
v 0.312927 -0.354976 0.483815
v 0.314397 -0.428107 0.491274
v 0.224384 -0.428107 0.430908
v 0.224384 -0.362717 0.430908
v 0.231843 -0.354976 0.429438
v 0.360806 -0.376236 0.065303
v 0.290054 -0.376236 0.064070
v 0.287543 -0.365889 0.208100
v 0.358295 -0.365889 0.209334
v 0.285531 -0.376236 0.323503
v 0.356283 -0.376236 0.324736
v 0.284112 -0.376236 0.404907
v 0.354864 -0.376236 0.406140
v 0.307878 -0.428107 -0.038795
v 0.231977 -0.428107 0.038571
v 0.231977 -0.362717 0.038571
v 0.307878 -0.362717 -0.038795
v 0.385244 -0.362717 0.037107
v 0.309342 -0.362717 0.114472
v 0.309342 -0.428107 0.114472
v 0.385244 -0.428107 0.037107
v 0.231977 -0.428107 0.038571
v 0.264458 -0.428107 0.081267
v 0.264458 -0.362717 0.081267
v 0.231977 -0.362717 0.038571
v 0.351187 -0.428107 -0.007135
v 0.307878 -0.428107 -0.038795
v 0.307878 -0.362717 -0.038795
v 0.351187 -0.362717 -0.007135
v 0.239579 -0.354976 0.038498
v 0.307951 -0.354976 -0.031192
v 0.268838 -0.354976 0.076959
v 0.239579 -0.354976 0.038498
v 0.377641 -0.354976 0.037179
v 0.309270 -0.354976 0.106870
v 0.307951 -0.354976 -0.031192
v 0.346963 -0.354976 -0.002673
v 0.385244 -0.362717 0.037107
v 0.377641 -0.354976 0.037179
v 0.385244 -0.428107 0.037107
v 0.309342 -0.428107 0.114472
v 0.309342 -0.362717 0.114472
v 0.309270 -0.354976 0.106870
v 0.289197 -0.430058 0.413046
v 0.289197 -0.411599 0.231871
v 0.108022 -0.382075 0.231871
v 0.108022 -0.400534 0.413046
v 0.289197 -0.430058 0.050696
v 0.108022 -0.400534 0.050696
v -0.073152 -0.411599 0.231871
v -0.073152 -0.430058 0.413046
v -0.073152 -0.430058 0.050696
v -0.209994 -0.433562 0.557229
v -0.264484 -0.433562 0.581847
v -0.254033 -0.386432 0.592559
v -0.206483 -0.386505 0.571872
v -0.297523 -0.433562 0.627553
v -0.283238 -0.386649 0.631792
v -0.297523 -0.433562 0.627553
v -0.310382 -0.433562 0.687006
v -0.295111 -0.387088 0.683190
v -0.283238 -0.386649 0.631792
v -0.286947 -0.433562 0.740193
v -0.275435 -0.387662 0.729592
v -0.238469 -0.433562 0.772619
v -0.233792 -0.388189 0.758297
v -0.182978 -0.433562 0.769583
v -0.185636 -0.388451 0.756337
v -0.122531 -0.433562 0.755722
v -0.133051 -0.388647 0.745050
v -0.088189 -0.433562 0.708833
v -0.102702 -0.388426 0.704807
v -0.090370 -0.433562 0.651141
v -0.103892 -0.387924 0.654754
v -0.122120 -0.433562 0.599793
v -0.130800 -0.387323 0.609845
v -0.155885 -0.433562 0.562101
v -0.159622 -0.386827 0.576752
v -0.116660 -0.347813 0.643369
v -0.108154 -0.349195 0.687424
v -0.108154 -0.349195 0.687424
v -0.128929 -0.348288 0.727543
v -0.128929 -0.348288 0.727543
v -0.173629 -0.345191 0.745409
v -0.215812 -0.342137 0.754369
v -0.215812 -0.342137 0.754369
v -0.256820 -0.338703 0.735251
v -0.281088 -0.336224 0.697196
v -0.281088 -0.336224 0.697196
v -0.278272 -0.335649 0.649992
v -0.278272 -0.335649 0.649992
v -0.258356 -0.336509 0.610938
v -0.219497 -0.339035 0.585519
v -0.177436 -0.342184 0.582799
v -0.177436 -0.342184 0.582799
v -0.147084 -0.344906 0.607719
v -0.108154 -0.349195 0.687424
v -0.315717 -0.415496 0.658513
v -0.360678 -0.410080 0.628061
v -0.315717 -0.415496 0.658513
v -0.318740 -0.371062 0.655410
v -0.338018 -0.371260 0.639007
v -0.250402 -0.381601 0.553395
v -0.247379 -0.426035 0.556498
v -0.292340 -0.420619 0.526045
v -0.269680 -0.381798 0.536991
v -0.047985 -0.381174 0.654919
v -0.118395 -0.381209 0.553771
v -0.101261 -0.422433 0.541633
v -0.145943 -0.422530 0.572965
v -0.140599 -0.378808 0.565686
v -0.118395 -0.381209 0.553771
v -0.070189 -0.378772 0.666834
v -0.075534 -0.422494 0.674112
v -0.030851 -0.422398 0.642780
v -0.047985 -0.381174 0.654919
v -0.277106 -0.146673 0.543803
v -0.281152 -0.158667 0.529983
v -0.273795 -0.166648 0.538984
v -0.270722 -0.157047 0.549578
v -0.281152 -0.158667 0.529983
v -0.268716 -0.163294 0.517944
v -0.264047 -0.170380 0.529685
v -0.273795 -0.166648 0.538984
v -0.268716 -0.163294 0.517944
v -0.252234 -0.155928 0.519726
v -0.251227 -0.164511 0.530979
v -0.264047 -0.170380 0.529685
v -0.252234 -0.155928 0.519726
v -0.248188 -0.143934 0.533547
v -0.248154 -0.154909 0.541573
v -0.251227 -0.164511 0.530979
v -0.248188 -0.143934 0.533547
v -0.260623 -0.139306 0.545585
v -0.257902 -0.151178 0.550872
v -0.248154 -0.154909 0.541573
v -0.260623 -0.139306 0.545585
v -0.277106 -0.146673 0.543803
v -0.270722 -0.157047 0.549578
v -0.257902 -0.151178 0.550872
v -0.252234 -0.155928 0.519726
v -0.209165 -0.252280 0.623197
v -0.223516 -0.255277 0.626884
v -0.214189 -0.249560 0.626880
v -0.209165 -0.252280 0.623197
v -0.224371 -0.261599 0.623204
v -0.199570 -0.283172 0.665516
v -0.207478 -0.288018 0.665520
v -0.208332 -0.294340 0.661840
v -0.194547 -0.285892 0.661834
v -0.231383 -0.251189 0.632978
v -0.223516 -0.255277 0.626884
v -0.224371 -0.261599 0.623204
v -0.237195 -0.254935 0.633139
v -0.207478 -0.288018 0.665520
v -0.214147 -0.284553 0.670686
v -0.219958 -0.288299 0.670847
v -0.208332 -0.294340 0.661840
v -0.229922 -0.241384 0.639069
v -0.234814 -0.238952 0.643067
v -0.212908 -0.276241 0.675849
v -0.217799 -0.273808 0.679848
v -0.220595 -0.235668 0.639064
v -0.219608 -0.229633 0.643060
v -0.205001 -0.271395 0.675845
v -0.204014 -0.265360 0.679842
v -0.212728 -0.239756 0.632970
v -0.206784 -0.236297 0.633125
v -0.198332 -0.274861 0.670679
v -0.192388 -0.271402 0.670834
v -0.239133 -0.197300 0.561414
v -0.236610 -0.187629 0.570470
v -0.223200 -0.219811 0.605114
v -0.225101 -0.229560 0.597796
v -0.250760 -0.203117 0.560563
v -0.239133 -0.197300 0.561414
v -0.225101 -0.229560 0.597796
v -0.235382 -0.235318 0.597445
v -0.259865 -0.199263 0.568768
v -0.250760 -0.203117 0.560563
v -0.235382 -0.235318 0.597445
v -0.243762 -0.231327 0.604414
v -0.257343 -0.189593 0.577823
v -0.259865 -0.199263 0.568768
v -0.243762 -0.231327 0.604414
v -0.241861 -0.221578 0.611733
v -0.245716 -0.183776 0.578674
v -0.257343 -0.189593 0.577823
v -0.241861 -0.221578 0.611733
v -0.231580 -0.215820 0.612083
v -0.236610 -0.187629 0.570470
v -0.245716 -0.183776 0.578674
v -0.231580 -0.215820 0.612083
v -0.223200 -0.219811 0.605114
v -0.212728 -0.239756 0.632970
v -0.214189 -0.249560 0.626880
v -0.214189 -0.249560 0.626880
v -0.223516 -0.255277 0.626884
v -0.223516 -0.255277 0.626884
v -0.231383 -0.251189 0.632978
v -0.231383 -0.251189 0.632978
v -0.229922 -0.241384 0.639069
v -0.229922 -0.241384 0.639069
v -0.220595 -0.235668 0.639064
v -0.220595 -0.235668 0.639064
v -0.212728 -0.239756 0.632970
v -0.205257 -0.304757 0.638632
v -0.204920 -0.275554 0.654868
v -0.201125 -0.283749 0.663920
v -0.199633 -0.318025 0.651821
v -0.219647 -0.350689 0.620044
v -0.208057 -0.332074 0.625244
v -0.198346 -0.345991 0.649826
v -0.207289 -0.365026 0.652001
v -0.230088 -0.333200 0.594123
v -0.217357 -0.315046 0.602448
v -0.212795 -0.288439 0.620660
v -0.209754 -0.265043 0.643352
v -0.243401 -0.286863 0.565906
v -0.228483 -0.280329 0.578060
v -0.220544 -0.271668 0.602186
v -0.216201 -0.251096 0.627981
v -0.224811 -0.306608 0.645568
v -0.219187 -0.319877 0.658756
v -0.214782 -0.285042 0.668764
v -0.218577 -0.276848 0.659712
v -0.219647 -0.350689 0.620044
v -0.207289 -0.365026 0.652001
v -0.217900 -0.347843 0.656761
v -0.227611 -0.333926 0.632180
v -0.230088 -0.333200 0.594123
v -0.236911 -0.316898 0.609384
v -0.232349 -0.290292 0.627595
v -0.223412 -0.266336 0.648196
v -0.243401 -0.286863 0.565906
v -0.248037 -0.282181 0.584996
v -0.240098 -0.273520 0.609121
v -0.229858 -0.252390 0.632825
v -0.214782 -0.285042 0.668764
v -0.219187 -0.319877 0.658756
v -0.199633 -0.318025 0.651821
v -0.201125 -0.283749 0.663920
v -0.240098 -0.273520 0.609121
v -0.229858 -0.252390 0.632825
v -0.216201 -0.251096 0.627981
v -0.220544 -0.271668 0.602186
v -0.505807 0.061196 0.306002
v -0.492953 0.066214 0.302868
v -0.495398 0.059350 0.282567
v -0.509081 0.054007 0.285903
v -0.479533 0.061924 0.302653
v -0.481111 0.054782 0.282337
v -0.470672 0.049962 0.305439
v -0.471679 0.042048 0.285303
v -0.469756 0.034899 0.310162
v -0.470704 0.026013 0.290331
v -0.477134 0.022487 0.315018
v -0.478558 0.012801 0.295501
v -0.489988 0.017468 0.318152
v -0.492241 0.007458 0.298837
v -0.503408 0.021760 0.318367
v -0.506527 0.012026 0.299066
v -0.512268 0.033721 0.315582
v -0.515960 0.024759 0.296101
v -0.513184 0.048784 0.310858
v -0.516935 0.040795 0.291073
v -0.513184 0.048784 0.310858
v -0.516935 0.040795 0.291073
v -0.496415 0.071879 0.323454
v -0.487577 0.073567 0.318579
v -0.493531 0.062170 0.302119
v -0.504471 0.057899 0.304787
v -0.477874 0.070012 0.317980
v -0.482109 0.058518 0.301937
v -0.471012 0.062572 0.321885
v -0.474568 0.048338 0.304307
v -0.469612 0.054089 0.328805
v -0.473789 0.035518 0.308327
v -0.474209 0.047802 0.336093
v -0.480068 0.024954 0.312460
v -0.483047 0.046114 0.340969
v -0.491007 0.020683 0.315128
v -0.492750 0.049669 0.341568
v -0.502429 0.024335 0.315311
v -0.499612 0.057110 0.337663
v -0.509971 0.034515 0.312940
v -0.501012 0.065593 0.330744
v -0.510750 0.047336 0.308920
v -0.501012 0.065593 0.330744
v -0.510750 0.047336 0.308920
v -0.483976 0.094445 0.340617
v -0.478848 0.092495 0.335508
v -0.471946 0.089514 0.334542
v -0.465906 0.086641 0.338088
v -0.463036 0.084973 0.344791
v -0.464431 0.085149 0.352092
v -0.469559 0.087099 0.357201
v -0.476461 0.090080 0.358166
v -0.482501 0.092953 0.354622
v -0.485372 0.094621 0.347918
v -0.485372 0.094621 0.347918
v -0.472899 0.115640 0.341228
v -0.470245 0.113129 0.338064
v -0.466032 0.110977 0.337310
v -0.461871 0.110006 0.339252
v -0.459350 0.110587 0.343149
v -0.459431 0.112498 0.347513
v -0.462086 0.115009 0.350677
v -0.466298 0.117160 0.351431
v -0.470459 0.118131 0.349489
v -0.472981 0.117550 0.345592
v -0.472981 0.117550 0.345592
v -0.459359 0.132851 0.334398
v -0.457572 0.133483 0.335796
v -0.456291 0.104903 0.343785
v -0.464576 0.104940 0.334945
v -0.457572 0.133483 0.335796
v -0.457890 0.135190 0.337572
v -0.458937 0.110451 0.354584
v -0.456291 0.104903 0.343785
v -0.459996 0.136265 0.337949
v -0.461784 0.135634 0.336551
v -0.478152 0.116070 0.347703
v -0.469867 0.116034 0.356543
v -0.461784 0.135634 0.336551
v -0.461465 0.133927 0.334775
v -0.475506 0.110523 0.336905
v -0.478152 0.116070 0.347703
v -0.458937 0.110451 0.354584
v -0.509409 0.055895 0.136678
v -0.512683 0.048707 0.156777
v -0.499000 0.054049 0.160113
v -0.496555 0.060914 0.139812
v -0.484714 0.049481 0.160342
v -0.483135 0.056623 0.140027
v -0.475282 0.036748 0.157377
v -0.474275 0.044661 0.137241
v -0.474306 0.020712 0.152349
v -0.473358 0.029598 0.132518
v -0.482160 0.007500 0.147179
v -0.480736 0.017187 0.127662
v -0.495843 0.002157 0.143843
v -0.493590 0.012168 0.124528
v -0.510130 0.006726 0.143614
v -0.507010 0.016459 0.124312
v -0.519562 0.019459 0.146579
v -0.515871 0.028421 0.127098
v -0.520537 0.035494 0.151607
v -0.516787 0.043484 0.131822
v -0.516787 0.043484 0.131822
v -0.520537 0.035494 0.151607
v -0.480736 0.017187 0.127662
v -0.500017 0.066579 0.119226
v -0.508073 0.052598 0.137893
v -0.497134 0.056870 0.140560
v -0.491180 0.068267 0.124101
v -0.485712 0.053218 0.140744
v -0.481476 0.064711 0.124700
v -0.478171 0.043037 0.138373
v -0.474615 0.057272 0.120794
v -0.477391 0.030217 0.134352
v -0.473215 0.048788 0.113875
v -0.483670 0.019654 0.130220
v -0.477812 0.042502 0.106587
v -0.494610 0.015382 0.127552
v -0.486650 0.040814 0.101711
v -0.506032 0.019034 0.127369
v -0.496353 0.044369 0.101112
v -0.513573 0.029215 0.129740
v -0.503215 0.051809 0.105017
v -0.514353 0.042035 0.133760
v -0.504614 0.060292 0.111936
v -0.504614 0.060292 0.111936
v -0.514353 0.042035 0.133760
v -0.482450 0.087194 0.107171
v -0.487578 0.089145 0.102063
v -0.475548 0.084213 0.108138
v -0.469508 0.081340 0.104592
v -0.466638 0.079673 0.097889
v -0.468033 0.079848 0.090588
v -0.473161 0.081799 0.085479
v -0.480064 0.084780 0.084514
v -0.486103 0.087653 0.088058
v -0.488974 0.089320 0.094762
v -0.488974 0.089320 0.094762
v -0.473847 0.107828 0.104615
v -0.476501 0.110339 0.101452
v -0.469634 0.105677 0.105370
v -0.465473 0.104706 0.103428
v -0.462952 0.105287 0.099531
v -0.463034 0.107197 0.095167
v -0.465688 0.109708 0.092003
v -0.469900 0.111860 0.091249
v -0.474062 0.112831 0.093191
v -0.476583 0.112250 0.097087
v -0.476583 0.112250 0.097087
v -0.462961 0.127551 0.108282
v -0.468179 0.099639 0.107735
v -0.459893 0.099603 0.098895
v -0.461174 0.128182 0.106884
v -0.461174 0.128182 0.106884
v -0.459893 0.099603 0.098895
v -0.462539 0.105150 0.088096
v -0.461493 0.129889 0.105108
v -0.463599 0.130965 0.104731
v -0.473469 0.110734 0.086137
v -0.481754 0.110769 0.094977
v -0.465386 0.130334 0.106129
v -0.465386 0.130334 0.106129
v -0.481754 0.110769 0.094977
v -0.479109 0.105223 0.105775
v -0.465067 0.128627 0.107905
v -0.251390 0.125767 0.771219
v -0.251655 0.125767 0.772057
vt 0.198708 0.637534
vt 0.234555 0.810452
vt 0.237885 0.660782
vt 0.156512 0.657538
vt 0.157310 0.809737
vt 0.032586 0.305514
vt 0.138994 0.214943
vt 0.032703 0.214805
vt 0.344498 0.305514
vt 0.344615 0.215210
vt 0.226915 0.215057
vt 0.344863 0.024180
vt 0.227035 0.122413
vt 0.344735 0.122566
vt 0.555366 0.620808
vt 0.525425 0.621990
vt 0.545979 0.640150
vt 0.555366 0.620808
vt 0.545979 0.640150
vt 0.525425 0.621990
vt 0.703497 0.632040
vt 0.703766 0.644967
vt 0.709725 0.620711
vt 0.751722 0.631037
vt 0.745762 0.655292
vt 0.751990 0.643963
vt 0.408401 0.317210
vt 0.426405 0.315345
vt 0.390399 0.315345
vt 0.408401 0.317210
vt 0.426405 0.315345
vt 0.390399 0.315345
vt 0.408393 0.317216
vt 0.426397 0.315351
vt 0.390392 0.315351
vt 0.627038 0.072824
vt 0.629668 0.078340
vt 0.650736 0.078532
vt 0.675500 0.071756
vt 0.672445 0.078298
vt 0.600993 0.074672
vt 0.579813 0.068877
vt 0.582426 0.074473
vt 0.621262 0.069791
vt 0.619012 0.074508
vt 0.627038 0.072824
vt 0.629668 0.078340
vt 0.650736 0.078532
vt 0.675500 0.071756
vt 0.672445 0.078298
vt 0.600993 0.074672
vt 0.579813 0.068877
vt 0.582426 0.074473
vt 0.621262 0.069791
vt 0.619012 0.074508
vt 0.627038 0.072824
vt 0.650736 0.078532
vt 0.629668 0.078340
vt 0.675500 0.071756
vt 0.672445 0.078298
vt 0.600993 0.074672
vt 0.582426 0.074473
vt 0.579813 0.068877
vt 0.621262 0.069791
vt 0.619012 0.074508
vt 0.220644 0.128904
vt 0.207065 0.139746
vt 0.220956 0.139618
vt 0.220638 0.128912
vt 0.220949 0.139623
vt 0.207062 0.139750
vt 0.220644 0.128904
vt 0.207065 0.139746
vt 0.220956 0.139618
vt 0.220638 0.128912
vt 0.220949 0.139623
vt 0.207062 0.139750
vt 0.220644 0.128904
vt 0.207065 0.139746
vt 0.220956 0.139618
vt 0.220644 0.128904
vt 0.220956 0.139618
vt 0.207065 0.139746
vt 0.220644 0.128904
vt 0.207065 0.139746
vt 0.220956 0.139618
vt 0.220644 0.128904
vt 0.220956 0.139618
vt 0.207065 0.139746
vt 0.949122 0.597231
vt 0.955406 0.598935
vt 0.961638 0.596347
vt 0.961430 0.578168
vt 0.955147 0.576465
vt 0.948914 0.579054
vt 0.949123 0.597232
vt 0.955406 0.598935
vt 0.961638 0.596348
vt 0.961430 0.578168
vt 0.955147 0.576465
vt 0.948914 0.579054
vt 0.860312 0.451857
vt 0.874741 0.453387
vt 0.868700 0.443409
vt 0.537019 0.284964
vt 0.536350 0.273283
vt 0.546464 0.281809
vt 0.537019 0.284964
vt 0.536350 0.273283
vt 0.546464 0.281809
vt 0.537019 0.284964
vt 0.546464 0.281809
vt 0.536350 0.273283
vt 0.204156 0.857615
vt 0.271518 0.856214
vt 0.271518 0.901396
vt 0.204156 0.899995
vt 0.010645 0.858310
vt 0.204156 0.857615
vt 0.204156 0.899995
vt 0.010645 0.899297
vt 0.204156 0.857615
vt 0.010645 0.858310
vt 0.010645 0.899297
vt 0.204156 0.899995
vt 0.008767 0.853584
vt 0.152514 0.854868
vt 0.147622 0.650113
vt 0.012735 0.644234
vt 0.147622 0.650113
vt 0.152514 0.854868
vt 0.008767 0.853584
vt 0.012735 0.644234
vt 0.059247 0.588517
vt 0.087227 0.575408
vt 0.204111 0.622597
vt 0.204330 0.573554
vt 0.087227 0.575408
vt 0.009995 0.569599
vt 0.316824 0.570065
vt 0.316985 0.334568
vt 0.010155 0.334103
vt 0.566967 0.211539
vt 0.566967 0.239347
vt 0.629407 0.242384
vt 0.629108 0.214280
vt 0.705424 0.239521
vt 0.705742 0.213331
vt 0.773908 0.241927
vt 0.774203 0.215096
vt 0.822129 0.240247
vt 0.822129 0.214523
vt 0.514444 0.402537
vt 0.514444 0.415372
vt 0.526844 0.415372
vt 0.526844 0.402537
vt 0.551999 0.402537
vt 0.551999 0.415372
vt 0.564669 0.415372
vt 0.564669 0.402537
vt 0.481995 0.432843
vt 0.471706 0.449305
vt 0.481995 0.454792
vt 0.492285 0.449305
vt 0.492285 0.438331
vt 0.627840 0.440285
vt 0.649325 0.454437
vt 0.638135 0.450043
vt 0.627840 0.440285
vt 0.638135 0.450043
vt 0.649325 0.454437
vt 0.587934 0.407259
vt 0.582871 0.420766
vt 0.588185 0.439122
vt 0.595805 0.411663
vt 0.582871 0.420766
vt 0.576238 0.424739
vt 0.583448 0.435461
vt 0.588185 0.439122
vt 0.645320 0.565656
vt 0.663068 0.565657
vt 0.663068 0.557037
vt 0.628080 0.565656
vt 0.645320 0.565656
vt 0.645320 0.557037
vt 0.611505 0.565656
vt 0.628080 0.565656
vt 0.628080 0.557037
vt 0.611503 0.557037
vt 0.595075 0.565662
vt 0.611505 0.565656
vt 0.611503 0.557037
vt 0.595073 0.557045
vt 0.579433 0.565670
vt 0.595075 0.565662
vt 0.595073 0.557045
vt 0.579431 0.557052
vt 0.663068 0.565657
vt 0.682203 0.565656
vt 0.682203 0.557036
vt 0.663068 0.557037
vt 0.680069 0.478679
vt 0.687342 0.468265
vt 0.658207 0.468260
vt 0.665470 0.478685
vt 0.665506 0.457893
vt 0.680029 0.457886
vt 0.616080 0.372041
vt 0.619967 0.373248
vt 0.622910 0.364541
vt 0.619586 0.360479
vt 0.576422 0.367054
vt 0.572607 0.369039
vt 0.574931 0.380349
vt 0.579220 0.380289
vt 0.618617 0.383510
vt 0.573607 0.390062
vt 0.578360 0.393861
vt 0.614474 0.383641
vt 0.615443 0.396067
vt 0.620348 0.393075
vt 0.619586 0.360479
vt 0.619967 0.373248
vt 0.616080 0.372041
vt 0.573305 0.354868
vt 0.576423 0.367054
vt 0.572607 0.369039
vt 0.569637 0.359136
vt 0.618617 0.383510
vt 0.614475 0.383641
vt 0.579220 0.380289
vt 0.574931 0.380349
vt 0.620348 0.393075
vt 0.615443 0.396067
vt 0.578360 0.393861
vt 0.573607 0.390062
vt 0.573306 0.354868
vt 0.569637 0.359136
vt 0.595079 0.577424
vt 0.611505 0.565656
vt 0.595075 0.565662
vt 0.611507 0.577419
vt 0.628080 0.577419
vt 0.628080 0.565656
vt 0.611505 0.565656
vt 0.628080 0.577419
vt 0.645320 0.577419
vt 0.645320 0.565656
vt 0.628080 0.565656
vt 0.645320 0.577419
vt 0.663068 0.577419
vt 0.663068 0.565657
vt 0.645320 0.565656
vt 0.663068 0.577419
vt 0.682203 0.565656
vt 0.663068 0.565657
vt 0.579439 0.577431
vt 0.595079 0.577424
vt 0.595075 0.565662
vt 0.475770 0.455325
vt 0.466987 0.462784
vt 0.468340 0.475726
vt 0.478477 0.481208
vt 0.347338 0.540059
vt 0.364235 0.537567
vt 0.361352 0.520540
vt 0.342683 0.476976
vt 0.361217 0.475862
vt 0.362972 0.459025
vt 0.344748 0.457135
vt 0.364235 0.537567
vt 0.347338 0.540059
vt 0.344424 0.520271
vt 0.361352 0.520540
vt 0.361217 0.475862
vt 0.344748 0.457135
vt 0.362972 0.459025
vt 0.220222 0.595179
vt 0.232442 0.591968
vt 0.233884 0.586760
vt 0.219438 0.583879
vt 0.233884 0.586760
vt 0.235697 0.577649
vt 0.221250 0.574774
vt 0.222594 0.604159
vt 0.234799 0.600948
vt 0.232442 0.591968
vt 0.220222 0.595179
vt 0.210959 0.595820
vt 0.220222 0.595179
vt 0.219438 0.583879
vt 0.210177 0.584519
vt 0.308714 0.586081
vt 0.310371 0.601710
vt 0.315830 0.600895
vt 0.317127 0.586207
vt 0.317127 0.586207
vt 0.315830 0.600895
vt 0.325129 0.601731
vt 0.326425 0.587016
vt 0.299412 0.587062
vt 0.301074 0.602722
vt 0.310371 0.601710
vt 0.308714 0.586081
vt 0.310371 0.601710
vt 0.311744 0.611057
vt 0.317252 0.610242
vt 0.315830 0.600895
vt 0.308859 0.577039
vt 0.317127 0.586207
vt 0.317253 0.577163
vt 0.358855 0.609095
vt 0.358383 0.584027
vt 0.338193 0.584865
vt 0.338663 0.609932
vt 0.414243 0.614163
vt 0.418771 0.594355
vt 0.399013 0.589480
vt 0.394498 0.609284
vt 0.748398 0.675457
vt 0.748784 0.691477
vt 0.659783 0.688498
vt 0.660428 0.678715
vt 0.578565 0.691342
vt 0.579945 0.676595
vt 0.748398 0.675457
vt 0.660428 0.678715
vt 0.659783 0.688498
vt 0.579945 0.676595
vt 0.578565 0.691342
vt 0.735680 0.392351
vt 0.834453 0.392351
vt 0.835030 0.382989
vt 0.735271 0.377828
vt 0.735271 0.377828
vt 0.835030 0.382989
vt 0.836912 0.346779
vt 0.737131 0.341597
vt 0.735672 0.428636
vt 0.834459 0.428636
vt 0.834453 0.392351
vt 0.735680 0.392351
vt 0.358854 0.609097
vt 0.338661 0.609932
vt 0.338191 0.584864
vt 0.358382 0.584027
vt 0.414245 0.614164
vt 0.394499 0.609285
vt 0.399014 0.589479
vt 0.418774 0.594355
vt 0.139115 0.122299
vt 0.032824 0.122161
vt 0.367259 0.122595
vt 0.367259 0.024180
vt 0.344863 0.024180
vt 0.344735 0.122566
vt 0.367259 0.215239
vt 0.344615 0.215210
vt 0.367259 0.305514
vt 0.344498 0.305514
vt 0.010555 0.024180
vt 0.010428 0.122132
vt 0.032824 0.122161
vt 0.032951 0.024180
vt 0.010307 0.214776
vt 0.032703 0.214805
vt 0.032586 0.305514
vt 0.032951 0.024180
vt 0.032980 0.001349
vt 0.032951 0.024180
vt 0.344863 0.024180
vt 0.344892 0.001754
vt 0.032586 0.305514
vt 0.032557 0.327476
vt 0.344469 0.327881
vt 0.344498 0.305514
vt 0.362282 0.405026
vt 0.362002 0.420574
vt 0.366540 0.420627
vt 0.366819 0.405137
vt 0.362002 0.420574
vt 0.330516 0.419972
vt 0.344622 0.438430
vt 0.364777 0.424145
vt 0.373688 0.436665
vt 0.364777 0.424145
vt 0.344622 0.438430
vt 0.353504 0.450978
vt 0.330767 0.404645
vt 0.330516 0.419972
vt 0.362002 0.420574
vt 0.362282 0.405026
vt 0.362282 0.405026
vt 0.366819 0.405137
vt 0.366541 0.420627
vt 0.362002 0.420574
vt 0.362002 0.420574
vt 0.364778 0.424144
vt 0.344622 0.438430
vt 0.330516 0.419972
vt 0.373688 0.436665
vt 0.353504 0.450978
vt 0.344622 0.438430
vt 0.364778 0.424144
vt 0.330767 0.404645
vt 0.362282 0.405026
vt 0.362002 0.420574
vt 0.330516 0.419972
vt 0.579622 0.625485
vt 0.557362 0.640988
vt 0.564761 0.662583
vt 0.580476 0.661685
vt 0.535133 0.601239
vt 0.526845 0.603327
vt 0.515615 0.633980
vt 0.533779 0.656167
vt 0.579622 0.625485
vt 0.580476 0.661685
vt 0.564761 0.662583
vt 0.557362 0.640988
vt 0.526845 0.603327
vt 0.533779 0.656167
vt 0.515615 0.633980
vt 0.523988 0.718247
vt 0.550740 0.718669
vt 0.576483 0.581689
vt 0.554962 0.581699
vt 0.554955 0.597452
vt 0.576476 0.597484
vt 0.588662 0.581696
vt 0.576483 0.581689
vt 0.576476 0.597484
vt 0.588654 0.597490
vt 0.678338 0.581744
vt 0.669282 0.581740
vt 0.669273 0.597537
vt 0.678328 0.597542
vt 0.636647 0.581726
vt 0.608401 0.581707
vt 0.608393 0.597502
vt 0.636638 0.597515
vt 0.608401 0.581707
vt 0.588662 0.581696
vt 0.588654 0.597490
vt 0.608393 0.597502
vt 0.554962 0.581699
vt 0.487466 0.581644
vt 0.487458 0.597440
vt 0.554955 0.597452
vt 0.554962 0.581699
vt 0.576483 0.581689
vt 0.576476 0.597484
vt 0.554955 0.597452
vt 0.669282 0.581740
vt 0.678338 0.581744
vt 0.678328 0.597542
vt 0.669273 0.597537
vt 0.588662 0.581696
vt 0.608401 0.581707
vt 0.608393 0.597502
vt 0.588654 0.597490
vt 0.608401 0.581707
vt 0.636647 0.581726
vt 0.636638 0.597515
vt 0.608393 0.597502
vt 0.769639 0.651693
vt 0.776566 0.655127
vt 0.776876 0.635825
vt 0.767555 0.635563
vt 0.786196 0.636039
vt 0.769050 0.656354
vt 0.776390 0.660423
vt 0.776566 0.655127
vt 0.769639 0.651693
vt 0.776390 0.660423
vt 0.783467 0.656971
vt 0.783360 0.652036
vt 0.776566 0.655127
vt 0.783360 0.652036
vt 0.789129 0.652754
vt 0.791961 0.636729
vt 0.786196 0.636039
vt 0.763891 0.652210
vt 0.769639 0.651693
vt 0.767555 0.635563
vt 0.761781 0.636010
vt 0.721785 0.662257
vt 0.745028 0.619977
vt 0.733703 0.613746
vt 0.720782 0.614015
vt 0.710460 0.656026
vt 0.734706 0.661988
vt 0.600539 0.939346
vt 0.600318 0.907033
vt 0.611602 0.906953
vt 0.611815 0.939264
vt 0.600539 0.939346
vt 0.611815 0.939264
vt 0.611602 0.906953
vt 0.600318 0.907033
vt 0.918026 0.263616
vt 0.931187 0.286410
vt 0.957508 0.286196
vt 0.970667 0.263616
vt 0.957508 0.240822
vt 0.931187 0.240822
vt 0.239664 0.713314
vt 0.258710 0.746302
vt 0.296801 0.745992
vt 0.315846 0.713314
vt 0.296801 0.680327
vt 0.258710 0.680327
vt 0.621440 0.720752
vt 0.616770 0.720752
vt 0.616770 0.727266
vt 0.621440 0.727266
vt 0.982500 0.722041
vt 0.989364 0.722142
vt 0.988048 0.694953
vt 0.981184 0.694852
vt 0.995131 0.718586
vt 0.994168 0.698683
vt 0.975416 0.698408
vt 0.976380 0.718311
vt 0.972290 0.704667
vt 0.998258 0.712327
vt 0.997905 0.705042
vt 0.632629 0.660273
vt 0.632629 0.652215
vt 0.585126 0.652215
vt 0.632629 0.652215
vt 0.632629 0.644505
vt 0.585126 0.644505
vt 0.585126 0.652215
vt 0.632629 0.644505
vt 0.632629 0.636445
vt 0.585126 0.636445
vt 0.585126 0.644505
vt 0.632629 0.628080
vt 0.632629 0.620657
vt 0.585126 0.620657
vt 0.585126 0.628079
vt 0.632629 0.620657
vt 0.632629 0.612305
vt 0.585126 0.612305
vt 0.585126 0.620657
vt 0.664117 0.425566
vt 0.656733 0.437835
vt 0.664181 0.450016
vt 0.679015 0.449938
vt 0.686402 0.437669
vt 0.678953 0.425479
vt 0.862652 0.294818
vt 0.900958 0.295147
vt 0.901080 0.287611
vt 0.862738 0.287145
vt 0.862738 0.287145
vt 0.900850 0.261062
vt 0.862513 0.260394
vt 0.862513 0.260394
vt 0.900850 0.261062
vt 0.901105 0.248424
vt 0.862745 0.247734
vt 0.908542 0.288975
vt 0.913220 0.263350
vt 0.900850 0.261062
vt 0.901080 0.287611
vt 0.850116 0.262865
vt 0.855231 0.288633
vt 0.862738 0.287145
vt 0.862513 0.260394
vt 0.968933 0.438529
vt 0.968933 0.541315
vt 0.990302 0.541315
vt 0.990302 0.438529
vt 0.990302 0.377804
vt 0.990301 0.275017
vt 0.968932 0.275017
vt 0.968933 0.377804
vt 0.968933 0.377804
vt 0.968933 0.438529
vt 0.990302 0.438529
vt 0.990302 0.377804
vt 0.838109 0.242946
vt 0.882559 0.242946
vt 0.882627 0.220025
vt 0.838109 0.220025
vt 0.838109 0.220025
vt 0.882627 0.220025
vt 0.882559 0.214516
vt 0.838109 0.214516
vt 0.761114 0.125281
vt 0.793028 0.125281
vt 0.793028 0.108849
vt 0.761162 0.108849
vt 0.888136 0.242947
vt 0.888136 0.220025
vt 0.882627 0.220025
vt 0.882559 0.242946
vt 0.755083 0.109138
vt 0.731835 0.108988
vt 0.729677 0.121890
vt 0.757076 0.122066
vt 0.919081 0.230139
vt 0.919296 0.175990
vt 0.893660 0.179994
vt 0.893562 0.225961
vt 0.891819 0.169066
vt 0.893660 0.179994
vt 0.919296 0.175990
vt 0.917552 0.164869
vt 0.893562 0.225961
vt 0.891845 0.236798
vt 0.917357 0.240962
vt 0.919081 0.230139
vt 0.743574 0.104480
vt 0.850272 0.102825
vt 0.850272 0.088665
vt 0.743574 0.088665
vt 0.743574 0.088665
vt 0.850272 0.088665
vt 0.850272 0.020501
vt 0.743574 0.020501
vt 0.743574 0.020501
vt 0.850272 0.020501
vt 0.850272 0.003030
vt 0.865709 0.090825
vt 0.865709 0.015405
vt 0.850272 0.020501
vt 0.850272 0.088665
vt 0.728224 0.016685
vt 0.727304 0.092105
vt 0.743574 0.088665
vt 0.743574 0.020501
vt 0.983460 0.080071
vt 0.883113 0.080071
vt 0.883113 0.088298
vt 0.983460 0.088298
vt 0.883113 0.088298
vt 0.883113 0.147522
vt 0.983460 0.147522
vt 0.983460 0.147522
vt 0.883113 0.147522
vt 0.883113 0.154776
vt 0.983460 0.155066
vt 0.873752 0.076169
vt 0.992940 0.076169
vt 0.992940 0.005826
vt 0.873752 0.005826
vt 0.991462 0.147522
vt 0.991462 0.088298
vt 0.983460 0.088298
vt 0.983460 0.147522
vt 0.952457 0.996821
vt 0.970560 0.997140
vt 0.970981 0.973276
vt 0.955902 0.974128
vt 0.624658 0.959808
vt 0.613835 0.988165
vt 0.623014 0.991721
vt 0.633890 0.963368
vt 0.639268 0.971669
vt 0.632533 0.989195
vt 0.615092 0.962349
vt 0.608834 0.970042
vt 0.608284 0.979956
vt 0.223918 0.910653
vt 0.233000 0.910653
vt 0.233000 0.907305
vt 0.223918 0.907305
vt 0.242220 0.910653
vt 0.242220 0.907305
vt 0.251161 0.910653
vt 0.251160 0.907305
vt 0.260035 0.910653
vt 0.260035 0.907305
vt 0.268544 0.910653
vt 0.268544 0.907305
vt 0.277163 0.910653
vt 0.277163 0.907305
vt 0.207906 0.910653
vt 0.215683 0.910653
vt 0.215683 0.907305
vt 0.207906 0.907305
vt 0.853675 0.858557
vt 0.855302 0.845863
vt 0.843172 0.844352
vt 0.841518 0.857027
vt 0.649959 0.965912
vt 0.696430 0.965912
vt 0.696430 0.952047
vt 0.649959 0.952047
vt 0.696430 0.972673
vt 0.649959 0.972673
vt 0.649959 0.984788
vt 0.696430 0.984788
vt 0.649959 0.984788
vt 0.649959 0.991922
vt 0.696430 0.991922
vt 0.696430 0.984788
vt 0.696430 0.972673
vt 0.696430 0.965912
vt 0.649959 0.965912
vt 0.649959 0.972673
vt 0.958798 0.528001
vt 0.958798 0.513416
vt 0.892225 0.513416
vt 0.892225 0.528002
vt 0.892225 0.495377
vt 0.892225 0.507565
vt 0.958798 0.507565
vt 0.958798 0.495376
vt 0.958798 0.507565
vt 0.892225 0.507565
vt 0.892225 0.513416
vt 0.958798 0.513416
vt 0.892225 0.495377
vt 0.958798 0.495376
vt 0.958798 0.490659
vt 0.892225 0.490659
vt 0.650085 0.965852
vt 0.696430 0.965852
vt 0.696430 0.952047
vt 0.650085 0.952047
vt 0.696430 0.972605
vt 0.650085 0.972605
vt 0.650085 0.984705
vt 0.696430 0.984705
vt 0.650085 0.984705
vt 0.650085 0.991922
vt 0.696430 0.991922
vt 0.696430 0.984705
vt 0.696430 0.972605
vt 0.696430 0.965852
vt 0.650085 0.965852
vt 0.650085 0.972605
vt 0.958798 0.528001
vt 0.958798 0.513415
vt 0.892225 0.513415
vt 0.892225 0.528001
vt 0.892225 0.495377
vt 0.892225 0.507565
vt 0.958798 0.507565
vt 0.958798 0.495376
vt 0.958798 0.507565
vt 0.892225 0.507565
vt 0.892225 0.513415
vt 0.958798 0.513415
vt 0.892225 0.495377
vt 0.958798 0.495376
vt 0.958798 0.490658
vt 0.892225 0.490658
vt 0.592711 0.965417
vt 0.588222 0.951603
vt 0.550219 0.951608
vt 0.545739 0.965419
vt 0.550215 0.979216
vt 0.588215 0.979224
vt 0.576476 0.987751
vt 0.561961 0.987757
vt 0.576475 0.943077
vt 0.561967 0.943074
vt 0.797692 0.676526
vt 0.795813 0.667596
vt 0.772302 0.670825
vt 0.773357 0.675835
vt 0.795813 0.667596
vt 0.792431 0.659122
vt 0.770406 0.666076
vt 0.772302 0.670825
vt 0.791452 0.693604
vt 0.795301 0.685331
vt 0.772017 0.680774
vt 0.769856 0.685414
vt 0.795301 0.685331
vt 0.773357 0.675835
vt 0.772017 0.680774
vt 0.797702 0.676526
vt 0.795820 0.667591
vt 0.772294 0.670822
vt 0.773350 0.675834
vt 0.795820 0.667591
vt 0.792437 0.659110
vt 0.770398 0.666069
vt 0.791458 0.693615
vt 0.795308 0.685336
vt 0.772010 0.680776
vt 0.769848 0.685420
vt 0.795308 0.685336
vt 0.797702 0.676526
vt 0.773350 0.675834
vt 0.772010 0.680776
vt 0.797702 0.676526
vt 0.795820 0.667591
vt 0.772294 0.670822
vt 0.773350 0.675834
vt 0.795820 0.667591
vt 0.792437 0.659111
vt 0.770398 0.666069
vt 0.791457 0.693615
vt 0.795308 0.685336
vt 0.772010 0.680776
vt 0.769848 0.685420
vt 0.795308 0.685336
vt 0.797702 0.676526
vt 0.773350 0.675834
vt 0.772010 0.680776
vt 0.797692 0.676526
vt 0.795813 0.667596
vt 0.772302 0.670825
vt 0.773357 0.675835
vt 0.795813 0.667596
vt 0.792431 0.659122
vt 0.770406 0.666076
vt 0.772302 0.670825
vt 0.791452 0.693604
vt 0.772017 0.680774
vt 0.769856 0.685414
vt 0.795301 0.685331
vt 0.797692 0.676526
vt 0.773357 0.675835
vt 0.772017 0.680774
vt 0.797692 0.676526
vt 0.795813 0.667596
vt 0.772302 0.670825
vt 0.773357 0.675835
vt 0.795813 0.667596
vt 0.792431 0.659122
vt 0.770406 0.666076
vt 0.772302 0.670825
vt 0.791452 0.693604
vt 0.795301 0.685331
vt 0.772017 0.680774
vt 0.769856 0.685414
vt 0.795301 0.685331
vt 0.797692 0.676526
vt 0.773357 0.675835
vt 0.592711 0.965417
vt 0.588222 0.951603
vt 0.550219 0.951608
vt 0.545739 0.965419
vt 0.550215 0.979216
vt 0.588215 0.979224
vt 0.576476 0.987751
vt 0.561961 0.987757
vt 0.576475 0.943077
vt 0.561967 0.943074
vt 0.797692 0.676526
vt 0.795813 0.667596
vt 0.772302 0.670825
vt 0.773357 0.675835
vt 0.795813 0.667596
vt 0.792431 0.659122
vt 0.770406 0.666076
vt 0.772302 0.670825
vt 0.791452 0.693604
vt 0.772017 0.680774
vt 0.769856 0.685414
vt 0.795301 0.685331
vt 0.797692 0.676526
vt 0.773357 0.675835
vt 0.772017 0.680774
vt 0.797692 0.676526
vt 0.795813 0.667596
vt 0.772302 0.670825
vt 0.773357 0.675835
vt 0.795813 0.667596
vt 0.770406 0.666076
vt 0.772302 0.670825
vt 0.791452 0.693604
vt 0.795301 0.685331
vt 0.772017 0.680774
vt 0.769856 0.685414
vt 0.795301 0.685331
vt 0.797692 0.676526
vt 0.773357 0.675835
vt 0.772017 0.680774
vt 0.797692 0.676526
vt 0.795813 0.667596
vt 0.772302 0.670825
vt 0.773357 0.675835
vt 0.795813 0.667596
vt 0.792431 0.659122
vt 0.770406 0.666076
vt 0.772302 0.670825
vt 0.791452 0.693604
vt 0.795301 0.685331
vt 0.772017 0.680774
vt 0.769856 0.685414
vt 0.795301 0.685331
vt 0.797692 0.676526
vt 0.773357 0.675835
vt 0.772017 0.680774
vt 0.743085 0.844945
vt 0.745467 0.860837
vt 0.760808 0.858542
vt 0.758528 0.842570
vt 0.853675 0.858558
vt 0.855302 0.845863
vt 0.843172 0.844352
vt 0.841518 0.857027
vt 0.452325 0.997102
vt 0.468568 0.991563
vt 0.467918 0.946644
vt 0.451523 0.941579
vt 0.435280 0.947116
vt 0.435936 0.992037
vt 0.478205 0.960378
vt 0.478449 0.977536
vt 0.425400 0.961144
vt 0.425649 0.978301
vt 0.397306 0.942556
vt 0.382211 0.947218
vt 0.381609 0.988578
vt 0.396562 0.993678
vt 0.412259 0.947656
vt 0.411657 0.989014
vt 0.421357 0.960570
vt 0.421130 0.976369
vt 0.372738 0.959864
vt 0.372511 0.975662
vt 0.798102 0.885738
vt 0.814208 0.917624
vt 0.826405 0.906006
vt 0.789242 0.887569
vt 0.786081 0.886458
vt 0.767554 0.919929
vt 0.782798 0.925228
vt 0.173513 0.155390
vt 0.183231 0.155676
vt 0.188423 0.147431
vt 0.168910 0.146914
vt 0.183467 0.139131
vt 0.174377 0.138546
vt 0.194991 0.179274
vt 0.207891 0.172147
vt 0.207779 0.158104
vt 0.194765 0.151186
vt 0.181864 0.158313
vt 0.181977 0.172356
vt 0.452325 0.997102
vt 0.468568 0.991563
vt 0.467918 0.946644
vt 0.451523 0.941579
vt 0.435280 0.947116
vt 0.435936 0.992037
vt 0.478205 0.960378
vt 0.478449 0.977536
vt 0.425400 0.961144
vt 0.425649 0.978301
vt 0.397306 0.942556
vt 0.381609 0.988578
vt 0.396562 0.993678
vt 0.412259 0.947656
vt 0.411657 0.989014
vt 0.421357 0.960570
vt 0.382211 0.947218
vt 0.372738 0.959864
vt 0.372511 0.975662
vt 0.798102 0.885738
vt 0.795787 0.887974
vt 0.814208 0.917624
vt 0.826405 0.906006
vt 0.789242 0.887569
vt 0.786081 0.886458
vt 0.767554 0.919929
vt 0.782798 0.925228
vt 0.173513 0.155390
vt 0.183231 0.155676
vt 0.188423 0.147431
vt 0.168910 0.146914
vt 0.183467 0.139131
vt 0.194991 0.179274
vt 0.194765 0.151186
vt 0.181864 0.158313
vt 0.456386 0.334431
vt 0.433241 0.334431
vt 0.433241 0.347763
vt 0.351838 0.334431
vt 0.325524 0.334431
vt 0.325524 0.347763
vt 0.351838 0.347763
vt 0.371053 0.334431
vt 0.371053 0.347763
vt 0.390364 0.334431
vt 0.390364 0.347763
vt 0.412002 0.334431
vt 0.412002 0.347763
vt 0.377220 0.266889
vt 0.372396 0.289371
vt 0.444407 0.289371
vt 0.439584 0.266889
vt 0.439584 0.306837
vt 0.377220 0.306837
vt 0.371053 0.334431
vt 0.390363 0.347763
vt 0.390363 0.334431
vt 0.456386 0.334431
vt 0.456386 0.347763
vt 0.478889 0.347763
vt 0.478889 0.334431
vt 0.433241 0.334431
vt 0.433241 0.347763
vt 0.412002 0.334431
vt 0.412002 0.347763
vt 0.559262 0.348354
vt 0.505244 0.347769
vt 0.505244 0.397436
vt 0.559262 0.397062
vt 0.439584 0.266889
vt 0.377220 0.266889
vt 0.372396 0.289371
vt 0.444407 0.289371
vt 0.377220 0.306837
vt 0.439584 0.306837
vt 0.456379 0.334437
vt 0.433234 0.334437
vt 0.433234 0.347769
vt 0.351830 0.334437
vt 0.325517 0.334437
vt 0.325517 0.347769
vt 0.351830 0.347769
vt 0.371046 0.334437
vt 0.390356 0.334437
vt 0.371046 0.347769
vt 0.390356 0.347769
vt 0.411994 0.334437
vt 0.411994 0.347769
vt 0.377213 0.266895
vt 0.372389 0.289377
vt 0.444399 0.289377
vt 0.439576 0.266895
vt 0.439576 0.306843
vt 0.377213 0.306843
vt 0.628535 0.029757
vt 0.650762 0.029757
vt 0.600970 0.032956
vt 0.619981 0.032956
vt 0.674432 0.029758
vt 0.580727 0.032956
vt 0.628535 0.029757
vt 0.650762 0.029757
vt 0.600970 0.032956
vt 0.619981 0.032956
vt 0.674432 0.029758
vt 0.580727 0.032956
vt 0.628535 0.029757
vt 0.650762 0.029757
vt 0.600970 0.032956
vt 0.619981 0.032956
vt 0.674432 0.029758
vt 0.580727 0.032956
vt 0.174822 0.136832
vt 0.189025 0.136979
vt 0.191327 0.128441
vt 0.176133 0.126594
vt 0.212013 0.185213
vt 0.222181 0.184952
vt 0.174829 0.136837
vt 0.176141 0.126603
vt 0.191329 0.128449
vt 0.189029 0.136985
vt 0.222174 0.184944
vt 0.212009 0.185205
vt 0.223976 0.196470
vt 0.213034 0.197378
vt 0.213019 0.206849
vt 0.223957 0.207798
vt 0.186358 0.196200
vt 0.152191 0.196168
vt 0.152185 0.207900
vt 0.186344 0.207939
vt 0.152191 0.196168
vt 0.143715 0.195955
vt 0.143715 0.208114
vt 0.152185 0.207900
vt 0.029076 0.989527
vt 0.085869 0.982982
vt 0.085950 0.973428
vt 0.028546 0.972752
vt 0.029073 0.919083
vt 0.086440 0.919348
vt 0.086530 0.909799
vt 0.029941 0.902334
vt 0.160624 0.973789
vt 0.161108 0.920146
vt 0.144866 0.920019
vt 0.144381 0.973663
vt 0.012803 0.918944
vt 0.012275 0.972612
vt 0.028546 0.972752
vt 0.029073 0.919083
vt 0.144866 0.920019
vt 0.144329 0.903285
vt 0.143542 0.990387
vt 0.144381 0.973663
vt 0.174822 0.136832
vt 0.189025 0.136979
vt 0.191327 0.128441
vt 0.176133 0.126594
vt 0.212013 0.185213
vt 0.222181 0.184952
vt 0.174829 0.136837
vt 0.176141 0.126603
vt 0.191329 0.128449
vt 0.189029 0.136985
vt 0.222174 0.184944
vt 0.212009 0.185205
vt 0.223976 0.196470
vt 0.213034 0.197378
vt 0.213019 0.206849
vt 0.223956 0.207798
vt 0.186358 0.196200
vt 0.152191 0.196168
vt 0.152185 0.207900
vt 0.186344 0.207939
vt 0.152191 0.196168
vt 0.143715 0.195955
vt 0.143715 0.208114
vt 0.152185 0.207900
vt 0.174822 0.136832
vt 0.189025 0.136979
vt 0.191327 0.128441
vt 0.176133 0.126594
vt 0.212009 0.185205
vt 0.174822 0.136832
vt 0.176133 0.126594
vt 0.191327 0.128441
vt 0.189025 0.136979
vt 0.212009 0.185205
vt 0.223974 0.196470
vt 0.213034 0.197378
vt 0.213019 0.206849
vt 0.223956 0.207798
vt 0.186358 0.196200
vt 0.152191 0.196168
vt 0.152185 0.207900
vt 0.186344 0.207939
vt 0.152191 0.196168
vt 0.143715 0.195955
vt 0.143715 0.208114
vt 0.152185 0.207900
vt 0.029076 0.989527
vt 0.085869 0.982982
vt 0.085950 0.973428
vt 0.028546 0.972752
vt 0.029073 0.919083
vt 0.086440 0.919348
vt 0.086530 0.909799
vt 0.029941 0.902335
vt 0.160624 0.973789
vt 0.161108 0.920146
vt 0.144866 0.920019
vt 0.144381 0.973663
vt 0.012803 0.918944
vt 0.012275 0.972612
vt 0.028546 0.972752
vt 0.029073 0.919083
vt 0.144866 0.920019
vt 0.144329 0.903285
vt 0.143542 0.990387
vt 0.144381 0.973663
vt 0.174822 0.136832
vt 0.189025 0.136979
vt 0.191327 0.128441
vt 0.176133 0.126594
vt 0.212009 0.185205
vt 0.174822 0.136832
vt 0.176133 0.126594
vt 0.191327 0.128441
vt 0.189025 0.136979
vt 0.212009 0.185205
vt 0.186358 0.196200
vt 0.152191 0.196168
vt 0.152185 0.207900
vt 0.186344 0.207939
vt 0.152191 0.196168
vt 0.143715 0.195955
vt 0.143715 0.208114
vt 0.152185 0.207900
vt 0.945111 0.584944
vt 0.945189 0.591887
vt 0.965441 0.590457
vt 0.965362 0.583513
vt 0.945111 0.584944
vt 0.945189 0.591887
vt 0.965441 0.590458
vt 0.965362 0.583513
vt 0.432887 0.915098
vt 0.447248 0.915094
vt 0.448154 0.849959
vt 0.431404 0.851894
vt 0.448393 0.833024
vt 0.448154 0.849959
vt 0.533533 0.849959
vt 0.533772 0.833024
vt 0.535639 0.764845
vt 0.450253 0.764845
vt 0.450110 0.828183
vt 0.535500 0.828183
vt 0.432886 0.915347
vt 0.431404 0.851905
vt 0.448154 0.849959
vt 0.448393 0.833024
vt 0.533772 0.833024
vt 0.533533 0.849959
vt 0.448154 0.849959
vt 0.447248 0.915094
vt 0.448154 0.849959
vt 0.533533 0.849959
vt 0.532626 0.915094
vt 0.535638 0.764845
vt 0.535498 0.828183
vt 0.450110 0.828183
vt 0.450254 0.764845
vt 0.549546 0.839804
vt 0.686557 0.839804
vt 0.686557 0.766420
vt 0.549546 0.766420
vt 0.549546 0.839804
vt 0.551589 0.891219
vt 0.684735 0.891406
vt 0.686557 0.839804
vt 0.728195 0.378410
vt 0.728242 0.345495
vt 0.712121 0.343125
vt 0.712069 0.380736
vt 0.695325 0.345451
vt 0.695278 0.378366
vt 0.940809 0.297498
vt 0.899813 0.300379
vt 0.899998 0.325679
vt 0.900832 0.373884
vt 0.939885 0.344344
vt 0.900142 0.343649
vt 0.868001 0.372721
vt 0.868660 0.345654
vt 0.866602 0.297789
vt 0.843504 0.298977
vt 0.844879 0.325713
vt 0.868319 0.324892
vt 0.844917 0.372430
vt 0.845249 0.345712
vt 0.899813 0.300379
vt 0.866602 0.297789
vt 0.868319 0.324892
vt 0.899998 0.325679
vt 0.868001 0.372721
vt 0.900142 0.343649
vt 0.868660 0.345654
vt 0.843504 0.298977
vt 0.844879 0.325713
vt 0.844917 0.372430
vt 0.845249 0.345712
vt 0.728195 0.378410
vt 0.728242 0.345495
vt 0.712121 0.343125
vt 0.712069 0.380736
vt 0.695325 0.345451
vt 0.695278 0.378366
vt 0.940809 0.297498
vt 0.899813 0.300379
vt 0.899998 0.325679
vt 0.939386 0.324138
vt 0.900832 0.373884
vt 0.939885 0.344344
vt 0.900142 0.343649
vt 0.866602 0.297789
vt 0.868319 0.324892
vt 0.868001 0.372721
vt 0.868660 0.345654
vt 0.728195 0.378410
vt 0.728242 0.345495
vt 0.712121 0.343125
vt 0.712069 0.380736
vt 0.695325 0.345451
vt 0.695278 0.378366
vt 0.940809 0.297498
vt 0.899813 0.300379
vt 0.899998 0.325679
vt 0.939386 0.324138
vt 0.900832 0.373884
vt 0.941715 0.371086
vt 0.939885 0.344344
vt 0.900142 0.343649
vt 0.866602 0.297789
vt 0.868319 0.324892
vt 0.868001 0.372721
vt 0.868660 0.345654
vt 0.843504 0.298977
vt 0.844879 0.325713
vt 0.844917 0.372430
vt 0.845249 0.345712
vt 0.728195 0.378410
vt 0.728242 0.345495
vt 0.712121 0.343125
vt 0.712069 0.380736
vt 0.695325 0.345451
vt 0.695278 0.378366
vt 0.944090 0.643423
vt 0.949905 0.657973
vt 0.988907 0.652063
vt 0.997019 0.642184
vt 0.941174 0.629693
vt 0.996136 0.628493
vt 0.947399 0.616345
vt 0.987859 0.615844
vt 0.975149 0.609363
vt 0.959784 0.608446
vt 0.977305 0.661967
vt 0.913207 0.453729
vt 0.911983 0.462700
vt 0.956080 0.463603
vt 0.957304 0.454633
vt 0.911983 0.462700
vt 0.956794 0.479568
vt 0.956080 0.463603
vt 0.913946 0.417646
vt 0.913480 0.437172
vt 0.957577 0.438075
vt 0.958044 0.418549
vt 0.913480 0.437172
vt 0.913207 0.453729
vt 0.957304 0.454633
vt 0.957577 0.438075
vt 0.913207 0.453729
vt 0.911983 0.462700
vt 0.956080 0.463603
vt 0.911983 0.462700
vt 0.912697 0.478665
vt 0.956794 0.479568
vt 0.956080 0.463603
vt 0.913946 0.417646
vt 0.913480 0.437172
vt 0.957577 0.438075
vt 0.958044 0.418549
vt 0.913480 0.437172
vt 0.957304 0.454633
vt 0.957577 0.438075
vt 0.852377 0.444507
vt 0.844290 0.440132
vt 0.843951 0.458750
vt 0.836033 0.445066
vt 0.835864 0.454375
vt 0.993792 0.684717
vt 0.994203 0.671255
vt 0.983798 0.664368
vt 0.972933 0.670948
vt 0.972512 0.684500
vt 0.982962 0.691383
vt 0.726423 0.719640
vt 0.736393 0.719640
vt 0.736392 0.711134
vt 0.726423 0.711134
vt 0.717259 0.719640
vt 0.726423 0.719640
vt 0.726423 0.711134
vt 0.717259 0.711134
vt 0.706925 0.719640
vt 0.717259 0.719640
vt 0.717259 0.711134
vt 0.706925 0.711134
vt 0.696485 0.719640
vt 0.706925 0.719640
vt 0.706925 0.711134
vt 0.696485 0.711134
vt 0.685626 0.719640
vt 0.696485 0.719640
vt 0.696485 0.711134
vt 0.685627 0.711134
vt 0.736393 0.719640
vt 0.746240 0.719640
vt 0.746240 0.711134
vt 0.736392 0.711134
vt 0.962377 0.382209
vt 0.953389 0.409837
vt 0.962378 0.409832
vt 0.917808 0.382206
vt 0.908728 0.382209
vt 0.908733 0.409840
vt 0.917813 0.409832
vt 0.926084 0.382207
vt 0.917808 0.382206
vt 0.917813 0.409832
vt 0.926087 0.409835
vt 0.934492 0.382204
vt 0.926084 0.382207
vt 0.926087 0.409835
vt 0.934492 0.409835
vt 0.943949 0.382205
vt 0.934492 0.382204
vt 0.934492 0.409835
vt 0.943950 0.409833
vt 0.953388 0.382203
vt 0.943949 0.382205
vt 0.943950 0.409833
vt 0.953389 0.409837
vt 0.765355 0.668489
vt 0.766762 0.663419
vt 0.756110 0.656121
vt 0.752188 0.659469
vt 0.761434 0.671836
vt 0.750782 0.664539
vt 0.756496 0.672182
vt 0.752426 0.669395
vt 0.765117 0.658563
vt 0.761048 0.655775
vt 0.755030 0.690070
vt 0.755121 0.691118
vt 0.767342 0.693549
vt 0.766882 0.688114
vt 0.752680 0.687988
vt 0.753539 0.688588
vt 0.761753 0.678759
vt 0.757282 0.675638
vt 0.929129 0.616217
vt 0.921653 0.618887
vt 0.920002 0.626975
vt 0.935022 0.621201
vt 0.925710 0.632243
vt 0.933476 0.629371
vt 0.857028 0.645947
vt 0.846384 0.658935
vt 0.853634 0.664879
vt 0.862578 0.661358
vt 0.864277 0.651892
vt 0.765355 0.668489
vt 0.752188 0.659469
vt 0.756110 0.656121
vt 0.766762 0.663419
vt 0.761434 0.671836
vt 0.750782 0.664539
vt 0.756496 0.672182
vt 0.761048 0.655775
vt 0.765117 0.658563
vt 0.755030 0.690070
vt 0.766882 0.688114
vt 0.767342 0.693549
vt 0.755121 0.691118
vt 0.752680 0.687988
vt 0.757282 0.675638
vt 0.761753 0.678759
vt 0.753539 0.688588
vt 0.929129 0.616217
vt 0.935022 0.621201
vt 0.920002 0.626975
vt 0.921653 0.618887
vt 0.925710 0.632243
vt 0.933476 0.629371
vt 0.857028 0.645947
vt 0.846384 0.658935
vt 0.848080 0.649470
vt 0.864277 0.651892
vt 0.862578 0.661358
vt 0.853634 0.664879
vt 0.836061 0.189941
vt 0.871098 0.177117
vt 0.853693 0.205576
vt 0.835760 0.168035
vt 0.848132 0.147715
vt 0.862902 0.142782
vt 0.836061 0.189941
vt 0.853693 0.205576
vt 0.871098 0.177117
vt 0.835760 0.168035
vt 0.862902 0.142782
vt 0.848132 0.147715
vt 0.852146 0.130615
vt 0.836061 0.189941
vt 0.835760 0.168035
vt 0.871098 0.177117
vt 0.848132 0.147715
vt 0.862902 0.142782
vt 0.836061 0.189941
vt 0.871098 0.177117
vt 0.835760 0.168035
vt 0.862902 0.142782
vt 0.848132 0.147715
vt 0.852146 0.130615
vt 0.529300 0.311967
vt 0.529108 0.297958
vt 0.551706 0.303766
vt 0.540575 0.321965
vt 0.529300 0.311967
vt 0.540575 0.321965
vt 0.551706 0.303766
vt 0.529108 0.297958
vt 0.546464 0.281809
vt 0.537019 0.284964
vt 0.529300 0.311967
vt 0.529108 0.297958
vt 0.551706 0.303766
vt 0.540575 0.321965
vt 0.529300 0.311967
vt 0.540575 0.321965
vt 0.551706 0.303766
vt 0.529108 0.297958
vt 0.527892 0.933630
vt 0.538348 0.933583
vt 0.538309 0.923126
vt 0.527846 0.923165
vt 0.627840 0.440285
vt 0.625545 0.417834
vt 0.616979 0.448089
vt 0.588185 0.439122
vt 0.594928 0.445071
vt 0.595805 0.411663
vt 0.627840 0.440285
vt 0.616979 0.448089
vt 0.625545 0.417834
vt 0.588185 0.439122
vt 0.595805 0.411663
vt 0.594928 0.445071
vt 0.655666 0.463990
vt 0.654573 0.448402
vt 0.649325 0.454437
vt 0.565258 0.430230
vt 0.560053 0.438792
vt 0.569873 0.436974
vt 0.474983 0.279034
vt 0.497509 0.277984
vt 0.487295 0.270060
vt 0.476619 0.318946
vt 0.486572 0.327711
vt 0.494340 0.318109
vt 0.413139 0.551358
vt 0.417025 0.526779
vt 0.430646 0.563410
vt 0.389300 0.557957
vt 0.388884 0.402444
vt 0.421084 0.413119
vt 0.396349 0.432831
vt 0.413139 0.551358
vt 0.430646 0.563410
vt 0.417025 0.526779
vt 0.389300 0.557957
vt 0.388884 0.402444
vt 0.396349 0.432831
vt 0.421084 0.413119
vt 0.468690 0.743511
vt 0.475418 0.747458
vt 0.478038 0.731446
vt 0.510176 0.746045
vt 0.501252 0.732821
vt 0.502587 0.749301
vt 0.506222 0.709553
vt 0.498085 0.704042
vt 0.499863 0.717505
vt 0.474427 0.709006
vt 0.480238 0.716706
vt 0.482262 0.703522
vt 0.502117 0.686692
vt 0.495074 0.681746
vt 0.496119 0.691673
vt 0.477232 0.686534
vt 0.483963 0.691341
vt 0.484430 0.681347
vt 0.500697 0.658278
vt 0.494735 0.654680
vt 0.494075 0.664108
vt 0.478454 0.657938
vt 0.485060 0.663744
vt 0.484474 0.654310
vt 0.500532 0.639841
vt 0.496369 0.635093
vt 0.494899 0.644346
vt 0.478967 0.639371
vt 0.484513 0.643967
vt 0.483350 0.634710
vt 0.503024 0.617634
vt 0.498736 0.615408
vt 0.497418 0.625613
vt 0.477373 0.617081
vt 0.482697 0.625220
vt 0.481834 0.614997
vt 0.481508 0.413066
vt 0.480532 0.414847
vt 0.480974 0.416919
vt 0.564173 0.517083
vt 0.559639 0.500179
vt 0.530028 0.514377
vt 0.551360 0.487118
vt 0.532862 0.478079
vt 0.523434 0.483948
vt 0.510684 0.484103
vt 0.498154 0.500666
vt 0.495473 0.519836
vt 0.501886 0.533329
vt 0.509988 0.544475
vt 0.525011 0.551055
vt 0.546770 0.546941
vt 0.559945 0.535375
vt 0.534909 0.661859
vt 0.534258 0.665116
vt 0.551174 0.674648
vt 0.532890 0.668571
vt 0.532254 0.671591
vt 0.532811 0.675943
vt 0.534498 0.679799
vt 0.552799 0.652439
vt 0.550855 0.652380
vt 0.547589 0.652918
vt 0.543878 0.653910
vt 0.540716 0.655090
vt 0.539240 0.656581
vt 0.536769 0.659202
vt 0.877978 0.856483
vt 0.877232 0.872658
vt 0.889929 0.851614
vt 0.905011 0.870715
vt 0.902126 0.972930
vt 0.877310 0.972490
vt 0.890365 0.983221
vt 0.878460 0.981310
vt 0.905096 0.852899
vt 0.901777 0.982274
vt 0.723741 0.946973
vt 0.722927 0.960191
vt 0.736016 0.945534
vt 0.736322 0.974965
vt 0.725525 0.973947
vt 0.828994 0.946923
vt 0.845428 0.959954
vt 0.843442 0.947405
vt 0.831004 0.976284
vt 0.844607 0.974824
vt 0.970981 0.973276
vt 0.972286 0.964119
vt 0.955902 0.974128
vt 0.943732 0.957997
vt 0.944710 0.863614
vt 0.970146 0.858760
vt 0.955654 0.852027
vt 0.968477 0.850066
vt 0.945665 0.969435
vt 0.945065 0.855897
vt 0.260362 0.824402
vt 0.258718 0.830026
vt 0.255089 0.827156
vt 0.256301 0.820871
vt 0.250601 0.822925
vt 0.248926 0.828532
vt 0.252981 0.832101
vt 0.252928 0.820876
vt 0.254644 0.815113
vt 0.248278 0.816496
vt 0.250476 0.811502
vt 0.244596 0.813614
vt 0.242846 0.819357
vt 0.247009 0.823010
vt 0.275191 0.846095
vt 0.272207 0.849169
vt 0.274373 0.844567
vt 0.276356 0.841025
vt 0.274536 0.839067
vt 0.271571 0.842145
vt 0.270407 0.847178
vt 0.259081 0.843251
vt 0.262060 0.840121
vt 0.259253 0.837672
vt 0.263258 0.834998
vt 0.261475 0.833043
vt 0.258515 0.836177
vt 0.257318 0.841262
vt 0.503285 0.920274
vt 0.497208 0.920274
vt 0.502118 0.935389
vt 0.492432 0.920274
vt 0.486946 0.920274
vt 0.492081 0.935389
vt 0.524836 0.920274
vt 0.519326 0.920274
vt 0.524730 0.935389
vt 0.480603 0.979707
vt 0.491431 0.994171
vt 0.506829 0.968376
vt 0.508694 0.999504
vt 0.525797 0.993671
vt 0.536202 0.978901
vt 0.535943 0.960833
vt 0.525109 0.946372
vt 0.507847 0.941039
vt 0.490749 0.946871
vt 0.480338 0.961641
vt 0.480603 0.979707
vt 0.491431 0.994171
vt 0.506829 0.968376
vt 0.508694 0.999504
vt 0.525797 0.993671
vt 0.536202 0.978901
vt 0.535943 0.960833
vt 0.525109 0.946372
vt 0.507847 0.941039
vt 0.490749 0.946871
vt 0.480338 0.961641
vt 0.684567 0.662749
vt 0.696486 0.646341
vt 0.665273 0.636200
vt 0.696486 0.626060
vt 0.684567 0.609652
vt 0.665273 0.603384
vt 0.648314 0.612855
vt 0.637833 0.627283
vt 0.637833 0.645118
vt 0.648314 0.659545
vt 0.665273 0.665057
vt 0.850508 0.375082
vt 0.838249 0.383533
vt 0.850252 0.386839
vt 0.842025 0.128282
vt 0.850396 0.112569
vt 0.852146 0.130615
vt 0.842025 0.128282
vt 0.850396 0.112569
vt 0.842025 0.128282
vt 0.850396 0.112569
vt 0.852146 0.130615
vt 0.842025 0.128282
vt 0.850396 0.112569
vt 0.536350 0.273283
vt 0.271518 0.856214
vt 0.204156 0.857615
vt 0.204156 0.899995
vt 0.271518 0.901396
vt 0.235704 0.841928
vt 0.234555 0.810452
vt 0.157310 0.809737
vt 0.156016 0.842307
vt 0.059247 0.588517
vt 0.838848 0.293986
vt 0.836522 0.271306
vt 0.789349 0.276038
vt 0.788994 0.292912
vt 0.836522 0.271306
vt 0.836139 0.250269
vt 0.790060 0.252294
vt 0.789349 0.276038
vt 0.839620 0.315037
vt 0.838848 0.293986
vt 0.788994 0.292912
vt 0.790838 0.315774
vt 0.703195 0.252538
vt 0.701350 0.278026
vt 0.702717 0.294367
vt 0.705239 0.318423
vt 0.701350 0.278026
vt 0.702717 0.294367
vt 0.609743 0.278209
vt 0.612827 0.250235
vt 0.566104 0.247960
vt 0.561762 0.274868
vt 0.613589 0.295274
vt 0.561153 0.299301
vt 0.565614 0.326142
vt 0.617149 0.323913
vt 0.609743 0.278209
vt 0.561762 0.274868
vt 0.561153 0.299301
vt 0.613589 0.295274
vt 0.566967 0.211539
vt 0.629108 0.214280
vt 0.629533 0.183466
vt 0.566967 0.182011
vt 0.566967 0.126163
vt 0.566967 0.155223
vt 0.630310 0.156081
vt 0.631134 0.127271
vt 0.705742 0.213331
vt 0.705984 0.185397
vt 0.706103 0.159074
vt 0.706733 0.130212
vt 0.774203 0.215096
vt 0.774444 0.185479
vt 0.774579 0.158897
vt 0.775057 0.130741
vt 0.822129 0.214523
vt 0.822129 0.186534
vt 0.822129 0.160647
vt 0.822129 0.132483
vt 0.564669 0.402537
vt 0.564669 0.415372
vt 0.577174 0.415372
vt 0.577174 0.402537
vt 0.502859 0.402537
vt 0.502859 0.415372
vt 0.514444 0.415372
vt 0.514444 0.402537
vt 0.526844 0.402537
vt 0.526844 0.415372
vt 0.539672 0.415372
vt 0.539672 0.402537
vt 0.539672 0.402537
vt 0.539672 0.415372
vt 0.551999 0.415372
vt 0.551999 0.402537
vt 0.471706 0.438331
vt 0.636580 0.476711
vt 0.635402 0.463953
vt 0.618635 0.472311
vt 0.617759 0.484532
vt 0.586407 0.477005
vt 0.589872 0.463947
vt 0.577521 0.450616
vt 0.570367 0.459338
vt 0.603285 0.468937
vt 0.600916 0.483027
vt 0.606649 0.448516
vt 0.610875 0.414923
vt 0.655666 0.463990
vt 0.649325 0.454437
vt 0.569873 0.436974
vt 0.560053 0.438792
vt 0.583448 0.435461
vt 0.636580 0.476711
vt 0.617759 0.484532
vt 0.618635 0.472311
vt 0.635402 0.463953
vt 0.586407 0.477005
vt 0.570367 0.459338
vt 0.577521 0.450616
vt 0.589872 0.463947
vt 0.600916 0.483027
vt 0.603285 0.468937
vt 0.606649 0.448516
vt 0.610875 0.414923
vt 0.649325 0.454437
vt 0.655666 0.463990
vt 0.560053 0.438792
vt 0.569873 0.436974
vt 0.583448 0.435461
vt 0.644722 0.427325
vt 0.626988 0.414531
vt 0.625545 0.417834
vt 0.627840 0.440285
vt 0.651492 0.439741
vt 0.638135 0.450043
vt 0.576238 0.424739
vt 0.583448 0.435461
vt 0.645320 0.557037
vt 0.628080 0.557037
vt 0.526991 0.426368
vt 0.517179 0.429381
vt 0.520509 0.440363
vt 0.526439 0.438091
vt 0.517179 0.429381
vt 0.508314 0.436417
vt 0.515598 0.445643
vt 0.520509 0.440363
vt 0.508314 0.436417
vt 0.501521 0.444148
vt 0.512137 0.450798
vt 0.515598 0.445643
vt 0.550834 0.446378
vt 0.544670 0.438003
vt 0.536515 0.446600
vt 0.539503 0.452135
vt 0.544670 0.438003
vt 0.536437 0.430110
vt 0.532131 0.440845
vt 0.536515 0.446600
vt 0.536437 0.430110
vt 0.526991 0.426368
vt 0.526439 0.438091
vt 0.532131 0.440845
vt 0.596075 0.350114
vt 0.595279 0.364093
vt 0.616080 0.372041
vt 0.619586 0.360479
vt 0.595279 0.364093
vt 0.596663 0.387825
vt 0.614474 0.383641
vt 0.616080 0.372041
vt 0.596663 0.387825
vt 0.596749 0.401610
vt 0.615443 0.396067
vt 0.614474 0.383641
vt 0.596075 0.350114
vt 0.595279 0.364093
vt 0.576423 0.367054
vt 0.573305 0.354868
vt 0.595279 0.364093
vt 0.596662 0.387825
vt 0.579220 0.380289
vt 0.576423 0.367054
vt 0.596662 0.387825
vt 0.596749 0.401610
vt 0.578360 0.393861
vt 0.579220 0.380289
vt 0.663136 0.518737
vt 0.663623 0.527478
vt 0.682644 0.526379
vt 0.682199 0.518654
vt 0.663623 0.527478
vt 0.664859 0.537528
vt 0.683664 0.535253
vt 0.682644 0.526379
vt 0.664859 0.537528
vt 0.665810 0.546416
vt 0.684821 0.542976
vt 0.683664 0.535253
vt 0.665566 0.491283
vt 0.664716 0.500080
vt 0.683415 0.502134
vt 0.684459 0.494459
vt 0.664716 0.500080
vt 0.663572 0.510028
vt 0.682527 0.510949
vt 0.683415 0.502134
vt 0.663572 0.510028
vt 0.663136 0.518737
vt 0.682199 0.518654
vt 0.682527 0.510949
vt 0.650936 0.398976
vt 0.674530 0.408171
vt 0.677767 0.395266
vt 0.652159 0.388592
vt 0.650936 0.398976
vt 0.648781 0.407089
vt 0.670365 0.420597
vt 0.674530 0.408171
vt 0.648387 0.353084
vt 0.650319 0.360342
vt 0.670686 0.351762
vt 0.666825 0.341071
vt 0.650319 0.360342
vt 0.651689 0.369751
vt 0.674400 0.363557
vt 0.670686 0.351762
vt 0.651689 0.369751
vt 0.652289 0.378723
vt 0.676921 0.372844
vt 0.674400 0.363557
vt 0.652289 0.378723
vt 0.652159 0.388592
vt 0.677767 0.395266
vt 0.676921 0.372844
vt 0.592214 0.524960
vt 0.590939 0.534915
vt 0.621449 0.540027
vt 0.620558 0.528554
vt 0.590939 0.534915
vt 0.589752 0.547128
vt 0.622143 0.550196
vt 0.621449 0.540027
vt 0.594670 0.490345
vt 0.594752 0.498591
vt 0.622521 0.497268
vt 0.623368 0.487949
vt 0.594752 0.498591
vt 0.594036 0.507860
vt 0.621199 0.507995
vt 0.622521 0.497268
vt 0.594036 0.507860
vt 0.593124 0.516304
vt 0.620347 0.518145
vt 0.621199 0.507995
vt 0.592214 0.524960
vt 0.620558 0.528554
vt 0.620347 0.518145
vt 0.593124 0.516304
vt 0.622910 0.364541
vt 0.576422 0.367054
vt 0.579220 0.380289
vt 0.579220 0.380289
vt 0.578360 0.393861
vt 0.619586 0.360479
vt 0.616080 0.372041
vt 0.616080 0.372041
vt 0.614475 0.383641
vt 0.614475 0.383641
vt 0.615443 0.396067
vt 0.576422 0.367054
vt 0.573306 0.354868
vt 0.504364 0.430179
vt 0.515502 0.422763
vt 0.495900 0.438403
vt 0.504364 0.430179
vt 0.549155 0.432091
vt 0.556986 0.441053
vt 0.538674 0.423660
vt 0.549155 0.432091
vt 0.538674 0.423660
vt 0.527252 0.419817
vt 0.515502 0.422763
vt 0.527252 0.419817
vt 0.611507 0.577419
vt 0.682203 0.577419
vt 0.579433 0.565670
vt 0.631173 0.386461
vt 0.628519 0.386594
vt 0.627696 0.394707
vt 0.630349 0.395717
vt 0.677767 0.395266
vt 0.674530 0.408171
vt 0.678766 0.408335
vt 0.682670 0.395377
vt 0.625912 0.401585
vt 0.628684 0.404191
vt 0.670365 0.420597
vt 0.675939 0.418930
vt 0.629771 0.355089
vt 0.627119 0.357395
vt 0.628511 0.363821
vt 0.631029 0.362969
vt 0.666825 0.341071
vt 0.670686 0.351762
vt 0.674262 0.351414
vt 0.671635 0.342403
vt 0.628946 0.371478
vt 0.631482 0.371692
vt 0.674400 0.363557
vt 0.678063 0.361880
vt 0.628892 0.378943
vt 0.631482 0.378980
vt 0.676921 0.372844
vt 0.682244 0.374159
vt 0.645908 0.527751
vt 0.646756 0.537356
vt 0.646756 0.537356
vt 0.647554 0.545266
vt 0.647633 0.492680
vt 0.646885 0.500323
vt 0.646885 0.500323
vt 0.646005 0.509698
vt 0.646005 0.509698
vt 0.645609 0.518685
vt 0.645609 0.518685
vt 0.645908 0.527751
vt 0.631173 0.386461
vt 0.630349 0.395717
vt 0.630349 0.395717
vt 0.628684 0.404191
vt 0.629771 0.355089
vt 0.631029 0.362969
vt 0.631029 0.362969
vt 0.631482 0.371692
vt 0.631482 0.371692
vt 0.631482 0.378980
vt 0.631482 0.378980
vt 0.631173 0.386461
vt 0.487257 0.473748
vt 0.485903 0.460807
vt 0.449069 0.329959
vt 0.448603 0.316962
vt 0.448603 0.316962
vt 0.476619 0.318946
vt 0.474983 0.279034
vt 0.448902 0.277481
vt 0.448902 0.277481
vt 0.450991 0.265335
vt 0.494340 0.318109
vt 0.497509 0.277984
vt 0.514716 0.278513
vt 0.512667 0.266454
vt 0.512826 0.330007
vt 0.514338 0.317901
vt 0.514338 0.317901
vt 0.514716 0.278513
vt 0.344424 0.520271
vt 0.344424 0.520271
vt 0.361352 0.520540
vt 0.358009 0.500349
vt 0.344818 0.501772
vt 0.378054 0.519648
vt 0.377081 0.501295
vt 0.358009 0.500349
vt 0.361352 0.520540
vt 0.324464 0.502603
vt 0.324714 0.520542
vt 0.344424 0.520271
vt 0.344818 0.501772
vt 0.322774 0.478356
vt 0.342683 0.476976
vt 0.378120 0.476568
vt 0.361217 0.475862
vt 0.361217 0.475862
vt 0.342683 0.476976
vt 0.361352 0.520540
vt 0.344424 0.520271
vt 0.344818 0.501772
vt 0.358009 0.500349
vt 0.342683 0.476976
vt 0.324714 0.520542
vt 0.324464 0.502603
vt 0.344818 0.501772
vt 0.344424 0.520271
vt 0.377081 0.501295
vt 0.378054 0.519648
vt 0.361352 0.520540
vt 0.358009 0.500349
vt 0.342683 0.476976
vt 0.361217 0.475862
vt 0.378120 0.476568
vt 0.361217 0.475862
vt 0.322774 0.478356
vt 0.342683 0.476976
vt 0.222063 0.640983
vt 0.232602 0.641656
vt 0.229869 0.626101
vt 0.224076 0.625716
vt 0.232602 0.641656
vt 0.242917 0.638984
vt 0.237795 0.625314
vt 0.229869 0.626101
vt 0.211398 0.638579
vt 0.222063 0.640983
vt 0.224076 0.625716
vt 0.216061 0.625036
vt 0.231040 0.609000
vt 0.223056 0.609127
vt 0.223056 0.609127
vt 0.215592 0.609352
vt 0.238469 0.609318
vt 0.231040 0.609000
vt 0.219438 0.583879
vt 0.232442 0.591968
vt 0.241387 0.594449
vt 0.242833 0.589244
vt 0.233884 0.586760
vt 0.308714 0.586081
vt 0.324357 0.638458
vt 0.323444 0.627585
vt 0.312039 0.627996
vt 0.311729 0.634709
vt 0.323444 0.627585
vt 0.321996 0.615624
vt 0.311409 0.619644
vt 0.312039 0.627996
vt 0.303156 0.626893
vt 0.301772 0.638365
vt 0.303036 0.619791
vt 0.303156 0.626893
vt 0.311729 0.634709
vt 0.301772 0.638365
vt 0.302390 0.645062
vt 0.310686 0.643271
vt 0.321144 0.647155
vt 0.324357 0.638458
vt 0.394498 0.609284
vt 0.399013 0.589480
vt 0.380656 0.590156
vt 0.378793 0.606734
vt 0.012612 0.615551
vt 0.032947 0.613055
vt 0.032996 0.596849
vt 0.016472 0.597515
vt 0.304228 0.684120
vt 0.324279 0.687030
vt 0.320886 0.671506
vt 0.304361 0.670512
vt 0.358383 0.584027
vt 0.358855 0.609095
vt 0.324497 0.651731
vt 0.304580 0.655376
vt 0.033075 0.578771
vt 0.013316 0.574716
vt 0.748784 0.691477
vt 0.748480 0.702196
vt 0.659803 0.698968
vt 0.659783 0.688498
vt 0.747992 0.664740
vt 0.748398 0.675457
vt 0.660428 0.678715
vt 0.660352 0.668247
vt 0.579945 0.676595
vt 0.580222 0.666178
vt 0.578935 0.701757
vt 0.578565 0.691342
vt 0.748784 0.691477
vt 0.748784 0.691477
vt 0.659783 0.688498
vt 0.659803 0.698968
vt 0.748480 0.702196
vt 0.747992 0.664740
vt 0.660352 0.668247
vt 0.660428 0.678715
vt 0.748398 0.675457
vt 0.580222 0.666178
vt 0.579945 0.676595
vt 0.578565 0.691342
vt 0.578935 0.701757
vt 0.394499 0.609285
vt 0.378793 0.606735
vt 0.380656 0.590154
vt 0.399014 0.589479
vt 0.012613 0.615550
vt 0.016473 0.597515
vt 0.032996 0.596849
vt 0.032945 0.613053
vt 0.304227 0.684121
vt 0.304360 0.670511
vt 0.320886 0.671506
vt 0.324279 0.687032
vt 0.358854 0.609097
vt 0.358382 0.584027
vt 0.304578 0.655375
vt 0.324496 0.651730
vt 0.013317 0.574717
vt 0.033075 0.578772
vt 0.397326 0.525455
vt 0.377378 0.549829
vt 0.382728 0.483359
vt 0.404267 0.484518
vt 0.391658 0.460595
vt 0.412854 0.460201
vt 0.375531 0.411402
vt 0.379646 0.431434
vt 0.464447 0.403667
vt 0.464447 0.422788
vt 0.464447 0.453096
vt 0.464447 0.481306
vt 0.464447 0.522919
vt 0.464447 0.569581
vt 0.397326 0.525455
vt 0.377378 0.549829
vt 0.389300 0.557957
vt 0.382728 0.483359
vt 0.404267 0.484518
vt 0.391658 0.460595
vt 0.412854 0.460201
vt 0.375531 0.411402
vt 0.379646 0.431434
vt 0.464447 0.422788
vt 0.464447 0.403667
vt 0.464447 0.481306
vt 0.464447 0.453096
vt 0.464447 0.522919
vt 0.464447 0.569581
vt 0.010190 0.305514
vt 0.535133 0.601239
vt 0.460008 0.693674
vt 0.460009 0.657172
vt 0.442813 0.657173
vt 0.442813 0.693674
vt 0.460009 0.657172
vt 0.460009 0.632714
vt 0.442813 0.632714
vt 0.442813 0.657173
vt 0.460009 0.612313
vt 0.442813 0.612313
vt 0.669282 0.581740
vt 0.651918 0.581730
vt 0.651909 0.597528
vt 0.669273 0.597537
vt 0.636647 0.581726
vt 0.636638 0.597515
vt 0.460008 0.751131
vt 0.442812 0.751130
vt 0.460009 0.657172
vt 0.460008 0.693674
vt 0.442813 0.693674
vt 0.442813 0.657173
vt 0.460009 0.632714
vt 0.460009 0.657172
vt 0.442813 0.657173
vt 0.442813 0.632714
vt 0.576483 0.581689
vt 0.588662 0.581696
vt 0.588654 0.597490
vt 0.576476 0.597484
vt 0.651918 0.581730
vt 0.669282 0.581740
vt 0.669273 0.597537
vt 0.651909 0.597528
vt 0.460009 0.612313
vt 0.442813 0.612313
vt 0.636647 0.581726
vt 0.636638 0.597515
vt 0.460008 0.751131
vt 0.442812 0.751130
vt 0.487466 0.581644
vt 0.554962 0.581699
vt 0.554955 0.597452
vt 0.487458 0.597440
vt 0.783360 0.652036
vt 0.812776 0.683445
vt 0.813882 0.685355
vt 0.818483 0.683168
vt 0.816824 0.680039
vt 0.814511 0.687440
vt 0.819374 0.686466
vt 0.814662 0.689588
vt 0.819492 0.689809
vt 0.814439 0.691373
vt 0.818891 0.692930
vt 0.813712 0.693053
vt 0.817568 0.695812
vt 0.812567 0.694474
vt 0.815588 0.698344
vt 0.811143 0.695494
vt 0.813017 0.700465
vt 0.809581 0.695998
vt 0.809852 0.702204
vt 0.808041 0.695903
vt 0.805861 0.703835
vt 0.805637 0.680477
vt 0.807485 0.680282
vt 0.807391 0.672942
vt 0.802386 0.671108
vt 0.809413 0.680776
vt 0.811276 0.674891
vt 0.811241 0.681879
vt 0.814402 0.677265
vt 0.823809 0.680791
vt 0.821558 0.676344
vt 0.824941 0.685510
vt 0.824999 0.690208
vt 0.824005 0.694745
vt 0.822035 0.698904
vt 0.819161 0.702605
vt 0.815456 0.705788
vt 0.810935 0.708504
vt 0.805497 0.710831
vt 0.808411 0.665482
vt 0.801715 0.662733
vt 0.813854 0.668651
vt 0.818242 0.672245
vt 0.830202 0.678209
vt 0.827367 0.672210
vt 0.831594 0.684488
vt 0.831524 0.690843
vt 0.830086 0.696914
vt 0.827377 0.702496
vt 0.823544 0.707391
vt 0.818698 0.711590
vt 0.812929 0.715186
vt 0.806296 0.718397
vt 0.810670 0.657642
vt 0.802657 0.653692
vt 0.817509 0.661920
vt 0.823095 0.666781
vt 0.838055 0.675248
vt 0.834566 0.667575
vt 0.839666 0.683448
vt 0.839417 0.691721
vt 0.837409 0.699631
vt 0.833841 0.706759
vt 0.828920 0.712903
vt 0.822842 0.718003
vt 0.815778 0.722248
vt 0.808002 0.726193
vt 0.814102 0.649457
vt 0.804901 0.644510
vt 0.822376 0.654653
vt 0.829290 0.660653
vt 0.847724 0.671826
vt 0.843520 0.662151
vt 0.849553 0.682315
vt 0.849007 0.692983
vt 0.846253 0.703090
vt 0.841608 0.712018
vt 0.835426 0.719424
vt 0.827944 0.725250
vt 0.819320 0.729601
vt 0.809824 0.732673
vt 0.818443 0.641044
vt 0.807332 0.637017
vt 0.828578 0.646584
vt 0.837071 0.653672
vt 0.478038 0.731446
vt 0.475418 0.747458
vt 0.502587 0.749301
vt 0.501252 0.732821
vt 0.499863 0.717505
vt 0.480238 0.716706
vt 0.498085 0.704042
vt 0.482262 0.703522
vt 0.496119 0.691673
vt 0.483963 0.691341
vt 0.495074 0.681746
vt 0.484430 0.681347
vt 0.494638 0.672668
vt 0.484639 0.672262
vt 0.494075 0.664108
vt 0.485060 0.663744
vt 0.494735 0.654680
vt 0.484474 0.654310
vt 0.494899 0.644346
vt 0.484513 0.643967
vt 0.496369 0.635093
vt 0.483350 0.634710
vt 0.497418 0.625613
vt 0.482697 0.625220
vt 0.498736 0.615408
vt 0.481834 0.614997
vt 0.500869 0.672188
vt 0.494638 0.672668
vt 0.478404 0.671920
vt 0.484639 0.672262
vt 0.882516 0.759686
vt 0.897602 0.759686
vt 0.894575 0.739550
vt 0.880596 0.739550
vt 0.912157 0.759686
vt 0.908064 0.739550
vt 0.926600 0.759686
vt 0.921447 0.739550
vt 0.939670 0.759686
vt 0.933559 0.739550
vt 0.772985 0.759686
vt 0.786521 0.759686
vt 0.791639 0.739550
vt 0.779096 0.739550
vt 0.800131 0.759686
vt 0.804252 0.739550
vt 0.812358 0.759686
vt 0.815583 0.739550
vt 0.825814 0.759686
vt 0.828051 0.739550
vt 0.839090 0.759686
vt 0.840355 0.739550
vt 0.853467 0.759686
vt 0.853677 0.739550
vt 0.868155 0.759686
vt 0.867288 0.739550
vt 0.492522 0.405842
vt 0.488491 0.410470
vt 0.490537 0.415106
vt 0.495655 0.414867
vt 0.483134 0.401702
vt 0.483671 0.408808
vt 0.473015 0.405270
vt 0.478481 0.409747
vt 0.469851 0.414277
vt 0.476164 0.414487
vt 0.472516 0.422852
vt 0.477526 0.419689
vt 0.479280 0.427938
vt 0.481529 0.422787
vt 0.487217 0.427894
vt 0.486123 0.422698
vt 0.493431 0.422925
vt 0.489479 0.419817
vt 0.490537 0.415106
vt 0.485389 0.413277
vt 0.486353 0.415094
vt 0.483464 0.412509
vt 0.482561 0.418274
vt 0.484524 0.418317
vt 0.489479 0.419817
vt 0.485997 0.417071
vt 0.588463 0.518375
vt 0.582757 0.491275
vt 0.570695 0.495881
vt 0.575900 0.516719
vt 0.566828 0.468381
vt 0.559197 0.477783
vt 0.535401 0.454759
vt 0.532256 0.465815
vt 0.535401 0.454759
vt 0.516879 0.456777
vt 0.518735 0.470859
vt 0.532256 0.465815
vt 0.499636 0.466084
vt 0.505757 0.472895
vt 0.499636 0.466084
vt 0.473138 0.492132
vt 0.487052 0.495200
vt 0.505757 0.472895
vt 0.470232 0.524442
vt 0.483049 0.521494
vt 0.481714 0.551020
vt 0.492030 0.541298
vt 0.495590 0.565471
vt 0.502472 0.553718
vt 0.521148 0.577834
vt 0.523453 0.564415
vt 0.558234 0.570570
vt 0.554978 0.558762
vt 0.580638 0.549861
vt 0.570313 0.541447
vt 0.575900 0.516719
vt 0.570695 0.495881
vt 0.564829 0.497612
vt 0.569874 0.516277
vt 0.559197 0.477783
vt 0.555378 0.482994
vt 0.532256 0.465815
vt 0.532035 0.473987
vt 0.518735 0.470859
vt 0.522213 0.478517
vt 0.505757 0.472895
vt 0.508946 0.479077
vt 0.487052 0.495200
vt 0.495046 0.497752
vt 0.483049 0.521494
vt 0.489829 0.519888
vt 0.492030 0.541298
vt 0.496198 0.535370
vt 0.502472 0.553718
vt 0.506121 0.548829
vt 0.523453 0.564415
vt 0.524733 0.556142
vt 0.554978 0.558762
vt 0.550366 0.551457
vt 0.570313 0.541447
vt 0.565224 0.537461
vt 0.569874 0.516277
vt 0.564829 0.497612
vt 0.559639 0.500179
vt 0.564173 0.517083
vt 0.555378 0.482994
vt 0.551360 0.487118
vt 0.532035 0.473987
vt 0.532862 0.478079
vt 0.532035 0.473987
vt 0.522213 0.478517
vt 0.523434 0.483948
vt 0.532862 0.478079
vt 0.508946 0.479077
vt 0.510684 0.484103
vt 0.508946 0.479077
vt 0.495046 0.497752
vt 0.498154 0.500666
vt 0.510684 0.484103
vt 0.489829 0.519888
vt 0.495473 0.519836
vt 0.496198 0.535370
vt 0.501886 0.533329
vt 0.506121 0.548829
vt 0.509988 0.544475
vt 0.524733 0.556142
vt 0.525011 0.551055
vt 0.550366 0.551457
vt 0.546770 0.546941
vt 0.565224 0.537461
vt 0.559945 0.535375
vt 0.367978 0.622362
vt 0.370326 0.670884
vt 0.354199 0.672557
vt 0.349318 0.623464
vt 0.375342 0.711606
vt 0.360147 0.711872
vt 0.358820 0.757868
vt 0.345021 0.748431
vt 0.342426 0.802453
vt 0.325386 0.791696
vt 0.765206 0.813032
vt 0.741407 0.764660
vt 0.727179 0.778369
vt 0.746954 0.819947
vt 0.611815 0.939264
vt 0.611602 0.906953
vt 0.641326 0.908115
vt 0.641490 0.939059
vt 0.420575 0.670676
vt 0.370326 0.670884
vt 0.367978 0.622362
vt 0.420456 0.622477
vt 0.666350 0.911004
vt 0.666413 0.938950
vt 0.420661 0.711339
vt 0.375342 0.711606
vt 0.687944 0.900943
vt 0.687880 0.938966
vt 0.420681 0.757066
vt 0.358820 0.757868
vt 0.714393 0.889311
vt 0.714168 0.939083
vt 0.420616 0.803564
vt 0.342426 0.802453
vt 0.726912 0.840712
vt 0.746954 0.819947
vt 0.727179 0.778369
vt 0.693998 0.819251
vt 0.843397 0.766143
vt 0.741407 0.764660
vt 0.765206 0.813032
vt 0.842668 0.814157
vt 0.420952 0.813491
vt 0.420519 0.919310
vt 0.342421 0.919310
vt 0.342421 0.813491
vt 0.342421 0.813491
vt 0.342421 0.919310
vt 0.325579 0.919310
vt 0.325562 0.813491
vt 0.321004 0.848879
vt 0.320796 0.903364
vt 0.278067 0.903008
vt 0.278421 0.848669
vt 0.367977 0.622359
vt 0.349318 0.623464
vt 0.354199 0.672557
vt 0.370326 0.670884
vt 0.360147 0.711871
vt 0.375344 0.711606
vt 0.345021 0.748431
vt 0.358820 0.757868
vt 0.325386 0.791696
vt 0.342426 0.802456
vt 0.765206 0.813032
vt 0.746954 0.819947
vt 0.727179 0.778369
vt 0.741407 0.764661
vt 0.611815 0.939264
vt 0.641490 0.939059
vt 0.641326 0.908115
vt 0.611602 0.906953
vt 0.420575 0.670676
vt 0.420456 0.622477
vt 0.367977 0.622359
vt 0.370326 0.670884
vt 0.666413 0.938950
vt 0.666350 0.911004
vt 0.420661 0.711339
vt 0.375344 0.711606
vt 0.687880 0.938966
vt 0.687944 0.900943
vt 0.420681 0.757066
vt 0.358820 0.757868
vt 0.714168 0.939083
vt 0.714393 0.889311
vt 0.420616 0.803564
vt 0.342426 0.802456
vt 0.726912 0.840712
vt 0.693998 0.819251
vt 0.727179 0.778369
vt 0.746954 0.819947
vt 0.843397 0.766143
vt 0.842668 0.814157
vt 0.765206 0.813032
vt 0.741407 0.764661
vt 0.420952 0.813491
vt 0.342421 0.813491
vt 0.342421 0.813491
vt 0.325574 0.813491
vt 0.325591 0.919310
vt 0.321004 0.848879
vt 0.278421 0.848669
vt 0.928846 0.238454
vt 0.955163 0.238449
vt 0.958342 0.201882
vt 0.925667 0.201882
vt 0.928846 0.238452
vt 0.955163 0.238456
vt 0.958342 0.201882
vt 0.925667 0.201882
vt 0.928846 0.238452
vt 0.955163 0.238456
vt 0.958342 0.201882
vt 0.925667 0.201882
vt 0.928846 0.238452
vt 0.955163 0.238456
vt 0.958342 0.201882
vt 0.925667 0.201882
vt 0.928846 0.238452
vt 0.955163 0.238456
vt 0.958342 0.201882
vt 0.925667 0.201882
vt 0.928846 0.238452
vt 0.955163 0.238456
vt 0.958342 0.201882
vt 0.925667 0.201882
vt 0.955119 0.169575
vt 0.928798 0.169575
vt 0.955119 0.169575
vt 0.928798 0.169575
vt 0.955119 0.169575
vt 0.928798 0.169575
vt 0.955119 0.169575
vt 0.928798 0.169575
vt 0.955119 0.169575
vt 0.928798 0.169575
vt 0.955119 0.169575
vt 0.928798 0.169575
vt 0.293485 0.577328
vt 0.255393 0.577328
vt 0.250861 0.624083
vt 0.298149 0.624083
vt 0.255462 0.677010
vt 0.293548 0.677003
vt 0.298149 0.624083
vt 0.250861 0.624083
vt 0.255462 0.677010
vt 0.293548 0.677003
vt 0.298149 0.624083
vt 0.250861 0.624083
vt 0.255462 0.677010
vt 0.293548 0.677003
vt 0.298149 0.624083
vt 0.250861 0.624083
vt 0.255462 0.677010
vt 0.293548 0.677003
vt 0.298149 0.624083
vt 0.250861 0.624083
vt 0.255462 0.677010
vt 0.293548 0.677003
vt 0.298149 0.624083
vt 0.250861 0.624083
vt 0.293485 0.577328
vt 0.255393 0.577328
vt 0.293485 0.577328
vt 0.255393 0.577328
vt 0.293485 0.577328
vt 0.255393 0.577328
vt 0.255462 0.677010
vt 0.293548 0.677003
vt 0.293485 0.577328
vt 0.255393 0.577328
vt 0.293485 0.577328
vt 0.255393 0.577328
vt 0.595373 0.720752
vt 0.595373 0.727266
vt 0.599532 0.727266
vt 0.599532 0.720752
vt 0.599532 0.713925
vt 0.595373 0.713925
vt 0.856994 0.676371
vt 0.856994 0.692316
vt 0.865952 0.692316
vt 0.865952 0.676370
vt 0.856993 0.669547
vt 0.865952 0.669547
vt 0.561124 0.713515
vt 0.561124 0.720739
vt 0.566061 0.720739
vt 0.566062 0.713515
vt 0.561124 0.707194
vt 0.566061 0.707194
vt 0.599532 0.720752
vt 0.599532 0.727266
vt 0.603626 0.727267
vt 0.603626 0.720752
vt 0.603626 0.713925
vt 0.599532 0.713925
vt 0.865952 0.676370
vt 0.865952 0.692316
vt 0.874771 0.692316
vt 0.874771 0.676370
vt 0.874771 0.669547
vt 0.865952 0.669547
vt 0.566062 0.713515
vt 0.566061 0.720739
vt 0.570922 0.720739
vt 0.570922 0.713515
vt 0.566061 0.707194
vt 0.570922 0.707194
vt 0.603626 0.720752
vt 0.603626 0.727267
vt 0.607882 0.727266
vt 0.607882 0.720752
vt 0.603626 0.713925
vt 0.607882 0.713925
vt 0.874771 0.676370
vt 0.874771 0.692316
vt 0.883941 0.692316
vt 0.883941 0.676370
vt 0.874771 0.669547
vt 0.883941 0.669547
vt 0.570922 0.720739
vt 0.575975 0.720739
vt 0.575975 0.713515
vt 0.575975 0.707194
vt 0.612524 0.713925
vt 0.607882 0.713925
vt 0.607882 0.720752
vt 0.612524 0.720752
vt 0.607882 0.727266
vt 0.612524 0.727266
vt 0.893936 0.692316
vt 0.893938 0.676370
vt 0.893936 0.669547
vt 0.883941 0.669547
vt 0.575975 0.713515
vt 0.575975 0.720739
vt 0.581485 0.720739
vt 0.581485 0.713515
vt 0.575975 0.707194
vt 0.581485 0.707194
vt 0.612524 0.720752
vt 0.612524 0.727266
vt 0.616770 0.727266
vt 0.616770 0.720752
vt 0.616770 0.713925
vt 0.612524 0.713925
vt 0.893938 0.676370
vt 0.893936 0.692316
vt 0.903084 0.692316
vt 0.903084 0.676370
vt 0.903084 0.669547
vt 0.893936 0.669547
vt 0.581485 0.713515
vt 0.581485 0.720739
vt 0.586525 0.720739
vt 0.586525 0.713515
vt 0.581485 0.707194
vt 0.586526 0.707194
vt 0.621440 0.713925
vt 0.616770 0.713925
vt 0.616770 0.720752
vt 0.621440 0.720752
vt 0.913145 0.676371
vt 0.903084 0.676370
vt 0.903084 0.692316
vt 0.913145 0.692316
vt 0.913145 0.669547
vt 0.903084 0.669547
vt 0.592071 0.713515
vt 0.586525 0.713515
vt 0.586525 0.720739
vt 0.592071 0.720739
vt 0.592071 0.707194
vt 0.586526 0.707194
vt 0.561124 0.726221
vt 0.566062 0.726221
vt 0.586526 0.726221
vt 0.592071 0.726221
vt 0.581485 0.726221
vt 0.586526 0.726221
vt 0.575975 0.726221
vt 0.581485 0.726221
vt 0.570922 0.726221
vt 0.575975 0.726221
vt 0.566062 0.726221
vt 0.570922 0.726221
vt 0.592071 0.707194
vt 0.592071 0.705581
vt 0.586525 0.705581
vt 0.586526 0.707194
vt 0.561124 0.707194
vt 0.566061 0.707194
vt 0.566061 0.705580
vt 0.561124 0.705581
vt 0.570922 0.707194
vt 0.570922 0.705581
vt 0.575975 0.705580
vt 0.575975 0.707194
vt 0.581485 0.707194
vt 0.581485 0.705581
vt 0.561124 0.726221
vt 0.561124 0.727869
vt 0.566062 0.727869
vt 0.566062 0.726221
vt 0.592071 0.726221
vt 0.586526 0.726221
vt 0.586525 0.727869
vt 0.592071 0.727869
vt 0.581485 0.726221
vt 0.581485 0.727869
vt 0.575975 0.726221
vt 0.575975 0.727869
vt 0.570922 0.727869
vt 0.570922 0.726221
vt 0.747637 0.758623
vt 0.756599 0.758623
vt 0.756599 0.747687
vt 0.747637 0.747687
vt 0.634474 0.758623
vt 0.645304 0.758623
vt 0.645304 0.747687
vt 0.634474 0.747687
vt 0.654934 0.758623
vt 0.654934 0.747687
vt 0.665270 0.758623
vt 0.665270 0.747687
vt 0.675491 0.758623
vt 0.675491 0.747687
vt 0.685636 0.758623
vt 0.685636 0.747687
vt 0.695509 0.758623
vt 0.695509 0.747687
vt 0.705178 0.758623
vt 0.705178 0.747687
vt 0.716021 0.758623
vt 0.716021 0.747687
vt 0.726917 0.758623
vt 0.726917 0.747687
vt 0.737640 0.758623
vt 0.737640 0.747687
vt 0.699611 0.737629
vt 0.709390 0.737629
vt 0.709390 0.728639
vt 0.699611 0.728639
vt 0.690890 0.737629
vt 0.690890 0.728639
vt 0.681985 0.737629
vt 0.681985 0.728639
vt 0.672836 0.737629
vt 0.672836 0.728639
vt 0.663617 0.737629
vt 0.663617 0.728639
vt 0.654295 0.737629
vt 0.654295 0.728639
vt 0.645609 0.737629
vt 0.645609 0.728639
vt 0.635841 0.737629
vt 0.635841 0.728639
vt 0.737905 0.737629
vt 0.745988 0.737629
vt 0.745988 0.728639
vt 0.737905 0.728639
vt 0.728889 0.737629
vt 0.728889 0.728639
vt 0.719217 0.737629
vt 0.719217 0.728639
vt 0.586105 0.759121
vt 0.595477 0.759121
vt 0.595477 0.731390
vt 0.586105 0.731390
vt 0.577747 0.759121
vt 0.577747 0.731390
vt 0.569212 0.759121
vt 0.569212 0.731390
vt 0.560443 0.759121
vt 0.560443 0.731390
vt 0.551607 0.759121
vt 0.551607 0.731390
vt 0.542673 0.759121
vt 0.542673 0.731390
vt 0.534348 0.759121
vt 0.534348 0.731390
vt 0.524987 0.759121
vt 0.524987 0.731390
vt 0.622807 0.759121
vt 0.630554 0.759121
vt 0.630554 0.731390
vt 0.622807 0.731390
vt 0.614165 0.759121
vt 0.614165 0.731390
vt 0.604896 0.759121
vt 0.604896 0.731390
vt 0.756599 0.743685
vt 0.747637 0.743685
vt 0.747637 0.747687
vt 0.756599 0.747687
vt 0.645304 0.743685
vt 0.634474 0.743685
vt 0.634474 0.747687
vt 0.645304 0.747687
vt 0.654934 0.743685
vt 0.654934 0.747687
vt 0.665270 0.743685
vt 0.665270 0.747687
vt 0.675491 0.743685
vt 0.675491 0.747687
vt 0.685636 0.743685
vt 0.685636 0.747687
vt 0.695509 0.743685
vt 0.695509 0.747687
vt 0.705178 0.743685
vt 0.705178 0.747687
vt 0.716021 0.743685
vt 0.716021 0.747687
vt 0.726917 0.743685
vt 0.726917 0.747687
vt 0.737640 0.743685
vt 0.737640 0.747687
vt 0.699611 0.740018
vt 0.709390 0.740018
vt 0.709390 0.737629
vt 0.699611 0.737629
vt 0.690890 0.740018
vt 0.690890 0.737629
vt 0.681985 0.740018
vt 0.681985 0.737629
vt 0.672836 0.740018
vt 0.672836 0.737629
vt 0.663617 0.740018
vt 0.663617 0.737629
vt 0.654295 0.740018
vt 0.654295 0.737629
vt 0.645609 0.740018
vt 0.645609 0.737629
vt 0.635841 0.740018
vt 0.635841 0.737629
vt 0.737905 0.740018
vt 0.745988 0.740018
vt 0.745988 0.737629
vt 0.737905 0.737629
vt 0.728889 0.740018
vt 0.728889 0.737629
vt 0.719217 0.740018
vt 0.719217 0.737629
vt 0.737905 0.728639
vt 0.745988 0.728639
vt 0.745988 0.723912
vt 0.737905 0.723912
vt 0.635841 0.728639
vt 0.645609 0.728639
vt 0.645609 0.723912
vt 0.635841 0.723912
vt 0.654295 0.728639
vt 0.654295 0.723912
vt 0.663617 0.728639
vt 0.663617 0.723912
vt 0.672836 0.728639
vt 0.672836 0.723912
vt 0.681985 0.728639
vt 0.681985 0.723912
vt 0.690890 0.728639
vt 0.690890 0.723912
vt 0.699611 0.728639
vt 0.699611 0.723912
vt 0.709390 0.728639
vt 0.709390 0.723912
vt 0.719217 0.728639
vt 0.719217 0.723912
vt 0.728889 0.728639
vt 0.728889 0.723912
vt 0.972643 0.711952
vt 0.585126 0.660273
vt 0.632629 0.636445
vt 0.632629 0.628080
vt 0.585126 0.628079
vt 0.585126 0.636445
vt 0.901080 0.287611
vt 0.968933 0.541315
vt 0.968933 0.602040
vt 0.990302 0.602040
vt 0.990302 0.541315
vt 0.832599 0.220025
vt 0.832599 0.242946
vt 0.838109 0.242946
vt 0.838109 0.220025
vt 0.743574 0.004685
vt 0.983460 0.088298
vt 0.874107 0.088298
vt 0.874107 0.147522
vt 0.883113 0.147522
vt 0.883113 0.088298
vt 0.887681 0.834634
vt 0.872827 0.839011
vt 0.877978 0.856483
vt 0.889929 0.851614
vt 0.890365 0.983221
vt 0.878460 0.981310
vt 0.877263 0.993981
vt 0.889869 0.995168
vt 0.862885 0.858991
vt 0.868188 0.873530
vt 0.877232 0.872658
vt 0.877978 0.856483
vt 0.914042 0.872083
vt 0.920439 0.856190
vt 0.905096 0.852899
vt 0.905011 0.870715
vt 0.914115 0.980316
vt 0.911058 0.972195
vt 0.902126 0.972930
vt 0.901777 0.982274
vt 0.877310 0.972490
vt 0.868396 0.971865
vt 0.865750 0.979998
vt 0.878460 0.981310
vt 0.905493 0.835033
vt 0.905096 0.852899
vt 0.901777 0.982274
vt 0.902012 0.994943
vt 0.875440 0.921242
vt 0.903952 0.919621
vt 0.913021 0.919889
vt 0.903952 0.919621
vt 0.866390 0.921260
vt 0.875440 0.921242
vt 0.699648 0.948281
vt 0.703024 0.963093
vt 0.722927 0.960191
vt 0.723741 0.946973
vt 0.843442 0.947405
vt 0.845428 0.959954
vt 0.862856 0.959286
vt 0.861806 0.945918
vt 0.730020 0.993369
vt 0.738191 0.987277
vt 0.736322 0.974965
vt 0.725525 0.973947
vt 0.738020 0.932516
vt 0.729094 0.925627
vt 0.723741 0.946973
vt 0.736016 0.945534
vt 0.844607 0.974824
vt 0.862882 0.974810
vt 0.705509 0.977442
vt 0.725525 0.973947
vt 0.778391 0.975353
vt 0.779001 0.945164
vt 0.779225 0.932086
vt 0.779001 0.945164
vt 0.778187 0.988191
vt 0.778391 0.975353
vt 0.840872 0.929298
vt 0.827900 0.934040
vt 0.828994 0.946923
vt 0.843442 0.947405
vt 0.831004 0.976284
vt 0.829627 0.988919
vt 0.842546 0.993311
vt 0.844607 0.974824
vt 0.955654 0.852027
vt 0.968477 0.850066
vt 0.964984 0.833800
vt 0.951820 0.836633
vt 0.990713 0.968848
vt 0.984178 0.962364
vt 0.972286 0.964119
vt 0.970981 0.973276
vt 0.932031 0.956549
vt 0.925678 0.966767
vt 0.945665 0.969435
vt 0.943732 0.957997
vt 0.928983 0.858811
vt 0.933210 0.865106
vt 0.944710 0.863614
vt 0.945065 0.855897
vt 0.970146 0.858760
vt 0.981805 0.859541
vt 0.985608 0.851314
vt 0.968477 0.850066
vt 0.938975 0.992992
vt 0.952457 0.996821
vt 0.955902 0.974128
vt 0.945065 0.855897
vt 0.940448 0.839911
vt 0.932698 0.907687
vt 0.944597 0.907822
vt 0.983276 0.912869
vt 0.971340 0.913129
vt 0.971340 0.913129
vt 0.944597 0.907822
vt 0.263387 0.820968
vt 0.260536 0.830772
vt 0.256313 0.814849
vt 0.246400 0.818415
vt 0.243450 0.828163
vt 0.250511 0.834400
vt 0.250511 0.834400
vt 0.263341 0.817739
vt 0.260016 0.829144
vt 0.255109 0.810639
vt 0.263341 0.817739
vt 0.243571 0.814783
vt 0.255109 0.810639
vt 0.240112 0.826113
vt 0.243571 0.814783
vt 0.248325 0.833374
vt 0.240112 0.826113
vt 0.260016 0.829144
vt 0.248325 0.833374
vt 0.260162 0.815582
vt 0.257240 0.825524
vt 0.252981 0.809384
vt 0.242889 0.813007
vt 0.252981 0.809384
vt 0.239864 0.822891
vt 0.247031 0.829211
vt 0.273779 0.846308
vt 0.268600 0.851651
vt 0.275811 0.837484
vt 0.272655 0.834114
vt 0.267535 0.839468
vt 0.265509 0.848181
vt 0.265509 0.848181
vt 0.270482 0.845127
vt 0.264499 0.851328
vt 0.272847 0.834896
vt 0.270482 0.845127
vt 0.269220 0.831016
vt 0.272847 0.834896
vt 0.263314 0.837231
vt 0.269220 0.831016
vt 0.260958 0.847313
vt 0.263314 0.837231
vt 0.264499 0.851328
vt 0.260958 0.847313
vt 0.266182 0.842857
vt 0.261006 0.848258
vt 0.268246 0.833980
vt 0.265129 0.830614
vt 0.268246 0.833980
vt 0.260012 0.836023
vt 0.257954 0.844789
vt 0.610201 0.993026
vt 0.622646 0.997530
vt 0.623014 0.991721
vt 0.613835 0.988165
vt 0.635725 0.994072
vt 0.632533 0.989195
vt 0.644223 0.983536
vt 0.638750 0.981532
vt 0.644854 0.970053
vt 0.639268 0.971669
vt 0.637480 0.958808
vt 0.633890 0.963368
vt 0.624946 0.954015
vt 0.624658 0.959808
vt 0.611984 0.957453
vt 0.615092 0.962349
vt 0.603448 0.967843
vt 0.608834 0.970042
vt 0.602536 0.981548
vt 0.608284 0.979956
vt 0.638750 0.981532
vt 0.223917 0.932574
vt 0.232999 0.932574
vt 0.233000 0.920753
vt 0.223917 0.920753
vt 0.242220 0.932574
vt 0.242221 0.920753
vt 0.251160 0.932574
vt 0.251160 0.920753
vt 0.260035 0.932574
vt 0.260035 0.920753
vt 0.268544 0.932574
vt 0.268544 0.920753
vt 0.277163 0.932574
vt 0.277163 0.920753
vt 0.207906 0.932574
vt 0.215683 0.932574
vt 0.215684 0.920753
vt 0.207906 0.920753
vt 0.515161 0.920274
vt 0.508480 0.920274
vt 0.513159 0.935389
vt 0.482685 0.920274
vt 0.482685 0.935389
vt 0.277163 0.910653
vt 0.268544 0.910653
vt 0.260035 0.910653
vt 0.251161 0.910653
vt 0.242220 0.910653
vt 0.233000 0.910653
vt 0.223918 0.910653
vt 0.215683 0.910653
vt 0.207906 0.910653
vt 0.843661 0.831557
vt 0.819500 0.827674
vt 0.819713 0.842626
vt 0.843172 0.844352
vt 0.843172 0.844352
vt 0.819713 0.842626
vt 0.821588 0.854563
vt 0.841518 0.857027
vt 0.841518 0.857027
vt 0.821588 0.854563
vt 0.820635 0.869631
vt 0.838933 0.868515
vt 0.743085 0.844945
vt 0.745467 0.860837
vt 0.760808 0.858542
vt 0.758528 0.842570
vt 0.783801 0.855202
vt 0.760808 0.858542
vt 0.763696 0.873734
vt 0.786416 0.871830
vt 0.782820 0.842597
vt 0.783786 0.825691
vt 0.759320 0.826753
vt 0.758528 0.842570
vt 0.783801 0.855202
vt 0.782820 0.842597
vt 0.758528 0.842570
vt 0.760808 0.858542
vt 0.802566 0.854047
vt 0.803938 0.869997
vt 0.801575 0.826974
vt 0.800737 0.842863
vt 0.800737 0.842863
vt 0.802566 0.854047
vt 0.542787 0.946218
vt 0.536571 0.965426
vt 0.545739 0.965419
vt 0.550219 0.951608
vt 0.542788 0.984598
vt 0.550215 0.979216
vt 0.559123 0.996488
vt 0.561961 0.987757
vt 0.579316 0.996466
vt 0.576476 0.987751
vt 0.595626 0.984618
vt 0.588215 0.979224
vt 0.601901 0.965425
vt 0.592711 0.965417
vt 0.595647 0.946198
vt 0.588222 0.951603
vt 0.579308 0.934361
vt 0.576475 0.943077
vt 0.559139 0.934348
vt 0.561967 0.943074
vt 0.797692 0.676526
vt 0.772294 0.670822
vt 0.772294 0.670822
vt 0.795301 0.685331
vt 0.772017 0.680774
vt 0.542787 0.946218
vt 0.536571 0.965426
vt 0.545739 0.965419
vt 0.550219 0.951608
vt 0.542788 0.984598
vt 0.550215 0.979216
vt 0.559123 0.996488
vt 0.561961 0.987757
vt 0.579316 0.996466
vt 0.576476 0.987751
vt 0.595626 0.984618
vt 0.588215 0.979224
vt 0.601901 0.965425
vt 0.592711 0.965417
vt 0.595647 0.946198
vt 0.588222 0.951603
vt 0.579308 0.934361
vt 0.576475 0.943077
vt 0.559139 0.934348
vt 0.561967 0.943074
vt 0.795301 0.685331
vt 0.792431 0.659122
vt 0.843661 0.831557
vt 0.819500 0.827674
vt 0.819713 0.842626
vt 0.843172 0.844352
vt 0.843172 0.844352
vt 0.819713 0.842626
vt 0.821588 0.854563
vt 0.841518 0.857027
vt 0.841518 0.857027
vt 0.821588 0.854563
vt 0.820635 0.869631
vt 0.838933 0.868515
vt 0.783801 0.855202
vt 0.760808 0.858542
vt 0.763696 0.873734
vt 0.786416 0.871830
vt 0.782819 0.842597
vt 0.783786 0.825691
vt 0.759320 0.826753
vt 0.758528 0.842570
vt 0.783801 0.855202
vt 0.782819 0.842597
vt 0.758528 0.842570
vt 0.760808 0.858542
vt 0.802566 0.854047
vt 0.803938 0.869997
vt 0.801575 0.826974
vt 0.800737 0.842863
vt 0.800737 0.842863
vt 0.802566 0.854047
vt 0.224206 0.989148
vt 0.238950 0.989148
vt 0.238950 0.961720
vt 0.224206 0.961720
vt 0.255949 0.989148
vt 0.255949 0.961720
vt 0.272788 0.989148
vt 0.272788 0.961720
vt 0.288974 0.989148
vt 0.288974 0.961720
vt 0.306463 0.989148
vt 0.306463 0.961720
vt 0.323231 0.989148
vt 0.323231 0.961720
vt 0.339239 0.989148
vt 0.339239 0.961720
vt 0.355049 0.989148
vt 0.355049 0.961720
vt 0.368223 0.989148
vt 0.368223 0.961720
vt 0.207121 0.989148
vt 0.207121 0.961720
vt 0.207395 0.958377
vt 0.221277 0.958377
vt 0.221277 0.940272
vt 0.207395 0.940272
vt 0.236980 0.958377
vt 0.236980 0.940272
vt 0.252534 0.958377
vt 0.252534 0.940272
vt 0.267492 0.958377
vt 0.267492 0.940272
vt 0.282960 0.958377
vt 0.282960 0.940272
vt 0.297506 0.958377
vt 0.297506 0.940272
vt 0.312107 0.958377
vt 0.312107 0.940272
vt 0.326609 0.958377
vt 0.326609 0.940272
vt 0.340477 0.958377
vt 0.340477 0.940272
vt 0.353511 0.958377
vt 0.353511 0.940272
vt 0.244109 0.761706
vt 0.254564 0.761442
vt 0.254755 0.752994
vt 0.243283 0.752660
vt 0.265432 0.762039
vt 0.265848 0.753583
vt 0.276282 0.763408
vt 0.277002 0.753908
vt 0.286803 0.765604
vt 0.288526 0.754549
vt 0.296804 0.768765
vt 0.300125 0.756467
vt 0.286803 0.765604
vt 0.288526 0.754549
vt 0.276282 0.763408
vt 0.277002 0.753908
vt 0.265432 0.762039
vt 0.265848 0.753583
vt 0.254564 0.761442
vt 0.254755 0.752994
vt 0.246936 0.782374
vt 0.254690 0.781015
vt 0.262737 0.781821
vt 0.270448 0.784814
vt 0.277369 0.789342
vt 0.283527 0.794494
vt 0.277369 0.789342
vt 0.270448 0.784814
vt 0.262737 0.781821
vt 0.254690 0.781015
vt 0.248280 0.806800
vt 0.253085 0.805996
vt 0.257812 0.806614
vt 0.262222 0.808685
vt 0.266210 0.811780
vt 0.269832 0.815302
vt 0.266210 0.811780
vt 0.262222 0.808685
vt 0.257812 0.806614
vt 0.253085 0.805996
vt 0.795787 0.887974
vt 0.795787 0.887974
vt 0.792508 0.888345
vt 0.799010 0.924296
vt 0.814208 0.917624
vt 0.792508 0.888345
vt 0.789242 0.887569
vt 0.782798 0.925228
vt 0.799010 0.924296
vt 0.786081 0.886458
vt 0.783049 0.885021
vt 0.755406 0.909143
vt 0.767554 0.919929
vt 0.783049 0.885021
vt 0.780759 0.882646
vt 0.747574 0.894536
vt 0.755406 0.909143
vt 0.224206 0.989148
vt 0.238950 0.989148
vt 0.238950 0.961720
vt 0.224206 0.961720
vt 0.255949 0.989148
vt 0.255949 0.961720
vt 0.272788 0.989148
vt 0.272788 0.961720
vt 0.288974 0.989148
vt 0.288974 0.961720
vt 0.306463 0.989148
vt 0.306463 0.961720
vt 0.323231 0.989148
vt 0.323231 0.961720
vt 0.339239 0.989148
vt 0.339239 0.961720
vt 0.355049 0.989148
vt 0.355049 0.961720
vt 0.368223 0.989148
vt 0.368223 0.961720
vt 0.207121 0.989148
vt 0.207121 0.961720
vt 0.421130 0.976369
vt 0.207395 0.958377
vt 0.221277 0.958377
vt 0.221277 0.940272
vt 0.207395 0.940272
vt 0.236980 0.958377
vt 0.236980 0.940272
vt 0.252534 0.958377
vt 0.252534 0.940272
vt 0.267492 0.958377
vt 0.267492 0.940272
vt 0.282960 0.958377
vt 0.282960 0.940272
vt 0.297506 0.958377
vt 0.297506 0.940272
vt 0.312107 0.958377
vt 0.312107 0.940272
vt 0.326609 0.958377
vt 0.326609 0.940272
vt 0.340477 0.958377
vt 0.340477 0.940272
vt 0.353511 0.958377
vt 0.353511 0.940272
vt 0.244109 0.761706
vt 0.254564 0.761442
vt 0.254755 0.752994
vt 0.243283 0.752660
vt 0.265432 0.762039
vt 0.265848 0.753583
vt 0.276282 0.763408
vt 0.277002 0.753908
vt 0.286803 0.765604
vt 0.288526 0.754549
vt 0.296804 0.768765
vt 0.300125 0.756467
vt 0.286803 0.765604
vt 0.288526 0.754549
vt 0.276282 0.763408
vt 0.277002 0.753908
vt 0.265432 0.762039
vt 0.265848 0.753583
vt 0.254564 0.761442
vt 0.254755 0.752994
vt 0.246936 0.782374
vt 0.254690 0.781015
vt 0.262737 0.781821
vt 0.270448 0.784814
vt 0.277369 0.789342
vt 0.283527 0.794494
vt 0.277369 0.789342
vt 0.270448 0.784814
vt 0.262737 0.781821
vt 0.254690 0.781015
vt 0.248280 0.806800
vt 0.253085 0.805996
vt 0.257812 0.806614
vt 0.262222 0.808685
vt 0.266210 0.811780
vt 0.269832 0.815302
vt 0.266210 0.811780
vt 0.262222 0.808685
vt 0.257812 0.806614
vt 0.253085 0.805996
vt 0.795787 0.887974
vt 0.792508 0.888345
vt 0.799010 0.924296
vt 0.814208 0.917624
vt 0.792508 0.888345
vt 0.789242 0.887569
vt 0.782798 0.925228
vt 0.799010 0.924296
vt 0.786081 0.886458
vt 0.783049 0.885021
vt 0.755406 0.909143
vt 0.767554 0.919929
vt 0.783049 0.885021
vt 0.780759 0.882646
vt 0.747574 0.894536
vt 0.755406 0.909143
vt 0.174377 0.138546
vt 0.207891 0.172147
vt 0.207779 0.158104
vt 0.181977 0.172356
vt 0.433241 0.397430
vt 0.456386 0.397430
vt 0.456386 0.347763
vt 0.433241 0.347763
vt 0.325524 0.397430
vt 0.351838 0.397430
vt 0.351838 0.347763
vt 0.325524 0.347763
vt 0.371053 0.397430
vt 0.371053 0.347763
vt 0.390364 0.397430
vt 0.390364 0.347763
vt 0.412002 0.397430
vt 0.412002 0.347763
vt 0.433587 0.254843
vt 0.445877 0.254833
vt 0.445709 0.192432
vt 0.434165 0.192550
vt 0.422955 0.254845
vt 0.424181 0.192806
vt 0.410655 0.254588
vt 0.412743 0.193408
vt 0.390056 0.254089
vt 0.391217 0.194966
vt 0.458216 0.255010
vt 0.468927 0.254922
vt 0.467250 0.192560
vt 0.457255 0.192394
vt 0.456386 0.347763
vt 0.444716 0.005849
vt 0.427037 0.006031
vt 0.411726 0.006585
vt 0.394088 0.008055
vt 0.371787 0.010630
vt 0.478706 0.193054
vt 0.500278 0.194393
vt 0.517699 0.009834
vt 0.495369 0.007501
vt 0.477713 0.006223
vt 0.462396 0.005837
vt 0.390363 0.397430
vt 0.390363 0.347763
vt 0.371053 0.347763
vt 0.371053 0.397430
vt 0.505253 0.397430
vt 0.505253 0.347763
vt 0.478889 0.347763
vt 0.478889 0.397430
vt 0.456386 0.347763
vt 0.456386 0.397430
vt 0.433241 0.347763
vt 0.433241 0.397430
vt 0.412002 0.347763
vt 0.412002 0.397430
vt 0.458216 0.255011
vt 0.457255 0.192394
vt 0.445709 0.192432
vt 0.445877 0.254833
vt 0.468927 0.254922
vt 0.467249 0.192560
vt 0.481304 0.254550
vt 0.478706 0.193054
vt 0.502013 0.253817
vt 0.500278 0.194392
vt 0.410655 0.254588
vt 0.412743 0.193408
vt 0.391217 0.194966
vt 0.390056 0.254089
vt 0.422955 0.254845
vt 0.424181 0.192806
vt 0.433587 0.254843
vt 0.434165 0.192550
vt 0.371053 0.347763
vt 0.351838 0.334431
vt 0.351838 0.347763
vt 0.325523 0.334431
vt 0.325523 0.347763
vt 0.505253 0.347763
vt 0.505253 0.334431
vt 0.462396 0.005837
vt 0.444716 0.005849
vt 0.477713 0.006223
vt 0.495369 0.007501
vt 0.517699 0.009835
vt 0.394088 0.008055
vt 0.371787 0.010630
vt 0.411726 0.006585
vt 0.427037 0.006031
vt 0.573963 0.010867
vt 0.517699 0.009835
vt 0.500278 0.194392
vt 0.546586 0.196227
vt 0.546586 0.196228
vt 0.502013 0.253817
vt 0.546788 0.255153
vt 0.559262 0.348354
vt 0.559262 0.334313
vt 0.505244 0.334437
vt 0.505244 0.347769
vt 0.433234 0.397436
vt 0.456379 0.397436
vt 0.456379 0.347769
vt 0.433234 0.347769
vt 0.478881 0.397436
vt 0.478881 0.347769
vt 0.505244 0.397436
vt 0.505244 0.347769
vt 0.325517 0.397436
vt 0.351830 0.397436
vt 0.351830 0.347769
vt 0.325517 0.347769
vt 0.371046 0.397436
vt 0.371046 0.347769
vt 0.390356 0.397436
vt 0.390356 0.347769
vt 0.411994 0.397436
vt 0.411994 0.347769
vt 0.433579 0.254849
vt 0.445870 0.254839
vt 0.445702 0.192438
vt 0.434159 0.192556
vt 0.422947 0.254850
vt 0.424174 0.192811
vt 0.410648 0.254593
vt 0.412736 0.193413
vt 0.390049 0.254094
vt 0.391210 0.194972
vt 0.481297 0.254555
vt 0.502006 0.253823
vt 0.500270 0.194399
vt 0.478698 0.193060
vt 0.468920 0.254927
vt 0.467242 0.192566
vt 0.458209 0.255016
vt 0.457247 0.192400
vt 0.456379 0.347769
vt 0.478881 0.334437
vt 0.478881 0.347769
vt 0.505244 0.334437
vt 0.505244 0.347769
vt 0.444709 0.005856
vt 0.427029 0.006038
vt 0.411720 0.006592
vt 0.394081 0.008062
vt 0.371780 0.010637
vt 0.517692 0.009840
vt 0.495361 0.007508
vt 0.477706 0.006230
vt 0.462389 0.005844
vt 0.573080 0.111794
vt 0.617867 0.111794
vt 0.617853 0.089806
vt 0.573071 0.089806
vt 0.623897 0.111794
vt 0.647030 0.111794
vt 0.647029 0.089806
vt 0.623887 0.089806
vt 0.670910 0.111794
vt 0.670920 0.089806
vt 0.623897 0.111794
vt 0.623887 0.089806
vt 0.616463 0.083451
vt 0.573144 0.083451
vt 0.624826 0.083451
vt 0.647085 0.083451
vt 0.624826 0.083451
vt 0.669990 0.083451
vt 0.573159 0.118205
vt 0.616489 0.118205
vt 0.647086 0.118205
vt 0.669977 0.118205
vt 0.624841 0.118205
vt 0.624841 0.118205
vt 0.573080 0.111794
vt 0.617867 0.111794
vt 0.617853 0.089806
vt 0.573071 0.089806
vt 0.721801 0.089806
vt 0.678175 0.089806
vt 0.678162 0.111794
vt 0.721792 0.111794
vt 0.623897 0.111794
vt 0.647030 0.111794
vt 0.647029 0.089806
vt 0.623887 0.089806
vt 0.670910 0.111794
vt 0.670920 0.089806
vt 0.670920 0.089806
vt 0.670910 0.111794
vt 0.623897 0.111794
vt 0.623887 0.089806
vt 0.616463 0.083451
vt 0.573144 0.083451
vt 0.721708 0.083451
vt 0.679462 0.083451
vt 0.624826 0.083451
vt 0.647085 0.083451
vt 0.624826 0.083451
vt 0.669990 0.083451
vt 0.669990 0.083451
vt 0.573159 0.118205
vt 0.616489 0.118205
vt 0.679434 0.118205
vt 0.721693 0.118205
vt 0.669977 0.118205
vt 0.647086 0.118205
vt 0.669977 0.118205
vt 0.624841 0.118205
vt 0.624841 0.118205
vt 0.715725 0.056066
vt 0.715723 0.032352
vt 0.682043 0.032352
vt 0.682041 0.056066
vt 0.715726 0.078252
vt 0.682040 0.078251
vt 0.710043 0.029956
vt 0.687722 0.029957
vt 0.687718 0.080599
vt 0.710048 0.080599
vt 0.573080 0.111794
vt 0.573071 0.089806
vt 0.617853 0.089806
vt 0.617867 0.111794
vt 0.623897 0.111794
vt 0.623887 0.089806
vt 0.647029 0.089806
vt 0.647030 0.111794
vt 0.670920 0.089806
vt 0.670910 0.111794
vt 0.623887 0.089806
vt 0.623897 0.111794
vt 0.573144 0.083451
vt 0.616463 0.083451
vt 0.624826 0.083451
vt 0.624826 0.083451
vt 0.647085 0.083451
vt 0.669990 0.083451
vt 0.616489 0.118205
vt 0.573159 0.118205
vt 0.669977 0.118205
vt 0.647086 0.118205
vt 0.624841 0.118205
vt 0.624841 0.118205
vt 0.715724 0.056066
vt 0.682041 0.056066
vt 0.682043 0.032353
vt 0.715722 0.032353
vt 0.715725 0.078251
vt 0.682040 0.078251
vt 0.710043 0.029957
vt 0.687723 0.029957
vt 0.710048 0.080599
vt 0.687718 0.080599
vt 0.213034 0.197378
vt 0.202559 0.197150
vt 0.202544 0.207042
vt 0.213019 0.206849
vt 0.186358 0.196200
vt 0.186344 0.207939
vt 0.180225 0.157496
vt 0.168351 0.158737
vt 0.169209 0.175931
vt 0.179621 0.174454
vt 0.181754 0.189784
vt 0.187389 0.183595
vt 0.203120 0.194920
vt 0.202461 0.187693
vt 0.180231 0.157515
vt 0.179629 0.174456
vt 0.169227 0.175931
vt 0.168368 0.158755
vt 0.187388 0.183587
vt 0.181758 0.189769
vt 0.202444 0.187681
vt 0.203102 0.194901
vt 0.144716 0.126890
vt 0.143601 0.143303
vt 0.153187 0.143957
vt 0.155341 0.127980
vt 0.166833 0.147117
vt 0.167453 0.130088
vt 0.156468 0.130088
vt 0.157086 0.147117
vt 0.143677 0.162180
vt 0.151780 0.162337
vt 0.166138 0.159930
vt 0.157899 0.159930
vt 0.145001 0.185061
vt 0.150461 0.185078
vt 0.164736 0.176598
vt 0.157603 0.176598
vt 0.028546 0.972752
vt 0.085950 0.973428
vt 0.086440 0.919348
vt 0.029073 0.919083
vt 0.166909 0.908600
vt 0.166909 0.944868
vt 0.201591 0.944868
vt 0.201591 0.908600
vt 0.144381 0.973663
vt 0.144866 0.920019
vt 0.166909 0.981830
vt 0.201591 0.981830
vt 0.213034 0.197378
vt 0.202559 0.197150
vt 0.202544 0.207042
vt 0.213019 0.206849
vt 0.186358 0.196200
vt 0.186344 0.207939
vt 0.180225 0.157496
vt 0.168351 0.158737
vt 0.169209 0.175931
vt 0.179621 0.174454
vt 0.181754 0.189784
vt 0.187389 0.183595
vt 0.203120 0.194920
vt 0.202461 0.187693
vt 0.180231 0.157515
vt 0.179629 0.174456
vt 0.169227 0.175931
vt 0.168368 0.158754
vt 0.187388 0.183587
vt 0.181758 0.189769
vt 0.202444 0.187681
vt 0.203102 0.194901
vt 0.144716 0.126890
vt 0.143601 0.143303
vt 0.153187 0.143957
vt 0.155341 0.127980
vt 0.166833 0.147117
vt 0.167453 0.130088
vt 0.156468 0.130088
vt 0.157086 0.147117
vt 0.143677 0.162180
vt 0.151778 0.162337
vt 0.166138 0.159930
vt 0.157900 0.159930
vt 0.145001 0.185061
vt 0.150461 0.185078
vt 0.164736 0.176598
vt 0.157603 0.176598
vt 0.222181 0.184952
vt 0.222181 0.184952
vt 0.213034 0.197378
vt 0.202559 0.197150
vt 0.202544 0.207042
vt 0.213019 0.206849
vt 0.186358 0.196200
vt 0.186344 0.207939
vt 0.180231 0.157515
vt 0.168368 0.158755
vt 0.169227 0.175931
vt 0.179629 0.174456
vt 0.181758 0.189769
vt 0.187388 0.183587
vt 0.203102 0.194901
vt 0.202444 0.187681
vt 0.180231 0.157515
vt 0.179629 0.174456
vt 0.169227 0.175931
vt 0.168368 0.158755
vt 0.187388 0.183587
vt 0.181758 0.189769
vt 0.202444 0.187681
vt 0.203102 0.194901
vt 0.144716 0.126890
vt 0.143601 0.143303
vt 0.153187 0.143957
vt 0.155341 0.127980
vt 0.166833 0.147117
vt 0.167453 0.130088
vt 0.156468 0.130088
vt 0.157086 0.147117
vt 0.143677 0.162180
vt 0.151778 0.162337
vt 0.166138 0.159930
vt 0.157900 0.159930
vt 0.145001 0.185061
vt 0.150461 0.185078
vt 0.164736 0.176598
vt 0.157603 0.176598
vt 0.028546 0.972752
vt 0.085950 0.973428
vt 0.086440 0.919348
vt 0.029073 0.919083
vt 0.166909 0.908600
vt 0.166909 0.944868
vt 0.201591 0.944868
vt 0.201591 0.908600
vt 0.144381 0.973663
vt 0.144866 0.920019
vt 0.166909 0.981830
vt 0.201591 0.981830
vt 0.222181 0.184952
vt 0.222181 0.184952
vt 0.213034 0.197378
vt 0.202559 0.197150
vt 0.202544 0.207042
vt 0.213019 0.206849
vt 0.223974 0.196470
vt 0.213034 0.197378
vt 0.213019 0.206849
vt 0.223956 0.207798
vt 0.186358 0.196200
vt 0.186344 0.207939
vt 0.180231 0.157515
vt 0.168368 0.158755
vt 0.169227 0.175931
vt 0.179629 0.174456
vt 0.181758 0.189769
vt 0.187388 0.183587
vt 0.203102 0.194901
vt 0.202444 0.187681
vt 0.180231 0.157515
vt 0.179629 0.174456
vt 0.169227 0.175931
vt 0.168368 0.158755
vt 0.187388 0.183587
vt 0.181758 0.189769
vt 0.202444 0.187681
vt 0.203102 0.194901
vt 0.144716 0.126890
vt 0.143601 0.143303
vt 0.153187 0.143957
vt 0.155341 0.127980
vt 0.166833 0.147117
vt 0.167453 0.130088
vt 0.156468 0.130088
vt 0.157086 0.147117
vt 0.143677 0.162180
vt 0.151778 0.162337
vt 0.166138 0.159930
vt 0.157900 0.159930
vt 0.145001 0.185061
vt 0.150461 0.185078
vt 0.164736 0.176598
vt 0.157603 0.176598
vt 0.890755 0.733858
vt 0.898922 0.733858
vt 0.898869 0.702745
vt 0.891741 0.702745
vt 0.907283 0.733858
vt 0.906193 0.702745
vt 0.915853 0.733858
vt 0.913663 0.702745
vt 0.924218 0.733858
vt 0.920871 0.702745
vt 0.932056 0.733858
vt 0.927442 0.702745
vt 0.849772 0.733858
vt 0.857324 0.733858
vt 0.862545 0.702745
vt 0.856201 0.702745
vt 0.865355 0.733858
vt 0.869515 0.702745
vt 0.873860 0.733858
vt 0.876967 0.702745
vt 0.882431 0.733858
vt 0.884482 0.702745
vt 0.877212 0.695801
vt 0.869967 0.695801
vt 0.863093 0.695801
vt 0.855827 0.695801
vt 0.927610 0.695801
vt 0.919918 0.695801
vt 0.912946 0.695801
vt 0.906382 0.695801
vt 0.899676 0.695801
vt 0.892485 0.695801
vt 0.884848 0.695801
vt 0.890755 0.733859
vt 0.898921 0.733859
vt 0.898869 0.702746
vt 0.891741 0.702746
vt 0.907283 0.733859
vt 0.906193 0.702746
vt 0.915852 0.733859
vt 0.913663 0.702746
vt 0.924219 0.733859
vt 0.920872 0.702746
vt 0.932056 0.733859
vt 0.927442 0.702746
vt 0.849772 0.733859
vt 0.857325 0.733859
vt 0.862545 0.702746
vt 0.856201 0.702746
vt 0.865356 0.733859
vt 0.869515 0.702746
vt 0.873860 0.733859
vt 0.876967 0.702746
vt 0.882430 0.733859
vt 0.884482 0.702746
vt 0.877212 0.695802
vt 0.869967 0.695802
vt 0.863093 0.695802
vt 0.855827 0.695802
vt 0.927610 0.695802
vt 0.919918 0.695802
vt 0.912946 0.695802
vt 0.906382 0.695802
vt 0.899675 0.695802
vt 0.892485 0.695802
vt 0.884849 0.695802
vt 0.447248 0.915094
vt 0.532627 0.915094
vt 0.533533 0.849959
vt 0.448154 0.849959
vt 0.447248 0.915094
vt 0.692740 0.609015
vt 0.717206 0.609015
vt 0.717206 0.593044
vt 0.692740 0.593044
vt 0.742813 0.609015
vt 0.742813 0.593044
vt 0.765585 0.609015
vt 0.765585 0.593044
vt 0.790694 0.609015
vt 0.790694 0.593044
vt 0.814694 0.609015
vt 0.814694 0.593044
vt 0.842015 0.609015
vt 0.842015 0.593044
vt 0.867997 0.609015
vt 0.867997 0.593044
vt 0.893928 0.609015
vt 0.893928 0.593044
vt 0.918320 0.609015
vt 0.918320 0.593044
vt 0.939929 0.609015
vt 0.939929 0.593044
vt 0.692740 0.557075
vt 0.717206 0.557075
vt 0.717206 0.549366
vt 0.692740 0.549445
vt 0.742813 0.557075
vt 0.742813 0.549430
vt 0.765585 0.557075
vt 0.765585 0.549427
vt 0.790694 0.557075
vt 0.790694 0.549449
vt 0.814694 0.557075
vt 0.814694 0.549420
vt 0.842015 0.557075
vt 0.842015 0.549403
vt 0.867997 0.557075
vt 0.867997 0.549417
vt 0.893928 0.557075
vt 0.893928 0.549408
vt 0.918320 0.557075
vt 0.918320 0.549438
vt 0.939929 0.557075
vt 0.939929 0.549388
vt 0.692740 0.549445
vt 0.717206 0.549366
vt 0.717206 0.539500
vt 0.692740 0.539500
vt 0.742813 0.549430
vt 0.742813 0.539500
vt 0.765585 0.549427
vt 0.765585 0.539500
vt 0.790694 0.549449
vt 0.790694 0.539500
vt 0.790694 0.549449
vt 0.814694 0.549420
vt 0.814694 0.539500
vt 0.790694 0.539500
vt 0.842015 0.549403
vt 0.842015 0.539500
vt 0.867997 0.549417
vt 0.867997 0.539500
vt 0.893928 0.549408
vt 0.893928 0.539500
vt 0.918320 0.549438
vt 0.918320 0.539500
vt 0.939929 0.549388
vt 0.939929 0.539500
vt 0.867997 0.575341
vt 0.893928 0.575341
vt 0.893928 0.557075
vt 0.867997 0.557075
vt 0.842015 0.575341
vt 0.842015 0.557075
vt 0.814694 0.575341
vt 0.814694 0.557075
vt 0.790694 0.575341
vt 0.790694 0.557075
vt 0.765585 0.575341
vt 0.765585 0.557075
vt 0.742813 0.575341
vt 0.742813 0.557075
vt 0.717206 0.575341
vt 0.717206 0.557075
vt 0.692740 0.575341
vt 0.692740 0.557075
vt 0.918320 0.575341
vt 0.939929 0.575341
vt 0.939929 0.557075
vt 0.918320 0.557075
vt 0.692520 0.407616
vt 0.692520 0.438477
vt 0.725542 0.438477
vt 0.725542 0.407616
vt 0.725542 0.502057
vt 0.725542 0.470710
vt 0.692520 0.470710
vt 0.692520 0.502057
vt 0.692520 0.438477
vt 0.692520 0.453555
vt 0.725542 0.453555
vt 0.725542 0.438477
vt 0.692520 0.518117
vt 0.692520 0.533770
vt 0.725542 0.533770
vt 0.725542 0.518117
vt 0.729861 0.438477
vt 0.729861 0.407616
vt 0.729861 0.453555
vt 0.729861 0.438477
vt 0.729861 0.502057
vt 0.729861 0.470710
vt 0.729861 0.533770
vt 0.729861 0.518117
vt 0.725542 0.502057
vt 0.729861 0.502057
vt 0.692520 0.502057
vt 0.692520 0.470710
vt 0.725542 0.470710
vt 0.729861 0.470710
vt 0.939885 0.344344
vt 0.939386 0.324138
vt 0.899998 0.325679
vt 0.900142 0.343649
vt 0.939386 0.324138
vt 0.941715 0.371086
vt 0.868319 0.324892
vt 0.868660 0.345654
vt 0.844879 0.325713
vt 0.845249 0.345712
vt 0.939885 0.344344
vt 0.939386 0.324138
vt 0.899998 0.325679
vt 0.900142 0.343649
vt 0.940809 0.297498
vt 0.939386 0.324138
vt 0.900832 0.373884
vt 0.941715 0.371086
vt 0.939885 0.344344
vt 0.868319 0.324892
vt 0.868660 0.345654
vt 0.844879 0.325713
vt 0.845249 0.345712
vt 0.692520 0.407616
vt 0.692520 0.438477
vt 0.725542 0.438477
vt 0.725542 0.407616
vt 0.725542 0.502057
vt 0.725542 0.470710
vt 0.692520 0.470710
vt 0.692520 0.502057
vt 0.692520 0.438477
vt 0.692520 0.453555
vt 0.725542 0.453555
vt 0.725542 0.438477
vt 0.692520 0.518117
vt 0.692520 0.533770
vt 0.725542 0.533770
vt 0.725542 0.518117
vt 0.729861 0.438477
vt 0.729861 0.407616
vt 0.729861 0.453555
vt 0.729861 0.438477
vt 0.729861 0.502057
vt 0.729861 0.470710
vt 0.729861 0.533770
vt 0.729861 0.518117
vt 0.725542 0.502057
vt 0.729861 0.502057
vt 0.692520 0.502057
vt 0.692520 0.470710
vt 0.725542 0.470710
vt 0.729861 0.470710
vt 0.939885 0.344344
vt 0.939386 0.324138
vt 0.899998 0.325679
vt 0.900142 0.343649
vt 0.941715 0.371086
vt 0.868319 0.324892
vt 0.868660 0.345654
vt 0.843504 0.298977
vt 0.844879 0.325713
vt 0.844879 0.325713
vt 0.845249 0.345712
vt 0.844917 0.372430
vt 0.845249 0.345712
vt 0.692520 0.407616
vt 0.692520 0.438477
vt 0.725542 0.438477
vt 0.725542 0.407616
vt 0.725542 0.502057
vt 0.725542 0.470710
vt 0.692520 0.470710
vt 0.692520 0.502057
vt 0.692520 0.438477
vt 0.692520 0.453555
vt 0.725542 0.453555
vt 0.725542 0.438477
vt 0.692520 0.518117
vt 0.692520 0.533770
vt 0.725542 0.533770
vt 0.725542 0.518117
vt 0.729861 0.438477
vt 0.729861 0.407616
vt 0.729861 0.453555
vt 0.729861 0.438477
vt 0.729861 0.502057
vt 0.729861 0.470710
vt 0.729861 0.533770
vt 0.729861 0.518117
vt 0.725542 0.502057
vt 0.729861 0.502057
vt 0.692520 0.502057
vt 0.692520 0.470710
vt 0.725542 0.470710
vt 0.729861 0.470710
vt 0.939885 0.344344
vt 0.939386 0.324138
vt 0.899998 0.325679
vt 0.900142 0.343649
vt 0.868319 0.324892
vt 0.868660 0.345654
vt 0.844879 0.325713
vt 0.845249 0.345712
vt 0.692520 0.407616
vt 0.692520 0.438477
vt 0.725542 0.438477
vt 0.725542 0.407616
vt 0.725542 0.502057
vt 0.725542 0.470710
vt 0.692520 0.470710
vt 0.692520 0.502057
vt 0.692520 0.438477
vt 0.692520 0.453555
vt 0.725542 0.453555
vt 0.725542 0.438477
vt 0.692520 0.518117
vt 0.692520 0.533770
vt 0.725542 0.533770
vt 0.725542 0.518117
vt 0.729861 0.438477
vt 0.729861 0.407616
vt 0.729861 0.453555
vt 0.729861 0.438477
vt 0.729861 0.502057
vt 0.729861 0.470710
vt 0.729861 0.533770
vt 0.729861 0.518117
vt 0.725542 0.502057
vt 0.729861 0.502057
vt 0.692520 0.502057
vt 0.692520 0.470710
vt 0.725542 0.470710
vt 0.729861 0.470710
vt 0.734306 0.534676
vt 0.783426 0.534676
vt 0.783469 0.485554
vt 0.734878 0.485438
vt 0.832497 0.535082
vt 0.832123 0.485559
vt 0.783453 0.436543
vt 0.734464 0.436118
vt 0.832472 0.436098
vt 0.872792 0.613786
vt 0.853734 0.612237
vt 0.853944 0.628134
vt 0.870679 0.629661
vt 0.835799 0.613290
vt 0.838282 0.628773
vt 0.967861 0.746371
vt 0.969147 0.727937
vt 0.954108 0.728889
vt 0.952982 0.745012
vt 0.967303 0.710321
vt 0.952588 0.713255
vt 0.962781 0.693028
vt 0.948703 0.697853
vt 0.955664 0.677432
vt 0.942633 0.684041
vt 0.946876 0.660263
vt 0.935073 0.669134
vt 0.935251 0.646255
vt 0.924899 0.657066
vt 0.921006 0.634921
vt 0.912418 0.647359
vt 0.904397 0.625334
vt 0.897971 0.639224
vt 0.889902 0.617976
vt 0.885409 0.633104
vt 0.901593 0.655573
vt 0.912975 0.663108
vt 0.912975 0.663108
vt 0.922153 0.673181
vt 0.922153 0.673181
vt 0.928680 0.686158
vt 0.933454 0.698178
vt 0.933454 0.698178
vt 0.936531 0.711408
vt 0.937902 0.724912
vt 0.937902 0.724912
vt 0.937623 0.739175
vt 0.835075 0.645702
vt 0.848902 0.644436
vt 0.863596 0.644341
vt 0.876775 0.645744
vt 0.876775 0.645744
vt 0.888347 0.649729
vt 0.962965 0.664735
vt 0.912697 0.478665
vt 0.886088 0.455685
vt 0.908393 0.456087
vt 0.905257 0.438109
vt 0.894941 0.438976
vt 0.887521 0.462014
vt 0.884886 0.480072
vt 0.907170 0.479053
vt 0.897857 0.462595
vt 0.957304 0.454633
vt 0.913207 0.453729
vt 0.886088 0.455685
vt 0.908393 0.456087
vt 0.905257 0.438109
vt 0.894941 0.438976
vt 0.887521 0.462014
vt 0.884886 0.480072
vt 0.907170 0.479053
vt 0.897857 0.462595
vt 0.847207 0.533353
vt 0.855382 0.534309
vt 0.855548 0.527683
vt 0.848043 0.526833
vt 0.855382 0.534309
vt 0.862861 0.534750
vt 0.862763 0.528041
vt 0.855548 0.527683
vt 0.862861 0.534750
vt 0.870463 0.534212
vt 0.870024 0.527636
vt 0.862763 0.528041
vt 0.870463 0.534212
vt 0.878425 0.532921
vt 0.877410 0.526607
vt 0.870024 0.527636
vt 0.878425 0.532921
vt 0.886229 0.530982
vt 0.884225 0.525367
vt 0.877410 0.526607
vt 0.838944 0.531680
vt 0.847207 0.533353
vt 0.848043 0.526833
vt 0.840988 0.525864
vt 0.852208 0.453817
vt 0.953388 0.382203
vt 0.962381 0.379198
vt 0.953391 0.379190
vt 0.953388 0.382203
vt 0.962377 0.382209
vt 0.953390 0.413333
vt 0.962382 0.413326
vt 0.962378 0.409832
vt 0.953389 0.409837
vt 0.917809 0.379193
vt 0.908728 0.379195
vt 0.908728 0.382209
vt 0.917808 0.382206
vt 0.908738 0.413338
vt 0.917814 0.413327
vt 0.917813 0.409832
vt 0.908733 0.409840
vt 0.926085 0.379194
vt 0.926084 0.382207
vt 0.926086 0.413331
vt 0.926087 0.409835
vt 0.934492 0.379190
vt 0.934492 0.382204
vt 0.934492 0.413330
vt 0.934492 0.409835
vt 0.943951 0.379193
vt 0.943949 0.382205
vt 0.943950 0.413327
vt 0.943950 0.409833
vt 0.868850 0.504464
vt 0.875480 0.503975
vt 0.874188 0.479446
vt 0.868089 0.479673
vt 0.862513 0.504601
vt 0.868850 0.504464
vt 0.868089 0.479673
vt 0.862369 0.479702
vt 0.856262 0.504404
vt 0.862513 0.504601
vt 0.862369 0.479702
vt 0.856737 0.479596
vt 0.849604 0.504006
vt 0.856262 0.504404
vt 0.856737 0.479596
vt 0.850631 0.479418
vt 0.843080 0.503581
vt 0.849604 0.504006
vt 0.850631 0.479418
vt 0.844681 0.479216
vt 0.875480 0.503975
vt 0.881858 0.503313
vt 0.880025 0.479065
vt 0.874188 0.479446
vt 0.873834 0.461243
vt 0.867888 0.461225
vt 0.867888 0.461225
vt 0.862304 0.461148
vt 0.862304 0.461148
vt 0.856808 0.461156
vt 0.856808 0.461156
vt 0.850857 0.461215
vt 0.850857 0.461215
vt 0.845260 0.461190
vt 0.879332 0.461065
vt 0.873834 0.461243
vt 0.869830 0.402958
vt 0.889269 0.401140
vt 0.887019 0.394049
vt 0.865905 0.392227
vt 0.838928 0.405387
vt 0.852082 0.404251
vt 0.850252 0.386839
vt 0.838249 0.383533
vt 0.842487 0.424429
vt 0.855934 0.421234
vt 0.874402 0.417067
vt 0.892210 0.410176
vt 0.860312 0.451857
vt 0.868700 0.443409
vt 0.879060 0.431597
vt 0.896100 0.422242
vt 0.869830 0.402958
vt 0.865905 0.392227
vt 0.887019 0.394049
vt 0.889269 0.401140
vt 0.838928 0.405387
vt 0.838249 0.383533
vt 0.850252 0.386839
vt 0.852082 0.404251
vt 0.842487 0.424429
vt 0.855934 0.421234
vt 0.874402 0.417068
vt 0.892210 0.410176
vt 0.860312 0.451857
vt 0.868700 0.443409
vt 0.879060 0.431597
vt 0.896100 0.422242
vt 0.888298 0.385681
vt 0.868699 0.380390
vt 0.865905 0.392227
vt 0.887019 0.394049
vt 0.886975 0.440720
vt 0.900786 0.429337
vt 0.896100 0.422242
vt 0.879060 0.431597
vt 0.633364 0.720187
vt 0.638579 0.720186
vt 0.638579 0.712444
vt 0.633364 0.712444
vt 0.644023 0.720186
vt 0.644023 0.712444
vt 0.649218 0.720186
vt 0.649218 0.712444
vt 0.654439 0.720187
vt 0.654439 0.712444
vt 0.659886 0.720187
vt 0.659886 0.712444
vt 0.664767 0.720187
vt 0.664767 0.712444
vt 0.669811 0.720187
vt 0.669811 0.712444
vt 0.674133 0.720187
vt 0.674133 0.712444
vt 0.678858 0.720187
vt 0.678858 0.712444
vt 0.628491 0.720187
vt 0.628491 0.712444
vt 0.792183 0.720849
vt 0.787280 0.722822
vt 0.792578 0.733394
vt 0.798474 0.732060
vt 0.781962 0.724601
vt 0.783205 0.735394
vt 0.776964 0.725977
vt 0.777420 0.736479
vt 0.772509 0.726942
vt 0.772195 0.738293
vt 0.768639 0.727374
vt 0.767334 0.739780
vt 0.765173 0.727165
vt 0.762744 0.740196
vt 0.761857 0.726292
vt 0.758332 0.739158
vt 0.758568 0.724783
vt 0.754157 0.736648
vt 0.755269 0.722753
vt 0.750471 0.733127
vt 0.796793 0.718681
vt 0.804814 0.731182
vt 0.784474 0.708630
vt 0.781942 0.710985
vt 0.778738 0.712706
vt 0.775456 0.713462
vt 0.772572 0.713380
vt 0.770099 0.712831
vt 0.767818 0.712139
vt 0.765544 0.711481
vt 0.763215 0.710934
vt 0.760759 0.710454
vt 0.786309 0.706096
vt 0.778292 0.701635
vt 0.777305 0.703052
vt 0.775945 0.704020
vt 0.774335 0.704328
vt 0.772685 0.704039
vt 0.771079 0.703415
vt 0.769474 0.702737
vt 0.767834 0.702192
vt 0.766168 0.701851
vt 0.764476 0.701658
vt 0.779008 0.700064
vt 0.755121 0.691118
vt 0.754541 0.691970
vt 0.765745 0.698617
vt 0.767342 0.693549
vt 0.751732 0.687455
vt 0.752680 0.687988
vt 0.757282 0.675638
vt 0.751968 0.674424
vt 0.753539 0.688588
vt 0.754373 0.689200
vt 0.764915 0.683031
vt 0.761753 0.678759
vt 0.754373 0.689200
vt 0.755030 0.690070
vt 0.766882 0.688114
vt 0.764915 0.683031
vt 0.848080 0.649470
vt 0.633364 0.720187
vt 0.633364 0.712444
vt 0.638579 0.712444
vt 0.638579 0.720186
vt 0.644023 0.712444
vt 0.644023 0.720186
vt 0.649218 0.712444
vt 0.649218 0.720186
vt 0.654439 0.712444
vt 0.654439 0.720187
vt 0.659886 0.712444
vt 0.659886 0.720187
vt 0.664767 0.712444
vt 0.664767 0.720187
vt 0.669811 0.712444
vt 0.669811 0.720187
vt 0.674133 0.712444
vt 0.674133 0.720187
vt 0.678858 0.712444
vt 0.678858 0.720187
vt 0.628491 0.720187
vt 0.628491 0.712444
vt 0.752426 0.669395
vt 0.792183 0.720849
vt 0.798474 0.732060
vt 0.792578 0.733394
vt 0.787280 0.722822
vt 0.783205 0.735394
vt 0.781962 0.724601
vt 0.777420 0.736479
vt 0.776964 0.725977
vt 0.772195 0.738293
vt 0.772509 0.726942
vt 0.767334 0.739780
vt 0.768639 0.727374
vt 0.762744 0.740196
vt 0.765173 0.727165
vt 0.758332 0.739158
vt 0.761857 0.726292
vt 0.754157 0.736648
vt 0.758568 0.724783
vt 0.750471 0.733127
vt 0.755269 0.722753
vt 0.796793 0.718681
vt 0.804814 0.731182
vt 0.781942 0.710985
vt 0.784474 0.708630
vt 0.778738 0.712706
vt 0.775456 0.713462
vt 0.772572 0.713380
vt 0.770099 0.712831
vt 0.767818 0.712139
vt 0.765544 0.711481
vt 0.763215 0.710934
vt 0.760759 0.710454
vt 0.786309 0.706096
vt 0.777305 0.703052
vt 0.778292 0.701635
vt 0.775945 0.704020
vt 0.774335 0.704328
vt 0.772685 0.704039
vt 0.771079 0.703415
vt 0.769474 0.702737
vt 0.767834 0.702192
vt 0.766168 0.701851
vt 0.764476 0.701658
vt 0.779008 0.700064
vt 0.755121 0.691118
vt 0.767342 0.693549
vt 0.765745 0.698617
vt 0.754541 0.691970
vt 0.751732 0.687455
vt 0.751968 0.674424
vt 0.757282 0.675638
vt 0.752680 0.687988
vt 0.753539 0.688588
vt 0.761753 0.678759
vt 0.764915 0.683031
vt 0.754373 0.689200
vt 0.754373 0.689200
vt 0.764915 0.683031
vt 0.766882 0.688114
vt 0.755030 0.690070
vt 0.853693 0.205576
vt 0.853693 0.205576
vn 1.0000 -0.0000 0.0000
vn 0.0000 1.0000 0.0000
vn 0.0000 0.9995 -0.0312
vn 0.0000 0.9995 -0.0313
vn -0.0000 -1.0000 -0.0000
vn 0.0000 0.0000 -1.0000
vn 0.0000 0.0000 1.0000
vn 0.1158 0.9291 0.3512
vn 0.1158 0.9291 0.3511
vn 0.1519 0.9292 -0.3369
vn 0.1518 0.9292 -0.3371
vn -0.1874 0.9425 -0.2767
vn -0.8790 0.0001 0.4768
vn 0.8737 0.0000 -0.4864
vn -0.8737 0.0001 0.4864
vn 0.0000 -0.8647 0.5024
vn 0.0000 0.0211 0.9998
vn 0.0000 0.0225 -0.9997
vn 0.0000 0.1103 0.9939
vn 0.0000 -0.6007 -0.7995
vn 0.0000 0.8985 -0.4391
vn 0.0000 0.8985 -0.4390
vn -0.8795 -0.0905 0.4671
vn 0.8795 -0.0905 0.4671
vn 0.0000 0.5629 0.8265
vn 0.0000 0.4314 -0.9022
vn -0.8660 -0.0765 -0.4941
vn -0.4871 -0.7682 -0.4155
vn 0.4871 -0.7682 -0.4155
vn 0.8660 -0.0765 -0.4941
vn 0.4694 0.5743 -0.6707
vn 0.4693 0.5743 -0.6708
vn -0.4693 0.5743 -0.6707
vn -0.0000 -0.1531 -0.9882
vn -0.0000 -0.5444 -0.8388
vn -0.0000 -0.5445 -0.8388
vn -0.0001 0.1552 0.9879
vn 0.0001 0.1551 0.9879
vn 0.0000 0.1550 0.9879
vn 0.0000 0.1551 0.9879
vn -0.0001 0.1550 0.9879
vn 0.0001 -0.5444 -0.8388
vn -0.0002 0.1552 0.9879
vn -0.0000 0.1552 0.9879
vn 0.9428 0.0510 0.3296
vn 0.5172 -0.6637 0.5404
vn -0.5172 -0.6637 0.5404
vn -0.9428 0.0510 0.3296
vn -0.5444 0.8164 0.1924
vn 0.5444 0.8165 0.1924
vn -0.0000 0.4121 0.9111
vn 0.9998 0.0000 0.0213
vn -0.9999 0.0000 0.0129
vn 0.9992 0.0002 -0.0390
vn 0.9992 0.0000 -0.0393
vn -0.9949 -0.0003 0.1011
vn -0.9949 0.0000 0.1007
vn 0.0000 0.9498 -0.3127
vn 0.0000 -0.9908 -0.1355
vn 0.0000 0.0515 0.9987
vn 0.0000 0.9871 -0.1600
vn -0.0000 -0.9987 -0.0502
vn 0.0000 0.0837 -0.9965
vn 0.0000 0.0755 0.9971
vn -0.1977 0.9739 0.1115
vn -0.1314 -0.9824 0.1329
vn 0.0000 0.9999 -0.0157
vn 0.0000 -0.9994 -0.0360
vn -0.1977 0.9739 -0.1115
vn -0.1314 -0.9824 -0.1329
vn -1.0000 -0.0000 0.0000
vn 0.0000 -0.6821 -0.7313
vn 0.0000 -0.7049 0.7094
vn 0.0000 0.1477 -0.9890
vn 0.0000 -0.6821 0.7313
vn 0.0000 -0.7049 -0.7094
vn 0.0000 0.1477 0.9890
vn 0.0000 0.9301 0.3672
vn 0.0000 0.0638 0.9980
vn 0.0000 0.2137 -0.9769
vn 0.0000 0.7274 0.6862
vn 0.0000 -0.7516 0.6596
vn 0.0000 0.7638 -0.6454
vn 0.0000 0.9842 -0.1771
vn 0.0000 0.1613 0.9869
vn 0.0000 -0.8687 -0.4954
vn 0.0000 -0.8686 -0.4954
vn 0.0000 0.4393 -0.8983
vn 0.9837 0.1787 -0.0191
vn 0.1589 -0.8298 0.5349
vn 0.1487 -0.8567 -0.4938
vn 0.0127 -0.1492 -0.9887
vn 0.0339 -0.1063 0.9938
vn -0.4991 0.2554 0.8280
vn -0.4992 0.2553 0.8280
vn 0.3675 0.1464 0.9184
vn 0.3676 0.1464 0.9184
vn -0.9471 0.0707 -0.3130
vn -0.7533 -0.1714 0.6349
vn 0.1856 -0.3164 0.9303
vn 0.7443 0.0216 -0.6675
vn 0.7443 0.0215 -0.6675
vn -0.1976 0.1676 -0.9659
vn 0.0718 0.9770 0.2009
vn 0.9786 0.0000 0.2056
vn 0.1850 0.9820 0.0389
vn -0.9786 0.0000 -0.2056
vn 0.1785 0.0000 -0.9839
vn 0.1784 -0.0000 -0.9839
vn -0.1785 0.0000 0.9839
vn -0.0052 0.9996 0.0289
vn -0.0050 -0.9996 0.0277
vn 0.9662 -0.1586 0.2031
vn 0.9662 -0.1586 0.2030
vn -0.9662 -0.1586 -0.2030
vn -0.1737 0.2293 0.9577
vn 0.1737 0.2293 -0.9577
vn -0.0124 -0.9999 -0.0026
vn 0.3573 0.0000 0.9340
vn 0.0271 0.9955 0.0911
vn 0.0272 0.9955 0.0911
vn -0.9995 0.0000 0.0316
vn 0.1685 0.0045 0.9857
vn -0.1685 0.0045 -0.9857
vn -0.1685 0.0044 -0.9857
vn -0.8086 -0.5884 0.0029
vn 0.8390 0.5442 -0.0031
vn 0.1465 0.0034 0.9892
vn -0.1465 0.0034 -0.9892
vn 0.8044 -0.5929 -0.0378
vn -0.8351 0.5487 0.0392
vn 0.1693 0.0044 0.9856
vn -0.1693 0.0044 -0.9855
vn -0.8088 -0.5881 0.0014
vn 0.8391 0.5440 -0.0015
vn 0.1510 0.0033 0.9885
vn -0.1510 0.0033 -0.9885
vn 0.8052 -0.5921 -0.0315
vn -0.8359 0.5479 0.0327
vn -0.8567 0.2268 -0.4633
vn -0.4744 -0.0718 0.8774
vn 0.8781 -0.0584 0.4749
vn 0.4618 0.2392 -0.8541
vn -0.4433 0.2338 0.8653
vn -0.4433 0.2338 0.8654
vn 0.8871 -0.0812 0.4544
vn 0.4549 -0.0659 -0.8881
vn -0.8622 0.2479 -0.4417
vn 0.5181 0.2414 -0.8205
vn 0.5181 0.2413 -0.8206
vn -0.8433 -0.0730 -0.5324
vn -0.5324 -0.0741 0.8432
vn 0.8208 0.2404 0.5182
vn 0.8552 0.2292 0.4648
vn 0.8552 0.2293 0.4648
vn 0.4764 -0.0692 -0.8765
vn -0.8770 -0.0610 -0.4766
vn -0.4639 0.2368 0.8536
vn 0.5182 0.2414 -0.8205
vn -0.8433 -0.0730 -0.5325
vn -0.5325 -0.0741 0.8432
vn 0.8207 0.2404 0.5182
vn -0.4433 0.2339 0.8653
vn -0.8622 0.2479 -0.4418
vn -0.8567 0.2269 -0.4633
vn -0.8567 0.2268 -0.4632
vn -0.4745 -0.0718 0.8773
vn 0.4619 0.2392 -0.8541
vn 0.8552 0.2293 0.4647
vn -0.4639 0.2369 0.8536
vn -0.4638 0.2368 0.8537
vn 0.9998 0.0000 0.0184
vn -0.9997 0.0000 -0.0244
vn 0.8216 0.3695 0.4341
vn -0.4420 -0.8661 -0.2335
vn 0.7821 -0.4666 0.4131
vn 0.7820 -0.4666 0.4132
vn -0.6136 0.7200 -0.3242
vn -0.6136 0.7199 -0.3242
vn -0.6137 0.7199 -0.3242
vn 0.8519 0.3695 -0.3712
vn 0.8519 0.3695 -0.3711
vn -0.4583 -0.8661 0.1997
vn 0.8109 -0.4666 -0.3533
vn 0.8109 -0.4665 -0.3532
vn 0.8110 -0.4664 -0.3533
vn -0.6363 0.7199 0.2772
vn -0.0000 0.0022 -1.0000
vn 0.9996 0.0274 0.0000
vn 0.9960 -0.0897 -0.0000
vn 0.9994 0.0332 0.0000
vn 0.9941 -0.1085 0.0000
vn 0.1156 0.9292 0.3511
vn 0.1518 0.9292 -0.3370
vn 0.0000 0.9963 0.0855
vn 0.0000 0.9963 0.0854
vn 0.0000 0.0767 0.9971
vn 0.0000 0.9963 -0.0854
vn 0.0000 0.9963 -0.0855
vn 0.0000 -0.1139 0.9935
vn 0.0000 0.0767 -0.9971
vn 0.0000 1.0000 0.0016
vn 0.0144 -0.0000 0.9999
vn -0.0144 0.0000 -0.9999
vn 1.0000 0.0000 0.0084
vn -1.0000 0.0000 -0.0084
vn -0.9998 -0.0000 -0.0174
vn 0.9998 0.0000 0.0174
vn 0.0757 0.9970 0.0167
vn 0.0493 0.9963 -0.0699
vn 0.8316 0.0948 0.5473
vn -0.1299 -0.9914 0.0154
vn -0.6744 0.5367 -0.5072
vn -0.6744 0.5366 -0.5072
vn 0.0782 0.9954 -0.0548
vn -0.8055 0.1918 0.5607
vn 0.0016 -1.0000 -0.0008
vn 0.7312 0.4539 -0.5092
vn -0.2787 0.7642 -0.5816
vn -0.2787 0.7642 -0.5817
vn 0.3272 -0.5333 0.7801
vn 0.2838 -0.4638 -0.8393
vn -0.6729 -0.5374 -0.5082
vn -0.6730 -0.5375 -0.5082
vn -0.9874 0.0547 0.1486
vn -0.9874 0.0546 0.1488
vn -0.4541 0.7413 0.4942
vn -0.4541 0.7413 0.4941
vn 0.5432 0.8267 0.1466
vn 0.5431 0.8268 0.1466
vn 0.8446 0.1860 -0.5020
vn 0.8447 0.1860 -0.5020
vn 0.3806 -0.6215 -0.6847
vn -0.6261 -0.7035 -0.3363
vn -0.9317 -0.0812 0.3541
vn -0.9317 -0.0811 0.3541
vn -0.3602 0.5882 0.7241
vn 0.6403 0.6687 0.3780
vn 0.6404 0.6686 0.3780
vn 0.9484 0.0530 -0.3127
vn 0.9484 0.0529 -0.3127
vn 0.1122 0.3035 0.9462
vn 0.1123 0.3035 0.9462
vn -0.1700 0.0125 -0.9854
vn -0.1703 0.0125 -0.9853
vn 0.3969 0.5086 0.7640
vn 0.3968 0.5086 0.7641
vn 0.2517 0.7199 -0.6469
vn 0.2517 0.7199 -0.6468
vn 0.2521 0.7199 -0.6467
vn 0.2519 0.7200 -0.6466
vn -0.3760 -0.8584 0.3489
vn -0.3760 -0.8585 0.3488
vn 0.1122 0.3035 -0.9462
vn 0.1123 0.3035 -0.9462
vn 0.1122 0.3036 -0.9462
vn -0.1703 0.0125 0.9853
vn -0.1700 0.0125 0.9854
vn 0.3968 0.5086 -0.7641
vn 0.3967 0.5088 -0.7641
vn 0.2518 0.7198 0.6468
vn 0.2520 0.7199 0.6467
vn 0.2519 0.7199 0.6468
vn -0.3761 -0.8584 -0.3488
vn -0.3760 -0.8584 -0.3489
vn -0.3760 -0.8585 -0.3488
vn 0.8663 -0.0162 -0.4992
vn 0.8663 -0.0163 -0.4992
vn -0.8662 0.0170 0.4995
vn -0.8662 0.0167 0.4994
vn -0.3015 0.0004 0.9535
vn 0.3012 0.0004 -0.9536
vn 0.3012 0.0003 -0.9536
vn 0.3014 -0.0001 -0.9535
vn -0.8790 0.0001 0.4767
vn -0.8790 0.0002 0.4769
vn 0.8789 0.0002 -0.4769
vn 0.8790 0.0002 -0.4769
vn 0.8790 0.0003 -0.4768
vn 0.8738 0.0002 -0.4863
vn 0.8738 0.0001 -0.4863
vn 0.8737 0.0003 -0.4865
vn 0.8738 0.0001 -0.4864
vn -0.8737 0.0002 0.4864
vn -0.8737 0.0002 0.4865
vn -0.8738 0.0005 0.4862
vn 0.9844 -0.1685 -0.0500
vn 0.9790 0.2015 -0.0307
vn 0.9966 -0.0735 0.0360
vn 0.9837 0.0055 0.1796
vn 0.9991 0.0147 0.0390
vn 0.9804 0.1430 -0.1357
vn -0.9844 -0.1685 -0.0500
vn -0.9966 -0.0735 0.0360
vn -0.9790 0.2015 -0.0307
vn -0.9837 0.0055 0.1796
vn -0.9804 0.1430 -0.1357
vn -0.9991 0.0147 0.0390
vn 0.0000 0.3213 -0.9470
vn 0.0000 0.7472 -0.6646
vn -0.0000 0.6240 -0.7814
vn 0.0000 0.9762 -0.2168
vn 0.0000 0.9762 -0.2167
vn -0.9919 0.1267 -0.0096
vn -0.9984 -0.0310 0.0463
vn -0.9995 0.0293 -0.0068
vn 0.9987 -0.0494 0.0110
vn 0.9993 -0.0269 -0.0257
vn 0.9988 0.0372 -0.0332
vn 0.0246 0.9606 0.2768
vn 0.1356 0.9860 0.0967
vn 0.0540 0.9665 0.2510
vn 0.1461 0.9861 0.0797
vn -0.0172 0.9587 -0.2840
vn 0.1063 0.8880 -0.4474
vn 0.0998 0.9887 -0.1117
vn -0.0778 0.9294 0.3607
vn -0.1053 0.9609 0.2560
vn -0.1723 0.9842 0.0398
vn 0.1033 0.9124 0.3962
vn 0.0295 0.9782 -0.2056
vn -0.0790 0.9881 -0.1318
vn -0.0180 0.9063 -0.4222
vn -0.1864 0.0639 0.9804
vn -0.1430 0.0508 0.9884
vn -0.1792 0.0727 0.9811
vn -0.1688 0.0296 -0.9852
vn -0.1831 0.0232 -0.9828
vn -0.1336 0.0078 -0.9910
vn -0.1328 0.0336 -0.9906
vn -0.1186 0.0390 -0.9922
vn -0.1730 0.0378 -0.9842
vn -0.1645 0.0799 0.9831
vn -0.1571 0.0976 0.9828
vn -0.1244 0.0751 0.9894
vn -0.0781 -0.0297 -0.9965
vn -0.0516 -0.0543 -0.9972
vn -0.1007 0.0081 -0.9949
vn -0.0962 0.0363 0.9947
vn -0.1093 0.0259 0.9937
vn -0.0618 -0.0245 0.9978
vn 0.0943 -0.0075 -0.9955
vn 0.1075 -0.0179 -0.9940
vn 0.0584 -0.0674 -0.9960
vn 0.0764 0.0111 0.9970
vn 0.0494 -0.0128 0.9987
vn 0.1013 0.0486 0.9937
vn 0.1647 0.0355 -0.9857
vn 0.1582 0.0529 -0.9860
vn 0.1240 0.0317 -0.9918
vn 0.1350 0.0741 0.9881
vn 0.1214 0.0797 0.9894
vn 0.1757 0.0774 0.9814
vn 0.1861 0.0194 -0.9823
vn 0.1425 0.0065 -0.9898
vn 0.1793 0.0280 -0.9834
vn 0.1712 0.0693 0.9828
vn 0.1846 0.0628 0.9808
vn 0.1355 0.0486 0.9896
vn 0.7291 0.6476 0.2212
vn 0.7482 0.4766 0.4615
vn 0.8978 0.2714 0.3467
vn 0.9255 0.3736 0.0620
vn 0.9191 0.3909 0.0504
vn 0.9319 0.3592 0.0500
vn 0.9166 0.3938 0.0695
vn 0.9140 0.4044 0.0337
vn 0.9248 0.3803 -0.0118
vn 0.9272 0.3718 0.0448
vn 0.9267 0.3734 0.0420
vn 0.9397 0.3400 0.0369
vn 0.9315 0.3566 0.0725
vn 0.9437 0.3298 -0.0260
vn 0.9580 0.2822 0.0503
vn 0.9344 0.3331 0.1262
vn 0.9320 0.3583 0.0539
vn -0.8287 0.5379 -0.1550
vn -0.4605 0.8032 -0.3779
vn -0.3675 -0.1464 -0.9184
vn 0.0390 0.8132 -0.5807
vn 0.4702 0.5612 -0.6812
vn 0.7115 0.1765 -0.6802
vn 0.7538 -0.2454 -0.6095
vn 0.7539 -0.2454 -0.6095
vn 0.5902 -0.6500 -0.4787
vn 0.2036 -0.9358 -0.2876
vn -0.3120 -0.9467 -0.0800
vn -0.7359 -0.6748 0.0554
vn -0.9583 -0.2740 0.0809
vn -0.9889 0.1484 0.0068
vn -0.1605 0.9634 -0.2148
vn -0.0353 0.9910 -0.1295
vn -0.0408 0.9815 -0.1870
vn -0.0183 0.9925 -0.1205
vn 0.0180 0.9940 0.1081
vn 0.0110 0.9921 0.1246
vn 0.0255 0.9749 0.2211
vn -0.0297 0.9621 0.2710
vn 0.0217 0.9765 -0.2143
vn 0.0827 0.9677 0.2383
vn 0.0840 0.9030 -0.4214
vn -0.0322 0.9341 -0.3556
vn -0.0082 0.9875 -0.1575
vn -0.0276 0.9816 -0.1891
vn -0.1440 0.9049 -0.4006
vn 0.0302 0.9920 0.1228
vn 0.0399 0.9803 0.1935
vn 0.0887 0.9755 0.2015
vn 0.0166 0.9937 0.1105
vn 0.0024 0.9743 0.2253
vn -0.1568 0.8986 -0.4098
vn 0.0029 0.9885 -0.1510
vn 0.0184 0.9564 -0.2915
vn 0.0189 0.9917 -0.1272
vn 0.0191 0.9931 0.1153
vn 0.0327 0.9924 0.1183
vn 0.0749 0.9700 0.2312
vn 0.0400 0.9657 0.2567
vn 0.2229 0.8965 -0.3830
vn 0.1662 0.9474 0.2734
vn -0.7482 -0.6298 -0.2086
vn -0.2983 -0.8176 -0.4925
vn -0.3586 -0.9274 0.1069
vn -0.7398 -0.5762 0.3475
vn -0.2882 -0.7002 0.6532
vn 0.1868 -0.8970 0.4007
vn 0.1882 -0.9628 -0.1938
vn 0.5119 0.6298 -0.5842
vn -0.0200 0.8176 -0.5755
vn 0.3586 0.9273 -0.1069
vn -0.2636 0.9628 -0.0591
vn 0.0631 0.8970 0.4376
vn 0.5988 0.7002 0.3888
vn 0.8093 0.5762 -0.1142
vn -0.3394 -0.3176 -0.8854
vn -0.0302 -0.6923 -0.7210
vn -0.5768 -0.6357 -0.5130
vn -0.7699 -0.1768 -0.6132
vn -0.9129 -0.3790 -0.1516
vn -0.6401 -0.7661 0.0577
vn -0.1757 -0.9554 -0.2373
vn 0.9047 0.2567 0.3400
vn 0.7993 0.6004 -0.0248
vn 0.5768 0.6357 0.5130
vn 0.3636 0.9299 0.0559
vn 0.0278 0.8442 0.5353
vn 0.1699 0.4616 0.8707
vn 0.6030 0.1944 0.7737
vn 0.8714 0.1369 0.4712
vn 0.8896 0.1515 -0.4309
vn 0.9383 0.1879 0.2905
vn 0.4712 0.1369 -0.8714
vn -0.4310 0.1515 -0.8896
vn 0.2905 0.1879 -0.9383
vn -0.8713 0.1369 -0.4712
vn -0.8896 0.1515 0.4309
vn -0.9383 0.1879 -0.2904
vn -0.0512 0.9325 -0.3574
vn -0.2406 0.9384 -0.2479
vn -0.3288 0.9427 -0.0571
vn -0.2956 0.9442 0.1452
vn -0.1558 0.9428 0.2948
vn 0.0489 0.9386 0.3416
vn 0.2512 0.9327 0.2588
vn 0.3688 0.9273 0.0640
vn 0.3410 0.9250 -0.1674
vn 0.1750 0.9272 -0.3312
vn -0.3112 0.9326 -0.1830
vn -0.3439 0.9384 0.0334
vn -0.2497 0.9427 0.2213
vn -0.0710 0.9442 0.3215
vn 0.1332 0.9428 0.3057
vn 0.2975 0.9386 0.1749
vn 0.3590 0.9327 -0.0348
vn 0.2802 0.9273 -0.2482
vn 0.0820 0.9250 -0.3709
vn -0.1496 0.9272 -0.3434
vn -0.1741 0.9776 -0.1187
vn -0.1868 0.9824 -0.0049
vn -0.0105 0.9995 -0.0311
vn -0.1296 0.9867 0.0978
vn -0.0228 0.9888 0.1473
vn 0.0899 0.9879 0.1261
vn 0.1725 0.9841 0.0417
vn 0.1879 0.9791 -0.0784
vn 0.1303 0.9747 -0.1817
vn 0.0229 0.9726 -0.2315
vn -0.0958 0.9736 -0.2073
vn 0.3381 -0.0515 0.9397
vn 0.8662 -0.0173 -0.4994
vn 0.8661 -0.0181 -0.4995
vn 0.8663 -0.0169 -0.4993
vn -0.8663 0.0160 0.4993
vn -0.8663 0.0162 0.4993
vn -0.8664 0.0151 0.4992
vn -0.3013 -0.0007 0.9535
vn -0.3011 -0.0015 0.9536
vn -0.3014 -0.0003 0.9535
vn 0.3015 -0.0007 -0.9535
vn 0.3014 -0.0004 -0.9535
vn 0.3016 -0.0015 -0.9534
vn 0.0000 -0.8996 -0.4367
vn 0.0123 -0.0213 -0.9997
vn 0.0022 0.0000 -1.0000
vn -0.0029 -0.0320 -0.9995
vn -0.0009 -0.0519 -0.9987
vn 0.0150 0.9999 0.0011
vn 0.0357 0.9994 0.0027
vn 0.0489 0.9988 0.0038
vn 0.1265 -0.9919 0.0097
vn 0.0022 -1.0000 0.0002
vn 0.0055 -1.0000 0.0004
vn 0.0177 0.9998 0.0014
vn -0.0202 0.9998 -0.0015
vn 0.0170 -0.9999 0.0013
vn -0.0215 -0.9998 -0.0016
vn -0.0119 -0.0144 -0.9998
vn -0.0137 -0.0345 -0.9993
vn -0.0534 0.9986 -0.0042
vn -0.0545 0.9985 -0.0042
vn -0.0517 0.9987 -0.0044
vn -0.0516 0.9987 -0.0045
vn -0.0404 -0.9992 -0.0035
vn -0.1181 -0.9929 -0.0104
vn -0.1186 -0.9929 -0.0095
vn 0.0112 -0.9999 0.0009
vn -0.0152 0.0053 -0.9999
vn -0.0200 0.0000 -0.9998
vn -0.0183 0.0037 -0.9998
vn -0.0137 -0.0047 -0.9999
vn -0.1116 0.9937 0.0000
vn 0.0311 0.9995 0.0000
vn -0.0340 0.9994 -0.0000
vn 0.1116 -0.9937 0.0000
vn 0.0340 -0.9994 -0.0000
vn -0.0311 -0.9995 -0.0000
vn -0.0152 0.9999 0.0000
vn 0.0369 0.9993 0.0000
vn -0.0369 -0.9993 0.0000
vn 0.0152 -0.9999 0.0000
vn 0.0303 0.9995 0.0000
vn -0.0265 0.9996 0.0000
vn 0.0265 -0.9996 0.0000
vn -0.0303 -0.9995 0.0000
vn 0.1055 0.9944 0.0000
vn -0.1055 -0.9944 0.0000
vn -0.8652 -0.3918 -0.3129
vn -0.8715 -0.3819 -0.3076
vn -0.8652 -0.3919 -0.3129
vn -0.8610 -0.3983 -0.3164
vn -0.8420 -0.0559 0.5366
vn -0.8381 -0.0451 0.5437
vn -0.8445 -0.0629 0.5319
vn 0.8420 -0.0559 0.5366
vn 0.8335 -0.0593 0.5494
vn 0.8469 -0.0538 0.5290
vn 0.8652 -0.3918 -0.3129
vn 0.8692 -0.3939 -0.2989
vn 0.8627 -0.3906 -0.3212
vn 0.9336 -0.3468 -0.0904
vn 0.9498 -0.2983 -0.0944
vn 0.9567 -0.2911 -0.0010
vn 0.9503 -0.3044 0.0647
vn 0.9442 -0.1665 0.2843
vn 0.9467 -0.2122 0.2423
vn 0.9253 -0.1213 0.3593
vn 0.9252 -0.0831 0.3703
vn 0.9550 -0.2601 0.1426
vn 0.9590 -0.2389 0.1528
vn 1.0000 -0.0026 0.0096
vn 0.9835 0.1551 -0.0928
vn 0.9283 -0.3450 -0.1388
vn 0.9499 -0.2907 -0.1145
vn 0.9195 -0.0170 0.3927
vn 0.9092 -0.0377 0.4146
vn 0.9184 0.3249 0.2259
vn -0.9336 -0.3468 -0.0904
vn -0.9503 -0.3044 0.0647
vn -0.9567 -0.2911 -0.0010
vn -0.9498 -0.2983 -0.0944
vn -0.9442 -0.1665 0.2843
vn -0.9252 -0.0831 0.3703
vn -0.9253 -0.1213 0.3593
vn -0.9467 -0.2122 0.2423
vn -0.9590 -0.2388 0.1528
vn -0.9550 -0.2601 0.1426
vn -1.0000 -0.0026 0.0096
vn -0.9835 0.1551 -0.0928
vn -0.9499 -0.2907 -0.1145
vn -0.9283 -0.3451 -0.1388
vn -0.9092 -0.0377 0.4146
vn -0.9195 -0.0170 0.3927
vn -0.9184 0.3249 0.2259
vn 0.0000 0.0050 -1.0000
vn 0.0000 -0.2086 -0.9780
vn 0.0000 0.1715 -0.9852
vn -0.0000 0.5954 -0.8034
vn -0.0000 0.7007 -0.7134
vn 0.4965 0.5413 -0.6786
vn 0.5039 0.5408 -0.6735
vn 0.4689 0.5048 -0.7248
vn 0.4285 0.5015 -0.7516
vn 0.9717 -0.0703 -0.2257
vn 0.9722 -0.0794 -0.2203
vn 0.9454 -0.0885 -0.3136
vn 0.9276 -0.0580 -0.3691
vn 0.5672 -0.7973 0.2062
vn 0.5620 -0.8046 0.1920
vn 0.5601 -0.8244 0.0815
vn 0.5725 -0.8172 0.0664
vn -0.5673 -0.7973 0.2061
vn -0.5616 -0.8065 0.1849
vn -0.5601 -0.8244 0.0815
vn -0.5731 -0.8147 0.0882
vn -0.9716 -0.0703 -0.2257
vn -0.9641 -0.0901 -0.2499
vn -0.9454 -0.0885 -0.3136
vn -0.9517 -0.0477 -0.3034
vn -0.4855 0.5315 -0.6941
vn -0.5096 0.5429 -0.6675
vn -0.4689 0.5048 -0.7248
vn -0.4474 0.5342 -0.7172
vn 0.4720 0.7588 -0.4488
vn 0.3885 0.7923 -0.4705
vn 0.4331 0.5903 -0.6812
vn 0.5482 0.5871 -0.5957
vn 0.9985 -0.0294 -0.0454
vn 0.9981 0.0095 0.0605
vn 0.9663 -0.1146 -0.2305
vn 0.9724 -0.1270 -0.1957
vn 0.4292 -0.8078 0.4041
vn 0.4032 -0.7077 0.5802
vn 0.4421 -0.8882 0.1249
vn 0.5036 -0.8626 0.0493
vn -0.4318 -0.8261 0.3622
vn -0.4081 -0.7360 0.5402
vn -0.4421 -0.8882 0.1249
vn -0.5297 -0.8311 0.1694
vn -0.9983 -0.0315 -0.0486
vn -0.9983 0.0091 0.0578
vn -0.9663 -0.1146 -0.2305
vn -0.9585 -0.1552 -0.2391
vn -0.4391 0.7385 -0.5116
vn -0.4434 0.8184 -0.3656
vn -0.4331 0.5903 -0.6812
vn -0.5285 0.4881 -0.6946
vn 0.5732 0.8032 -0.1622
vn 0.5704 0.8109 -0.1308
vn 0.5721 0.7962 -0.1970
vn 0.5721 0.7961 -0.1970
vn 1.0000 -0.0004 -0.0029
vn 0.9992 0.0093 0.0396
vn 0.9987 -0.0078 -0.0501
vn 0.5733 -0.8037 0.1595
vn 0.5707 -0.7887 0.2287
vn 0.5731 -0.8153 0.0825
vn -0.5733 -0.8034 0.1608
vn -0.5707 -0.7887 0.2287
vn -0.5731 -0.8154 0.0825
vn -0.5731 -0.8153 0.0825
vn -1.0000 -0.0004 -0.0029
vn -0.9992 0.0093 0.0396
vn -0.9987 -0.0078 -0.0501
vn -0.5732 0.8030 -0.1635
vn -0.5704 0.8109 -0.1308
vn -0.5721 0.7962 -0.1970
vn 0.9971 0.0124 0.0752
vn 0.9831 0.0273 0.1808
vn 0.9831 0.0272 0.1808
vn 0.9979 0.0107 0.0643
vn 0.5646 -0.7707 0.2953
vn 0.5730 -0.7984 0.1850
vn 0.5556 -0.7481 0.3629
vn 0.5556 -0.7481 0.3628
vn -0.5639 -0.7712 0.2953
vn -0.5730 -0.7984 0.1850
vn -0.5556 -0.7481 0.3629
vn -0.9929 0.0183 0.1179
vn -0.9998 0.0045 0.0185
vn -0.9831 0.0272 0.1808
vn -0.9831 0.0273 0.1808
vn -0.5700 0.8212 -0.0273
vn -0.5723 0.8076 -0.1422
vn -0.5651 0.8237 0.0468
vn 0.5705 0.8209 -0.0272
vn 0.5723 0.8076 -0.1422
vn 0.5652 0.8237 0.0468
vn 0.9990 0.0207 0.0383
vn 0.9991 0.0228 0.0352
vn 0.9999 0.0070 0.0107
vn 0.9999 -0.0040 -0.0141
vn 0.5511 -0.6329 0.5438
vn 0.5539 -0.6321 0.5419
vn 0.5616 -0.6929 0.4522
vn 0.5656 -0.7399 0.3642
vn -0.5511 -0.6329 0.5438
vn -0.5538 -0.6308 0.5435
vn -0.5615 -0.6921 0.4535
vn -0.5655 -0.7394 0.3654
vn -0.9990 0.0207 0.0384
vn -0.9990 0.0243 0.0374
vn -0.9999 0.0071 0.0109
vn -0.9999 -0.0040 -0.0139
vn -0.5578 0.6864 -0.4665
vn -0.5572 0.6869 -0.4666
vn -0.5613 0.7071 -0.4301
vn -0.5625 0.7258 -0.3961
vn 0.5581 0.6862 -0.4665
vn 0.5628 0.7164 -0.4124
vn 0.5615 0.7170 -0.4131
vn 0.5572 0.6869 -0.4666
vn 0.9579 0.0898 0.2726
vn 0.9332 0.0557 0.3551
vn 0.3751 -0.5326 0.7587
vn 0.4531 -0.5441 0.7062
vn -0.3751 -0.5327 0.7586
vn -0.4156 -0.4795 0.7729
vn -0.9579 0.0898 0.2726
vn -0.9662 0.0400 0.2546
vn -0.4681 0.8726 -0.1393
vn -0.5724 0.7976 -0.1900
vn 0.4681 0.8726 -0.1393
vn 0.5724 0.7976 -0.1900
vn 0.9921 -0.0474 -0.1162
vn 0.9911 -0.0550 -0.1216
vn 0.5635 -0.7490 0.3485
vn 0.5646 -0.7475 0.3498
vn -0.5635 -0.7487 0.3492
vn -0.5646 -0.7488 0.3471
vn -0.9921 -0.0474 -0.1163
vn -0.9931 -0.0482 -0.1065
vn -0.5289 0.5850 -0.6149
vn -0.5329 0.5735 -0.6222
vn 0.5289 0.5850 -0.6149
vn 0.5329 0.5735 -0.6222
vn -0.5443 0.8165 0.1925
vn 0.5444 0.8164 0.1925
vn 0.4697 0.2686 0.8410
vn 0.3625 0.4083 0.8378
vn 0.4872 0.0031 0.8733
vn 0.4065 -0.1455 0.9020
vn 0.2671 -0.0490 -0.9624
vn 0.2116 -0.2732 -0.9384
vn 0.2763 -0.2037 -0.9392
vn 0.2253 0.0348 -0.9737
vn 0.1224 -0.3052 0.9444
vn -0.0788 -0.3072 0.9484
vn -0.0393 -0.3552 -0.9340
vn 0.0673 -0.3552 -0.9324
vn -0.3868 -0.1729 0.9058
vn -0.4668 -0.0310 0.8838
vn -0.2636 -0.2210 -0.9390
vn -0.1957 -0.2951 -0.9352
vn -0.4871 0.2395 0.8399
vn -0.3870 0.3733 0.8431
vn -0.2372 0.0174 -0.9713
vn -0.2809 -0.0710 -0.9571
vn -0.1221 0.5324 0.8376
vn 0.0767 0.5343 0.8418
vn 0.0443 0.1109 -0.9928
vn -0.0721 0.1102 -0.9913
vn 0.9988 0.0090 0.0489
vn 1.0000 -0.0048 -0.0067
vn 0.5642 -0.7714 0.2943
vn 0.5641 -0.7805 0.2694
vn -0.5642 -0.7714 0.2944
vn -0.5640 -0.7807 0.2691
vn -0.9988 0.0088 0.0478
vn -1.0000 -0.0049 -0.0069
vn -0.5702 0.8012 -0.1814
vn -0.5665 0.7739 -0.2831
vn 0.5703 0.8015 -0.1799
vn 0.5672 0.7733 -0.2832
vn 0.9982 -0.0064 -0.0593
vn 0.9982 -0.0062 -0.0594
vn 0.5745 -0.8128 0.0960
vn 0.5746 -0.8128 0.0959
vn -0.5745 -0.8128 0.0960
vn -0.5746 -0.8128 0.0960
vn -0.9982 -0.0063 -0.0592
vn -0.9982 -0.0062 -0.0592
vn -0.5685 0.7899 -0.2300
vn -0.5684 0.7899 -0.2300
vn 0.5685 0.7899 -0.2301
vn 0.5684 0.7899 -0.2301
vn 0.9972 -0.0630 0.0405
vn 0.9980 0.0000 0.0626
vn -0.0035 0.9929 -0.1191
vn -0.0046 0.9968 -0.0798
vn -0.0020 0.9970 -0.0780
vn 0.0000 0.9923 -0.1241
vn -0.9953 0.0785 -0.0564
vn -0.9996 0.0000 -0.0297
vn -0.0036 0.9990 0.0446
vn -0.0031 0.9939 0.1100
vn -0.9989 -0.0400 0.0224
vn 0.9990 0.0452 -0.0050
vn 0.9999 0.0000 0.0172
vn -0.0056 0.9829 0.1839
vn 0.0000 0.9805 0.1964
vn -0.0047 0.9803 -0.1972
vn -0.0195 0.9835 -0.1797
vn 0.0080 0.9786 -0.2055
vn 0.0084 0.9807 -0.1952
vn -0.1079 0.0000 -0.9942
vn 0.0292 0.0000 -0.9996
vn 0.0291 -0.0000 -0.9996
vn -0.0124 0.0000 0.9999
vn -0.0621 0.0000 0.9981
vn 0.0282 0.0000 0.9996
vn 0.0618 0.0000 0.9981
vn 0.1318 -0.0000 -0.9913
vn 0.0067 0.9822 -0.1876
vn -0.0101 0.9865 -0.1637
vn 0.0035 0.9866 0.1633
vn 0.0170 0.9899 0.1409
vn -0.0024 0.9849 0.1731
vn -0.0058 0.9841 0.1776
vn -0.9949 -0.0004 0.1012
vn -0.9948 -0.0006 0.1014
vn -0.1198 0.0057 -0.9928
vn -0.0173 0.0058 -0.9998
vn -0.0318 0.0000 0.9995
vn -0.0791 -0.0000 0.9969
vn 0.0136 0.0000 0.9999
vn -0.0019 0.9853 0.1708
vn 0.0087 0.9884 0.1519
vn 0.0570 -0.0000 0.9984
vn 0.0775 0.0058 -0.9970
vn 0.9939 0.1097 -0.0074
vn 0.9940 0.1093 -0.0080
vn 0.9968 0.0794 -0.0055
vn 0.9996 0.0279 -0.0017
vn 0.0000 0.2222 -0.9750
vn 0.0000 0.1153 -0.9933
vn 0.0000 -0.0132 -0.9999
vn 0.0000 0.1525 0.9883
vn -0.0000 0.0806 0.9967
vn 0.0000 -0.0033 1.0000
vn 1.0000 0.0005 -0.0000
vn 0.0000 -0.0712 0.9975
vn 0.0000 -0.1178 -0.9930
vn 0.0000 -0.3812 -0.9245
vn 0.9899 0.1411 0.0106
vn 0.9886 0.1492 0.0206
vn 0.9940 0.1088 0.0081
vn 0.9992 0.0408 -0.0014
vn 0.0000 0.0435 -0.9991
vn 0.0000 -0.0157 -0.9999
vn 0.0000 -0.0974 -0.9952
vn 1.0000 0.0009 -0.0001
vn 0.0000 -0.1761 -0.9844
vn 0.0000 -0.1172 0.9931
vn 0.0000 -0.3583 0.9336
vn -0.0000 0.1354 0.9908
vn 0.0000 0.2979 0.9546
vn 0.9775 0.2103 -0.0173
vn 0.9795 0.1995 -0.0270
vn 0.9970 0.0765 -0.0099
vn 0.9975 -0.0695 -0.0084
vn 0.0128 0.1377 -0.9904
vn 0.0193 0.1445 -0.9893
vn 0.0054 0.0208 -0.9998
vn 0.0145 -0.1054 -0.9943
vn 0.0067 0.0724 0.9974
vn 0.0093 0.0692 0.9976
vn 0.0003 -0.0377 0.9993
vn 0.0171 -0.1615 0.9867
vn 0.9877 -0.1564 -0.0093
vn 0.9861 -0.1651 -0.0189
vn 0.0218 -0.2443 0.9695
vn 0.0567 -0.2792 0.9586
vn 0.0174 -0.1977 -0.9801
vn 0.0368 -0.1810 -0.9828
vn 0.0000 0.0231 -0.9997
vn 0.0000 0.0078 -1.0000
vn 0.0000 -0.0090 -1.0000
vn 0.0000 0.0163 0.9999
vn 0.0000 0.0088 1.0000
vn 0.0000 0.0006 1.0000
vn 0.0000 -0.0086 1.0000
vn 0.0000 -0.0277 -0.9996
vn 0.0000 0.0447 0.9990
vn 0.0000 0.0024 1.0000
vn -0.0000 0.0242 0.9997
vn 0.0000 0.0235 -0.9997
vn -0.0000 -0.0197 -0.9998
vn 0.0000 0.0025 -1.0000
vn 0.0000 -0.0431 -0.9991
vn 0.0000 -0.0207 0.9998
vn 0.9775 0.2104 0.0172
vn 0.9975 -0.0695 0.0084
vn 0.9970 0.0765 0.0099
vn 0.9795 0.1995 0.0270
vn 0.0133 0.1381 0.9903
vn 0.0145 -0.1054 0.9943
vn 0.0054 0.0208 0.9998
vn 0.0193 0.1446 0.9893
vn 0.0068 0.0723 -0.9974
vn 0.0171 -0.1615 -0.9867
vn 0.0003 -0.0377 -0.9993
vn 0.0093 0.0692 -0.9976
vn 0.9861 -0.1651 0.0189
vn 0.9876 -0.1566 0.0095
vn 0.0567 -0.2792 -0.9586
vn 0.0213 -0.2438 -0.9696
vn 0.0368 -0.1811 0.9828
vn 0.0174 -0.1977 0.9801
vn 0.3528 0.9338 0.0598
vn 0.0017 0.9996 -0.0276
vn 0.3770 0.9217 0.0910
vn 0.1387 0.9896 -0.0389
vn 0.3550 0.9343 0.0334
vn 0.1631 0.9857 0.0421
vn 0.2549 0.9669 -0.0104
vn 0.3647 0.8977 0.2473
vn 0.0711 0.8529 -0.5172
vn 0.0249 0.9606 -0.2768
vn -0.0102 0.9985 -0.0537
vn -0.0044 0.9979 -0.0653
vn -0.0038 0.9905 0.1373
vn -0.0308 0.9680 0.2490
vn -0.3871 0.9204 -0.0550
vn -0.2843 0.9484 -0.1402
vn -0.4437 0.8962 -0.0055
vn -0.1473 0.9849 -0.0905
vn -0.3197 0.9460 -0.0541
vn -0.1579 0.9872 -0.0228
vn -0.1891 0.9761 -0.1071
vn -0.3253 0.9425 0.0761
vn 0.0250 0.9606 -0.2768
vn 0.0000 -0.9702 0.2425
vn 0.0000 -0.9996 -0.0272
vn 0.0000 -0.9118 0.4107
vn 0.0000 -0.1650 -0.9863
vn -0.0000 -0.5065 -0.8622
vn 0.0000 -0.3430 -0.9393
vn 0.0000 -0.6429 -0.7660
vn 0.0000 0.9962 -0.0874
vn 0.0000 0.8693 -0.4943
vn 0.0000 0.9590 -0.2835
vn 0.0000 0.7275 -0.6861
vn 0.0000 -0.8567 0.5159
vn 0.0000 -0.9946 -0.1038
vn 0.0000 -0.9078 -0.4193
vn 0.0000 -0.9546 -0.2977
vn -0.0000 -0.3403 0.9403
vn 0.0000 -0.1901 0.9818
vn -0.0000 -0.5102 0.8601
vn 0.0000 0.0878 -0.9961
vn 0.0000 0.9356 0.3532
vn 0.0000 0.9747 0.2237
vn -0.0000 0.8949 0.4462
vn 0.0000 -0.6815 0.7319
vn 0.0000 0.8577 0.5142
vn 0.0000 -0.8667 -0.4988
vn 0.0000 0.7951 0.6064
vn 0.3438 0.8172 -0.4626
vn 0.5340 0.8030 -0.2646
vn 0.6157 0.7072 -0.3476
vn 0.3741 0.7171 -0.5881
vn 0.6119 0.7908 0.0136
vn 0.7190 0.6943 -0.0309
vn 0.5272 0.7976 0.2930
vn 0.6594 0.6939 0.2893
vn 0.3119 0.8217 0.4771
vn 0.4502 0.7119 0.5390
vn 0.0480 0.8437 0.5346
vn 0.1390 0.7378 0.6606
vn -0.2100 0.8499 0.4833
vn -0.2027 0.7528 0.6262
vn -0.4340 0.8369 0.3334
vn -0.4965 0.7458 0.4441
vn -0.5774 0.8117 0.0880
vn -0.6745 0.7217 0.1556
vn -0.5734 0.7932 -0.2049
vn -0.6951 0.6979 -0.1728
vn -0.4111 0.7958 -0.4446
vn -0.5541 0.6902 -0.4653
vn -0.1614 0.8105 -0.5630
vn -0.2852 0.6999 -0.6549
vn 0.1019 0.8204 -0.5627
vn 0.0495 0.7136 -0.6988
vn 0.7486 0.5057 -0.4287
vn 0.4500 0.5103 -0.7329
vn 0.8644 0.5013 -0.0403
vn 0.7926 0.5053 0.3412
vn 0.5555 0.5202 0.6486
vn 0.1876 0.5403 0.8203
vn -0.2401 0.5529 0.7979
vn -0.6108 0.5481 0.5714
vn -0.8216 0.5297 0.2105
vn -0.8397 0.5107 -0.1845
vn -0.6801 0.5010 -0.5353
vn -0.8397 0.5107 -0.1844
vn -0.3712 0.5021 -0.7811
vn 0.0374 0.5082 -0.8604
vn 0.8100 0.3451 -0.4741
vn 0.4800 0.3479 -0.8053
vn 0.9380 0.3431 -0.0501
vn 0.8632 0.3484 0.3654
vn 0.6112 0.3626 0.7036
vn 0.2150 0.3810 0.8992
vn -0.2528 0.3927 0.8842
vn -0.6619 0.3888 0.6409
vn -0.8946 0.3723 0.2471
vn -0.9169 0.3546 -0.1832
vn -0.7485 0.3441 -0.5668
vn -0.4184 0.3427 -0.8411
vn 0.0255 0.3463 -0.9378
vn 0.8345 0.2205 -0.5050
vn 0.4847 0.2211 -0.8463
vn 0.9730 0.2215 -0.0642
vn 0.9010 0.2281 0.3691
vn 0.6456 0.2410 0.7247
vn 0.2386 0.2567 0.9366
vn -0.2484 0.2668 0.9312
vn -0.6795 0.2641 0.6845
vn -0.9278 0.2504 0.2767
vn -0.9568 0.2348 -0.1713
vn -0.7885 0.2240 -0.5728
vn -0.9568 0.2349 -0.1713
vn -0.4518 0.2199 -0.8646
vn 0.0077 0.2204 -0.9754
vn 0.8001 0.1590 -0.5784
vn 0.4154 0.1587 -0.8957
vn 0.9770 0.1612 -0.1396
vn 0.9371 0.1679 0.3060
vn 0.7076 0.1796 0.6834
vn 0.3182 0.1937 0.9280
vn -0.1699 0.2039 0.9641
vn -0.6270 0.2035 0.7520
vn -0.9141 0.1927 0.3568
vn -0.9791 0.1783 -0.0975
vn -0.8400 0.1668 -0.5163
vn -0.5257 0.1604 -0.8354
vn -0.0756 0.1586 -0.9844
vn 0.9788 0.1993 0.0473
vn 0.9891 0.1385 0.0496
vn 0.9780 0.2030 0.0471
vn 0.9472 0.3179 0.0422
vn 0.9285 0.3691 0.0397
vn 0.8775 0.4783 0.0338
vn 0.8425 0.5378 0.0302
vn 0.7494 0.6617 0.0216
vn 0.6825 0.7307 0.0160
vn 0.5000 0.8660 0.0023
vn 0.3791 0.9253 -0.0060
vn 0.1005 0.9947 -0.0230
vn -0.0574 0.9978 -0.0317
vn -0.3445 0.9377 -0.0455
vn -0.4744 0.8788 -0.0508
vn -0.6660 0.7438 -0.0573
vn -0.7379 0.6723 -0.0592
vn -0.8362 0.5451 -0.0608
vn -0.8714 0.4867 -0.0611
vn -0.9230 0.3799 -0.0608
vn -0.9422 0.3297 -0.0604
vn -0.9708 0.2326 -0.0592
vn -0.9805 0.1878 -0.0584
vn -0.9879 0.1440 -0.0576
vn 0.0099 -0.0762 -0.9970
vn -0.0186 -0.0760 -0.9969
vn -0.0126 -0.0349 0.9993
vn 0.0152 -0.0337 0.9993
vn -0.3345 0.2751 -0.9014
vn -0.7364 0.2820 -0.6150
vn -0.6166 0.2784 -0.7364
vn -0.1702 0.2733 -0.9468
vn -0.9416 0.2929 -0.1660
vn -0.8985 0.2882 -0.3312
vn -0.8949 0.3048 0.3260
vn -0.9402 0.3001 0.1613
vn -0.6079 0.3146 0.7291
vn -0.7297 0.3110 0.6089
vn -0.1572 0.3196 0.9344
vn -0.3230 0.3179 0.8914
vn 0.3359 0.3184 0.8865
vn 0.1709 0.3188 0.9323
vn 0.7384 0.3114 0.5981
vn 0.6186 0.3137 0.7204
vn 0.9423 0.3005 0.1476
vn 0.8998 0.3038 0.3131
vn 0.8935 0.2886 -0.3441
vn 0.9394 0.2919 -0.1796
vn 0.6058 0.2789 -0.7451
vn 0.7277 0.2811 -0.6257
vn 0.1565 0.2739 -0.9489
vn 0.3216 0.2743 -0.9063
vn 0.0774 0.6718 -0.7367
vn 0.3231 0.8122 -0.4857
vn 0.2029 0.3333 -0.9207
vn 0.2914 0.1366 -0.9468
vn 0.0097 0.9853 -0.1705
vn 0.2824 0.9572 0.0630
vn 0.1184 0.8653 0.4871
vn 0.3851 0.7253 0.5706
vn 0.3249 0.4112 0.8517
vn 0.5615 0.2964 0.7726
vn 0.5363 -0.0988 0.8382
vn 0.7458 -0.1110 0.6568
vn 0.7022 -0.5101 0.4967
vn 0.8840 -0.3724 0.2825
vn 0.7392 -0.6633 -0.1168
vn 0.8954 -0.3721 -0.2447
vn 0.5663 -0.3994 -0.7209
vn 0.4706 -0.2289 -0.8521
vn 0.8247 0.4108 -0.3888
vn 0.8563 0.4928 -0.1546
vn 0.8972 0.3294 -0.2943
vn 0.8117 0.5839 -0.0127
vn 0.9617 0.1865 0.2007
vn 0.9924 0.1136 0.0464
vn 0.9394 0.1615 -0.3023
vn 0.9713 0.1053 -0.2133
vn -0.0766 0.0072 -0.9970
vn -0.2523 0.3428 -0.9049
vn -0.2050 0.2502 -0.9462
vn 0.0013 -0.1352 -0.9908
vn -0.2732 0.7492 -0.6034
vn -0.3778 0.6005 -0.7048
vn -0.0087 0.8483 -0.5295
vn -0.2503 0.8471 -0.4688
vn -0.2336 0.9012 0.3651
vn -0.1908 0.9742 0.1204
vn -0.2555 0.9258 0.2786
vn -0.1622 0.9330 0.3211
vn 0.0600 0.9786 -0.1966
vn -0.1244 0.9912 -0.0456
vn 0.0401 0.6214 0.7825
vn -0.0064 0.2849 0.9585
vn 0.0645 0.4635 0.8837
vn 0.3383 0.7297 0.5942
vn 0.2616 -0.1677 0.9505
vn 0.1344 -0.0270 0.9906
vn 0.4711 -0.3337 0.8165
vn 0.4308 -0.3081 0.8482
vn 0.4317 -0.7216 0.5413
vn 0.4695 -0.5947 0.6526
vn 0.4794 -0.8768 0.0379
vn 0.4763 -0.8424 0.2520
vn 0.3818 -0.7707 -0.5102
vn 0.4379 -0.8462 -0.3035
vn 0.1436 -0.3864 -0.9111
vn 0.2181 -0.5126 -0.8305
vn 0.9222 0.3840 0.0450
vn 0.9219 0.3847 0.0452
vn 0.9166 0.3974 0.0438
vn 0.9300 0.3642 0.0502
vn 0.9610 0.2555 0.1054
vn 0.9182 0.3901 0.0691
vn 0.9842 0.1634 0.0688
vn 0.9810 0.1865 0.0530
vn 0.9022 0.4239 0.0803
vn 0.9375 0.3477 0.0115
vn 0.9586 0.2491 -0.1377
vn 0.9169 0.3938 0.0654
vn 0.9312 0.2461 -0.2688
vn 0.9309 0.2556 -0.2609
vn 0.9210 0.3840 -0.0656
vn 0.9349 0.3136 -0.1663
vn 0.8449 0.5105 -0.1598
vn 0.8607 0.4875 -0.1468
vn 0.9464 0.3046 -0.1072
vn 0.9147 0.3856 -0.1207
vn 0.9340 0.3459 0.0896
vn 0.9399 0.3413 0.0040
vn 0.9346 0.3428 0.0948
vn 0.9249 0.3521 0.1436
vn 0.9337 0.3545 0.0509
vn 0.9296 0.3653 0.0493
vn 0.0885 -0.0294 0.9956
vn 0.2517 -0.3416 0.9055
vn 0.2079 -0.2559 0.9441
vn 0.0089 0.1169 0.9931
vn 0.2857 -0.7856 0.5488
vn 0.3693 -0.5822 0.7243
vn 0.0595 -0.9521 0.2999
vn 0.2646 -0.8794 0.3958
vn 0.2960 -0.8424 -0.4503
vn 0.4699 -0.8774 -0.0969
vn 0.3813 -0.8838 -0.2711
vn 0.1814 -0.8528 -0.4897
vn 0.4783 -0.8781 0.0138
vn 0.2543 -0.5653 -0.7847
vn 0.0613 -0.3039 -0.9507
vn 0.1603 -0.4740 -0.8658
vn 0.2504 -0.5660 -0.7855
vn -0.2439 0.1340 -0.9605
vn -0.0961 -0.0247 -0.9951
vn -0.4621 0.3400 -0.8191
vn -0.4571 0.3309 -0.8256
vn -0.4248 0.7052 -0.5677
vn -0.4534 0.5372 -0.7113
vn -0.4782 0.8782 -0.0100
vn -0.4798 0.8578 -0.1843
vn -0.3973 0.7928 0.4622
vn -0.4412 0.8502 0.2873
vn -0.1578 0.4107 0.8980
vn -0.2503 0.5658 0.7856
vn 0.9990 0.0458 0.0000
vn 0.9958 0.0913 0.0001
vn 0.9978 0.0670 0.0001
vn 0.9731 -0.2095 -0.0956
vn 0.9988 -0.0481 0.0001
vn 0.9210 -0.2817 -0.2690
vn 0.9220 -0.3428 -0.1802
vn 0.8879 -0.2242 -0.4017
vn 0.8949 -0.2958 -0.3341
vn 0.8879 -0.2243 -0.4017
vn 0.9966 -0.0211 -0.0798
vn 0.9761 -0.0964 -0.1949
vn 0.0000 0.0362 0.9993
vn 0.0000 0.0196 0.9998
vn -0.0000 0.0011 1.0000
vn -0.0000 0.0204 -0.9998
vn 0.0000 0.0430 -0.9991
vn -0.0000 -0.0968 0.9953
vn -0.0000 -0.1964 0.9805
vn -0.0000 0.1266 -0.9920
vn -0.0000 0.1881 -0.9821
vn -0.0000 -0.4007 0.9162
vn 0.0000 -0.4986 0.8668
vn -0.0000 0.3453 -0.9385
vn -0.0000 0.4502 -0.8929
vn -0.0000 -0.6716 0.7409
vn 0.0000 -0.7490 0.6625
vn 0.0000 0.6660 -0.7459
vn 0.0000 0.7574 -0.6530
vn 0.0205 -0.9865 0.1624
vn 0.0003 -0.9872 0.1597
vn 0.0065 0.9827 -0.1851
vn -0.0000 0.9811 -0.1935
vn 0.0166 0.9999 0.0000
vn 0.0083 1.0000 0.0000
vn -0.0000 0.9811 -0.1936
vn 0.0212 -0.9865 0.1624
vn 0.0504 -0.9987 -0.0000
vn 0.0252 -0.9997 -0.0000
vn -0.0000 -0.9872 0.1596
vn 0.9977 0.0671 -0.0001
vn 0.9958 0.0913 -0.0001
vn 0.9988 -0.0481 -0.0001
vn 0.9731 -0.2095 0.0956
vn 0.9235 -0.3384 0.1804
vn 0.9263 -0.2545 0.2780
vn 0.8992 -0.2578 0.3535
vn 0.8790 -0.1957 0.4349
vn 0.9749 -0.0874 0.2048
vn 0.9965 -0.0215 0.0810
vn 0.0000 0.0362 -0.9993
vn 0.0000 0.0011 -1.0000
vn 0.0000 0.0196 -0.9998
vn -0.0000 0.0204 0.9998
vn 0.0000 0.0430 0.9991
vn 0.0000 -0.1964 -0.9805
vn -0.0000 -0.0968 -0.9953
vn -0.0000 0.1266 0.9920
vn -0.0000 0.1881 0.9821
vn 0.0000 -0.5315 -0.8470
vn 0.0000 -0.4242 -0.9056
vn 0.0000 0.3668 0.9303
vn 0.0000 0.4825 0.8759
vn -0.0000 -0.7439 -0.6683
vn -0.0000 -0.6781 -0.7349
vn 0.0000 0.6717 0.7408
vn -0.0000 0.7538 0.6571
vn -0.0001 -0.7439 -0.6683
vn -0.0000 -0.9891 -0.1473
vn 0.0210 -0.9881 -0.1521
vn 0.0066 0.9845 0.1755
vn -0.0000 0.9831 0.1832
vn 0.9965 -0.0214 0.0810
vn 0.0000 -0.9891 -0.1474
vn -0.8829 -0.2650 -0.3876
vn -0.9131 -0.0741 -0.4009
vn -0.9129 0.0766 -0.4008
vn -0.7771 -0.2650 0.5708
vn -0.8038 -0.0741 0.5903
vn -0.8036 0.0766 0.5902
vn 0.1058 -0.2650 0.9584
vn 0.1057 -0.2650 0.9584
vn 0.1094 -0.0741 0.9912
vn 0.1094 0.0766 0.9910
vn 0.8829 -0.2650 0.3876
vn 0.9131 -0.0741 0.4009
vn 0.9129 0.0766 0.4008
vn 0.7771 -0.2650 -0.5708
vn 0.8038 -0.0741 -0.5903
vn 0.8036 0.0766 -0.5902
vn -0.1058 -0.2650 -0.9584
vn -0.1094 -0.0741 -0.9912
vn -0.1094 0.0766 -0.9910
vn 0.8741 0.2977 0.3838
vn 0.1047 0.2977 0.9489
vn -0.7694 0.2977 0.5651
vn -0.8741 0.2977 -0.3838
vn -0.1047 0.2977 -0.9489
vn 0.7694 0.2977 -0.5651
vn -0.4522 -0.1513 0.8790
vn -0.4570 -0.0458 0.8883
vn -0.4570 0.0476 0.8882
vn 0.5351 -0.1513 0.8311
vn 0.5408 -0.0458 0.8399
vn 0.5407 0.0476 0.8398
vn 0.9873 -0.1513 -0.0479
vn 0.9978 -0.0458 -0.0484
vn 0.9977 0.0476 -0.0484
vn 0.4522 -0.1513 -0.8790
vn 0.4570 -0.0458 -0.8883
vn 0.4570 0.0476 -0.8882
vn -0.5351 -0.1513 -0.8311
vn -0.5408 -0.0458 -0.8399
vn -0.5407 0.0476 -0.8398
vn -0.9873 -0.1514 0.0479
vn -0.9978 -0.0458 0.0484
vn -0.9977 0.0476 0.0484
vn 0.4507 0.1711 -0.8761
vn 0.9841 0.1711 -0.0477
vn 0.5334 0.1711 0.8284
vn -0.4507 0.1711 0.8761
vn -0.9841 0.1711 0.0477
vn -0.5334 0.1711 -0.8284
vn 0.0603 0.9533 0.2958
vn -0.2054 0.9493 0.2381
vn -0.2064 0.9447 0.2547
vn 0.0544 0.9470 0.3166
vn 0.3171 0.8945 0.3152
vn 0.3230 0.8994 0.2944
vn -0.3558 0.7528 -0.5538
vn -0.3255 0.7358 -0.5938
vn -0.3371 0.7320 -0.5920
vn -0.3785 0.7707 -0.5126
vn -0.4035 0.7995 -0.4450
vn -0.4046 0.7992 -0.4444
vn -0.3803 0.9210 0.0847
vn -0.4434 0.8585 -0.2576
vn -0.4360 0.8919 -0.1198
vn -0.3119 0.9370 0.1575
vn -0.2541 0.9367 0.2410
vn -0.2476 0.9441 0.2176
vn 0.1913 0.6304 -0.7524
vn 0.2942 0.5801 -0.7596
vn 0.2964 0.5996 -0.7434
vn 0.1917 0.6405 -0.7436
vn 0.0821 0.6538 -0.7522
vn 0.0818 0.6559 -0.7504
vn 0.7132 0.7005 0.0262
vn 0.7478 0.6587 0.0838
vn 0.7111 0.6996 0.0697
vn 0.6880 0.7255 0.0174
vn 0.7130 0.6973 -0.0737
vn 0.7151 0.6956 -0.0687
vn 0.6822 0.6012 -0.4161
vn 0.7275 0.6309 -0.2696
vn 0.7113 0.6164 -0.3379
vn 0.8424 0.2781 -0.4615
vn 0.6699 0.5820 -0.4610
vn 0.8378 0.1268 -0.5311
vn 0.2226 -0.1750 -0.9591
vn 0.3593 -0.1716 -0.9173
vn 0.3546 -0.1833 -0.9169
vn 0.0764 -0.1187 -0.9900
vn -0.0749 -0.0705 -0.9947
vn -0.0351 0.0114 -0.9993
vn 0.9047 0.0250 0.4254
vn 0.8906 0.0275 0.4539
vn 0.8208 -0.2650 0.5061
vn 0.7465 -0.4886 0.4517
vn 0.9678 -0.0171 0.2510
vn 0.9679 -0.0175 0.2508
vn 0.9912 -0.0987 -0.0878
vn 0.9679 -0.1249 -0.2183
vn 0.8705 -0.1641 -0.4640
vn 0.8442 -0.1697 -0.5085
vn -0.2021 -0.8120 -0.5475
vn -0.2200 -0.7854 -0.5786
vn -0.0659 -0.8500 -0.5226
vn -0.0562 -0.8762 -0.4786
vn 0.1026 -0.8626 -0.4953
vn 0.0860 -0.8715 -0.4827
vn 0.5925 -0.6544 0.4698
vn 0.5577 -0.7274 0.3999
vn 0.5656 -0.7293 0.3850
vn 0.5699 -0.7277 0.3817
vn 0.5404 -0.8362 -0.0934
vn 0.6005 -0.7896 0.1264
vn 0.5760 -0.8172 0.0212
vn 0.5303 -0.8382 -0.1274
vn 0.5226 -0.8378 -0.1579
vn 0.5342 -0.8304 -0.1581
vn -0.2085 -0.6572 0.7243
vn -0.4707 -0.5911 0.6550
vn -0.4780 -0.5799 0.6597
vn -0.1963 -0.6363 0.7460
vn 0.0811 -0.6800 0.7287
vn 0.0622 -0.6997 0.7117
vn -0.6063 -0.7801 -0.1544
vn -0.5169 -0.8287 -0.2147
vn -0.5285 -0.8067 -0.2645
vn -0.6362 -0.7523 -0.1711
vn -0.6936 -0.7204 0.0000
vn -0.6948 -0.7192 0.0003
vn -0.6393 -0.5775 0.5077
vn -0.7240 -0.6550 0.2166
vn -0.7118 -0.6136 0.3419
vn -0.5717 -0.5760 0.5843
vn -0.5152 -0.5688 0.6411
vn -0.4935 -0.5829 0.6455
vn 0.2890 0.1635 0.9433
vn 0.2889 0.1635 0.9433
vn -0.8523 0.0122 -0.5229
vn -0.9022 0.0400 -0.4295
vn -0.7980 -0.0133 -0.6025
vn -0.9362 0.0634 -0.3457
vn -0.8524 0.2295 0.4699
vn -0.7768 0.2429 0.5811
vn -0.9595 0.1893 0.2088
vn -0.9890 0.1482 0.0031
vn -0.7002 0.2503 0.6687
vn -0.7001 0.2504 0.6687
vn -0.4309 0.8098 -0.3981
vn -0.4338 0.8094 -0.3959
vn -0.9696 0.0966 -0.2250
vn -0.9694 0.0945 -0.2264
vn -0.7217 -0.6881 0.0749
vn -0.7312 -0.6797 0.0577
vn 0.6099 -0.7613 0.2201
vn 0.6101 -0.7611 0.2202
vn 0.9967 -0.0717 0.0384
vn 0.9965 -0.0748 0.0377
vn 0.7382 0.6469 -0.1911
vn 0.7438 0.6396 -0.1942
vn -0.7860 -0.0047 -0.6183
vn -0.7885 -0.0429 -0.6135
vn -0.7913 -0.0302 -0.6107
vn -0.7737 -0.0220 -0.6332
vn -0.7859 -0.0047 -0.6183
vn -0.7369 0.0712 -0.6723
vn -0.7892 0.0245 -0.6137
vn -0.6282 0.0069 -0.7780
vn -0.6824 0.0474 -0.7294
vn -0.6386 -0.1384 -0.7570
vn -0.6834 -0.1473 -0.7151
vn -0.7806 -0.0687 -0.6212
vn -0.7605 -0.1488 -0.6320
vn -0.2800 0.2568 0.9250
vn -0.2794 0.2182 0.9351
vn -0.2395 0.3146 0.9185
vn -0.2485 0.3142 0.9163
vn -0.2800 0.2567 0.9250
vn -0.2905 0.2306 0.9287
vn -0.2645 0.2581 0.9292
vn -0.2338 0.1340 0.9630
vn -0.2997 0.2083 0.9310
vn -0.0749 0.1590 0.9844
vn -0.1456 0.1366 0.9799
vn -0.0695 0.3017 0.9509
vn -0.1295 0.3185 0.9390
vn 0.6662 -0.7092 -0.2306
vn 0.2308 -0.9730 -0.0072
vn 0.4019 -0.9115 -0.0870
vn 0.7622 -0.5768 -0.2939
vn -0.3132 -0.9282 0.2009
vn -0.1312 -0.9815 0.1393
vn 0.4019 -0.9115 -0.0869
vn -0.7307 -0.6084 0.3096
vn -0.6120 -0.7372 0.2865
vn -0.9350 -0.1797 0.3059
vn -0.8887 -0.3303 0.3180
vn -0.9403 0.2654 0.2130
vn -0.9604 0.1150 0.2539
vn -0.7373 0.6743 0.0400
vn -0.8321 0.5441 0.1071
vn -0.3087 0.9313 -0.1932
vn -0.4773 0.8717 -0.1115
vn 0.2304 0.8878 -0.3984
vn 0.0497 0.9397 -0.3385
vn 0.6520 0.5753 -0.4939
vn 0.5318 0.7018 -0.4739
vn 0.8623 0.1511 -0.4833
vn 0.8142 0.3007 -0.4967
vn 0.8708 -0.2948 -0.3935
vn 0.8903 -0.1435 -0.4321
vn 0.2339 0.8903 -0.3907
vn 0.6567 0.5761 -0.4867
vn 0.5364 0.7033 -0.4665
vn 0.0521 0.9424 -0.3303
vn -0.3078 0.9335 -0.1842
vn -0.4767 0.8731 -0.1022
vn -0.7363 0.6748 0.0491
vn -0.8307 0.5445 0.1159
vn -0.9382 0.2662 0.2212
vn -0.9581 0.1162 0.2619
vn -0.9328 -0.1777 0.3136
vn -0.8867 -0.3281 0.3258
vn -0.7287 -0.6065 0.3181
vn -0.6099 -0.7356 0.2948
vn -0.3097 -0.9275 0.2095
vn -0.1270 -0.9809 0.1475
vn 0.2364 -0.9717 0.0003
vn 0.4076 -0.9097 -0.0797
vn 0.6713 -0.7067 -0.2235
vn 0.7669 -0.5743 -0.2865
vn 0.8746 -0.2931 -0.3862
vn 0.8941 -0.1422 -0.4248
vn 0.8663 0.1516 -0.4759
vn 0.8184 0.3010 -0.4894
vn 0.2127 0.8844 -0.4155
vn 0.6379 0.5756 -0.5117
vn 0.5159 0.7017 -0.4914
vn 0.0306 0.9345 -0.3547
vn -0.3263 0.9219 -0.2090
vn -0.4940 0.8602 -0.1265
vn -0.7495 0.6616 0.0240
vn -0.8424 0.5310 0.0915
vn -0.9471 0.2541 0.1961
vn -0.9660 0.1039 0.2368
vn -0.9389 -0.1885 0.2880
vn -0.8920 -0.3391 0.2989
vn -0.7334 -0.6159 0.2878
vn -0.6130 -0.7446 0.2643
vn -0.3123 -0.9332 0.1776
vn -0.1291 -0.9851 0.1138
vn 0.2322 -0.9721 -0.0334
vn 0.4031 -0.9082 -0.1128
vn 0.6635 -0.7036 -0.2544
vn 0.2323 -0.9721 -0.0334
vn 0.7576 -0.5704 -0.3173
vn 0.8632 -0.2895 -0.4137
vn 0.8821 -0.1380 -0.4503
vn 0.8513 0.1540 -0.5016
vn 0.8020 0.3033 -0.5146
vn -0.3992 -0.0781 -0.9135
vn -0.4299 -0.1011 -0.8972
vn -0.4210 -0.0916 -0.9024
vn -0.3861 -0.0741 -0.9195
vn -0.3590 -0.0731 -0.9305
vn -0.3993 -0.0781 -0.9135
vn -0.3452 -0.0763 -0.9354
vn -0.3206 -0.0883 -0.9431
vn -0.3102 -0.0976 -0.9457
vn -0.2950 -0.1190 -0.9481
vn -0.2908 -0.1315 -0.9477
vn -0.2887 -0.1563 -0.9446
vn -0.2914 -0.1688 -0.9416
vn -0.3026 -0.1909 -0.9338
vn -0.3115 -0.2005 -0.9289
vn -0.3335 -0.2143 -0.9181
vn -0.3468 -0.2183 -0.9122
vn -0.3740 -0.2193 -0.9011
vn -0.3880 -0.2161 -0.8960
vn -0.4125 -0.2039 -0.8878
vn -0.4228 -0.1945 -0.8851
vn -0.4377 -0.1728 -0.8823
vn -0.4418 -0.1603 -0.8827
vn -0.4437 -0.1355 -0.8859
vn -0.4410 -0.1230 -0.8890
vn 0.3807 0.1873 0.9055
vn 0.4014 0.1745 0.8991
vn 0.3951 0.1799 0.9009
vn 0.3725 0.1892 0.9085
vn 0.3563 0.1892 0.9150
vn 0.3484 0.1870 0.9185
vn 0.3349 0.1795 0.9250
vn 0.3293 0.1738 0.9281
vn 0.3221 0.1608 0.9330
vn 0.3205 0.1533 0.9348
vn 0.3214 0.1384 0.9368
vn 0.3241 0.1309 0.9369
vn 0.3330 0.1180 0.9355
vn 0.3393 0.1127 0.9339
vn 0.3537 0.1053 0.9294
vn 0.3619 0.1034 0.9265
vn 0.3780 0.1035 0.9200
vn 0.3859 0.1056 0.9165
vn 0.3993 0.1131 0.9098
vn 0.4048 0.1186 0.9067
vn 0.4121 0.1316 0.9016
vn 0.4137 0.1391 0.8997
vn 0.4128 0.1540 0.8977
vn 0.4101 0.1615 0.8976
vn -0.4264 -0.0871 -0.9003
vn -0.3883 -0.0686 -0.9190
vn -0.4028 -0.0725 -0.9124
vn -0.4364 -0.0972 -0.8945
vn -0.3441 -0.0707 -0.9363
vn -0.3592 -0.0673 -0.9308
vn -0.3057 -0.0930 -0.9476
vn -0.3174 -0.0831 -0.9446
vn -0.2834 -0.1293 -0.9502
vn -0.2885 -0.1157 -0.9505
vn -0.2834 -0.1703 -0.9438
vn -0.2804 -0.1564 -0.9470
vn -0.3056 -0.2049 -0.9299
vn -0.2954 -0.1946 -0.9353
vn -0.3443 -0.2238 -0.9118
vn -0.3296 -0.2198 -0.9182
vn -0.3887 -0.2216 -0.8943
vn -0.3736 -0.2251 -0.8999
vn -0.4269 -0.1990 -0.8821
vn -0.4154 -0.2090 -0.8853
vn -0.4487 -0.1622 -0.8788
vn -0.4438 -0.1760 -0.8787
vn -0.4485 -0.1212 -0.8855
vn -0.4515 -0.1351 -0.8820
vn 0.9339 -0.2205 0.2815
vn 0.3630 0.0000 0.9318
vn 0.5986 0.0000 0.8011
vn 0.1148 0.0000 0.9934
vn -0.0338 0.0000 -0.9994
vn 0.1090 0.0000 -0.9940
vn -0.1826 0.0000 -0.9832
vn 0.9977 0.0000 -0.0671
vn 0.9970 -0.0000 -0.0771
vn 0.9971 -0.0000 -0.0762
vn -0.9949 0.0000 0.1004
vn -0.9947 0.0000 0.1031
vn -0.9952 -0.0000 0.0984
vn -0.9755 0.0000 0.2202
vn -0.9922 0.0000 0.1250
vn -0.9918 -0.0000 0.1281
vn 0.9842 -0.0000 -0.1768
vn 0.9858 -0.0000 -0.1677
vn 0.9785 0.0000 -0.2063
vn -0.1007 0.0000 0.9949
vn -0.3278 0.0000 -0.9447
vn -0.0019 1.0000 -0.0017
vn -0.9946 -0.0000 0.1037
vn -0.9946 -0.0000 0.1035
vn 0.9940 -0.0000 -0.1097
vn 0.9905 0.0000 -0.1377
vn -0.1954 0.0000 0.9807
vn 0.0907 0.0000 0.9959
vn 0.0906 0.0000 0.9959
vn -0.4029 0.0000 -0.9153
vn -0.1309 0.0000 -0.9914
vn -0.2638 0.0000 -0.9646
vn 0.9953 0.0000 -0.0969
vn 0.9945 0.0000 -0.1043
vn 0.9946 0.0000 -0.1038
vn -0.9940 -0.0000 0.1096
vn -0.9936 -0.0000 0.1130
vn -0.0106 0.0000 -0.9999
vn 0.3383 0.0000 0.9410
vn -0.0032 0.9994 -0.0341
vn 0.0069 0.9995 0.0323
vn -0.9944 0.0000 0.1053
vn 0.9946 0.0000 -0.1034
vn 0.9948 -0.0000 -0.1015
vn -0.9805 0.0000 0.1967
vn -0.9935 0.0000 0.1135
vn -0.9900 -0.0000 0.1410
vn 0.9891 0.0000 -0.1473
vn 0.9935 -0.0000 -0.1135
vn 0.9752 0.0000 -0.2211
vn -0.2700 -0.0000 -0.9629
vn -0.1541 -0.0000 -0.9880
vn -0.3939 -0.0000 -0.9192
vn 1.0000 0.0000 0.0019
vn 0.9952 0.0000 -0.0974
vn 0.9957 0.0000 -0.0927
vn -0.9849 0.0000 0.1730
vn -0.6818 -0.0000 0.7315
vn -0.8163 -0.0000 0.5777
vn -0.9950 -0.0000 0.1002
vn -0.9886 0.0000 0.1504
vn -0.9936 -0.0000 0.1133
vn -0.9934 0.0000 0.1145
vn 0.9903 -0.0000 -0.1389
vn 0.9935 0.0000 -0.1139
vn 0.9745 -0.0000 -0.2244
vn -0.5030 0.0000 0.8643
vn -0.5195 -0.0000 -0.8545
vn -0.9960 -0.0000 0.0893
vn -0.9960 -0.0000 0.0895
vn 0.9939 -0.0000 -0.1101
vn 0.9942 0.0000 -0.1077
vn 0.0100 0.9999 -0.0028
vn -0.8167 -0.2928 -0.4972
vn -0.0604 -0.5590 -0.8269
vn -0.9187 -0.1857 0.3486
vn -0.2785 -0.3299 0.9020
vn 0.5015 -0.6004 0.6229
vn 0.6516 -0.7059 0.2777
vn 0.4813 -0.5919 -0.6465
vn -0.3101 -0.0651 -0.9485
vn -0.2598 0.0651 -0.9635
vn -0.9536 0.1836 -0.2387
vn -0.9128 0.3178 -0.2566
vn -0.6673 0.1835 0.7219
vn -0.6234 0.3177 0.7144
vn 0.2598 -0.0651 0.9635
vn 0.3101 0.0651 0.9485
vn 0.9128 -0.3177 0.2566
vn 0.9536 -0.1835 0.2387
vn 0.6234 -0.3178 -0.7144
vn 0.6673 -0.1836 -0.7218
vn -0.4022 0.5590 -0.7251
vn 0.4112 0.2928 -0.8632
vn -0.7567 0.5919 -0.2775
vn -0.0786 0.6004 0.7958
vn -0.3932 0.7059 0.5891
vn 0.7269 0.3299 0.6023
vn 0.9596 0.1857 -0.2113
vn 0.0116 -0.0611 -0.9981
vn 0.4569 -0.6356 -0.6224
vn -0.7070 0.2257 -0.6702
vn -0.9964 -0.0275 0.0807
vn -0.6112 -0.5956 0.5212
vn -0.3147 -0.8275 0.4650
vn 0.5012 -0.8607 -0.0897
vn 0.6776 -0.1227 -0.7251
vn 0.7621 -0.0275 -0.6469
vn -0.0580 0.4708 -0.8803
vn 0.0318 0.5789 -0.8148
vn -0.8132 0.5557 -0.1730
vn -0.7376 0.6686 -0.0945
vn -0.7621 0.0275 0.6469
vn -0.6776 0.1227 0.7252
vn -0.0318 -0.5789 0.8148
vn 0.0580 -0.4709 0.8803
vn 0.7376 -0.6686 0.0945
vn 0.8132 -0.5557 0.1730
vn 0.7106 0.5007 -0.4944
vn 0.9984 -0.0442 0.0353
vn 0.2284 0.7685 -0.5977
vn -0.4668 0.7242 0.5076
vn -0.3617 0.9155 0.1763
vn -0.1166 0.1440 0.9827
vn 0.6030 -0.2147 0.7683
vn 0.4781 -0.2479 -0.8426
vn -0.0949 -0.2270 -0.9693
vn 0.1098 -0.2320 -0.9665
vn 0.6425 -0.2605 -0.7206
vn -0.6341 -0.2320 -0.7376
vn -0.4662 -0.2277 -0.8548
vn -0.9363 -0.2611 -0.2347
vn -0.8687 -0.2494 -0.4280
vn -0.8859 -0.3036 0.3507
vn -0.9449 -0.2889 0.1540
vn -0.4986 -0.3435 0.7959
vn -0.6630 -0.3316 0.6711
vn 0.0799 -0.3652 0.9275
vn -0.1275 -0.3610 0.9238
vn 0.6256 -0.3600 0.6921
vn 0.4560 -0.3654 0.8115
vn 0.9263 -0.3300 0.1819
vn 0.8602 -0.3431 0.3773
vn 0.8684 -0.2872 -0.4042
vn 0.9300 -0.3029 -0.2084
vn 0.3266 -0.1695 -0.9298
vn -0.4266 -0.1695 -0.8884
vn -0.3001 -0.1026 -0.9484
vn 0.4584 -0.1026 -0.8828
vn -0.9298 -0.1695 -0.3266
vn -0.8828 -0.1026 -0.4584
vn -0.8884 -0.1695 0.4266
vn -0.9484 -0.1026 0.3001
vn -0.3266 -0.1695 0.9298
vn -0.4584 -0.1026 0.8828
vn 0.4266 -0.1695 0.8884
vn 0.3001 -0.1026 0.9484
vn 0.9299 -0.1695 0.3266
vn 0.8828 -0.1026 0.4584
vn 0.9298 -0.1695 0.3266
vn 0.8884 -0.1695 -0.4266
vn 0.9484 -0.1026 -0.3001
vn -0.4712 0.1369 0.8714
vn 0.4310 0.1515 0.8896
vn -0.2905 0.1879 0.9383
vn -0.8714 0.1368 -0.4712
vn -0.9383 0.1879 -0.2905
vn 0.8080 -0.0370 0.5880
vn 0.1555 -0.0370 0.9871
vn -0.5881 -0.0370 0.8080
vn -0.9871 -0.0370 0.1555
vn -0.8080 -0.0370 -0.5881
vn -0.1555 -0.0370 -0.9871
vn 0.5881 -0.0370 -0.8080
vn 0.9871 -0.0370 -0.1555
vn 0.8080 -0.0371 0.5881
vn 0.0935 0.0000 0.9956
vn 0.1121 0.0000 0.9937
vn 0.1132 0.0000 0.9936
vn 0.1137 0.9934 -0.0167
vn 0.0199 0.9998 -0.0058
vn 0.0273 0.9996 0.0016
vn 0.1220 0.9925 -0.0039
vn 0.0435 0.0000 -0.9991
vn -0.0736 -0.0000 -0.9973
vn -0.0155 -0.0000 -0.9999
vn 0.9528 0.0000 -0.3037
vn -0.2828 -0.0000 -0.9592
vn -0.3238 0.0000 -0.9461
vn -0.2376 -0.0000 -0.9714
vn 0.1604 -0.0000 0.9871
vn 0.1408 0.0000 0.9900
vn 0.1778 0.0000 0.9841
vn -0.0457 0.9989 0.0119
vn -0.0462 0.9989 0.0118
vn -0.0456 0.9989 0.0134
vn -0.0460 0.9988 0.0147
vn -0.1670 -0.0000 -0.9860
vn -0.1512 -0.0000 -0.9885
vn 0.1285 0.0000 0.9917
vn 0.1219 0.0000 0.9925
vn -0.0727 0.9971 0.0215
vn -0.0593 0.9981 0.0166
vn 0.4978 0.3208 -0.8058
vn -0.0709 0.3208 -0.9445
vn 0.1333 0.3203 -0.9379
vn 0.6591 0.3203 -0.6804
vn -0.6125 0.3208 -0.7224
vn -0.4435 0.3203 -0.8371
vn -0.9202 0.3208 -0.2244
vn -0.8508 0.3203 -0.4166
vn -0.8764 0.3208 0.3593
vn -0.9332 0.3203 0.1631
vn -0.4978 0.3208 0.8058
vn -0.6591 0.3203 0.6805
vn 0.0709 0.3208 0.9445
vn -0.1333 0.3203 0.9379
vn 0.6125 0.3208 0.7224
vn 0.4435 0.3203 0.8371
vn 0.9202 0.3208 0.2244
vn 0.8508 0.3203 0.4166
vn 0.8764 0.3208 -0.3593
vn 0.9332 0.3203 -0.1631
vn 0.6591 0.3203 -0.6805
vn -0.0910 0.0000 0.9958
vn -0.0716 0.0000 0.9974
vn -0.0726 0.0000 0.9974
vn 0.2411 0.9705 -0.0011
vn 0.0941 0.9956 -0.0042
vn 0.1093 0.9940 0.0019
vn 0.2440 0.9698 0.0060
vn 0.2943 -0.0000 -0.9557
vn 0.1307 0.0000 -0.9914
vn 0.2270 -0.0000 -0.9739
vn -0.2561 -0.0000 -0.9667
vn -0.2207 -0.0000 -0.9753
vn 0.1891 -0.0000 0.9820
vn 0.1645 -0.0000 0.9864
vn 0.2089 0.0000 0.9779
vn -0.1248 0.9922 0.0043
vn -0.0895 0.9960 0.0076
vn -0.1540 0.9881 0.0045
vn -0.1515 0.9884 -0.0028
vn -0.1168 0.0000 -0.9932
vn -0.0491 0.0000 -0.9988
vn 0.0190 0.0000 0.9998
vn 0.0796 -0.0000 0.9968
vn -0.0784 0.9969 0.0056
vn -0.0628 0.9980 0.0055
vn 0.2552 -0.1056 0.9611
vn 0.7714 -0.1056 0.6276
vn 0.6188 -0.1058 0.7784
vn 0.0432 -0.1058 0.9934
vn 0.9929 -0.1056 0.0543
vn 0.9581 -0.1058 0.2660
vn 0.8352 -0.1056 -0.5397
vn 0.9315 -0.1058 -0.3480
vn 0.3585 -0.1056 -0.9275
vn 0.5490 -0.1058 -0.8291
vn -0.2552 -0.1056 -0.9611
vn -0.0432 -0.1058 -0.9934
vn -0.7714 -0.1056 -0.6276
vn -0.6188 -0.1058 -0.7784
vn -0.9929 -0.1056 -0.0543
vn -0.9581 -0.1058 -0.2660
vn -0.8352 -0.1056 0.5397
vn -0.9315 -0.1058 0.3480
vn -0.3584 -0.1056 0.9276
vn -0.5490 -0.1058 0.8291
vn -0.3585 -0.1056 0.9275
vn 0.2540 -0.1693 0.9523
vn 0.7652 -0.1693 0.6211
vn 0.6141 -0.1697 0.7708
vn 0.0437 -0.1697 0.9845
vn 0.9842 -0.1693 0.0527
vn 0.9498 -0.1697 0.2627
vn 0.8272 -0.1693 -0.5358
vn 0.9228 -0.1697 -0.3458
vn 0.3543 -0.1693 -0.9197
vn 0.5433 -0.1697 -0.8222
vn -0.2540 -0.1693 -0.9523
vn -0.0437 -0.1697 -0.9845
vn -0.7652 -0.1693 -0.6211
vn -0.6141 -0.1697 -0.7708
vn -0.9842 -0.1693 -0.0527
vn -0.9498 -0.1697 -0.2627
vn -0.8272 -0.1693 0.5358
vn -0.9228 -0.1697 0.3458
vn -0.3543 -0.1693 0.9197
vn -0.5433 -0.1697 0.8222
vn 0.1412 -0.1115 0.9837
vn 0.6887 -0.0528 0.7231
vn 0.6000 -0.2783 0.7501
vn 0.0448 -0.2498 0.9673
vn 0.9812 -0.0506 0.1862
vn 0.9223 -0.2908 0.2546
vn 0.9047 -0.0985 -0.4146
vn 0.9008 -0.2741 -0.3368
vn 0.4957 -0.1877 -0.8480
vn 0.5340 -0.2501 -0.8076
vn -0.0869 -0.2917 -0.9526
vn -0.0437 -0.2380 -0.9703
vn -0.6239 -0.3673 -0.6899
vn -0.6062 -0.2353 -0.7597
vn -0.9117 -0.3785 -0.1600
vn -0.9374 -0.2332 -0.2587
vn -0.8424 -0.3187 0.4345
vn -0.9113 -0.2295 0.3417
vn -0.4429 -0.2140 0.8707
vn -0.5356 -0.2319 0.8120
vn 0.2088 0.0528 0.9765
vn 0.7087 0.1829 0.6814
vn 0.9733 0.1823 0.1397
vn 0.8946 0.0497 -0.4440
vn 0.5016 -0.1632 -0.8496
vn -0.0649 -0.3793 -0.9230
vn -0.5913 -0.5160 -0.6197
vn -0.8568 -0.5132 -0.0503
vn -0.7522 -0.3725 0.5436
vn -0.3416 -0.1567 0.9267
vn 0.2930 0.1761 0.9398
vn 0.7535 0.3061 0.5818
vn 0.9638 0.2659 0.0213
vn 0.8483 0.0723 -0.5246
vn 0.4599 -0.2070 -0.8635
vn -0.0783 -0.4817 -0.8728
vn -0.5761 -0.6394 -0.5091
vn -0.8011 -0.5908 0.0961
vn -0.6573 -0.3655 0.6591
vn -0.2391 -0.0754 0.9681
vn 0.8852 0.0767 -0.4588
vn 0.9021 0.1388 -0.4085
vn 0.8811 0.0640 -0.4687
vn 0.2904 -0.5168 -0.8054
vn 0.3300 -0.4673 -0.8202
vn 0.2904 -0.5167 -0.8054
vn 0.2821 -0.5267 -0.8019
vn -0.5017 -0.5168 0.6937
vn -0.4577 -0.4829 0.7465
vn -0.5017 -0.5167 0.6937
vn -0.5092 -0.5224 0.6840
vn 0.1198 0.0767 0.9898
vn 0.2106 0.1084 0.9715
vn 0.1038 0.0711 0.9921
vn 0.9103 -0.1056 0.4003
vn 0.9717 -0.1056 -0.2112
vn 0.9944 -0.1058 0.0021
vn 0.8032 -0.1058 0.5862
vn 0.6620 -0.1056 -0.7420
vn 0.8058 -0.1058 -0.5827
vn 0.0995 -0.1056 -0.9894
vn 0.3093 -0.1058 -0.9451
vn -0.5011 -0.1056 -0.8589
vn -0.3052 -0.1058 -0.9464
vn -0.9103 -0.1056 -0.4003
vn -0.8032 -0.1058 -0.5862
vn -0.9717 -0.1056 0.2112
vn -0.9944 -0.1058 -0.0021
vn -0.6620 -0.1056 0.7420
vn -0.8057 -0.1058 0.5828
vn -0.0995 -0.1056 0.9894
vn -0.3093 -0.1058 0.9451
vn 0.5011 -0.1056 0.8589
vn 0.3052 -0.1058 0.9464
vn 0.9026 -0.1693 0.3958
vn 0.9628 -0.1693 -0.2104
vn 0.9855 -0.1697 0.0012
vn 0.7966 -0.1697 0.5802
vn 0.6553 -0.1693 -0.7361
vn 0.7980 -0.1697 -0.5783
vn 0.0975 -0.1693 -0.9807
vn 0.3056 -0.1697 -0.9369
vn -0.4976 -0.1693 -0.8507
vn -0.3034 -0.1697 -0.9376
vn -0.9026 -0.1693 -0.3958
vn -0.7966 -0.1697 -0.5802
vn -0.9628 -0.1693 0.2104
vn -0.9855 -0.1697 -0.0012
vn -0.6553 -0.1693 0.7361
vn -0.7980 -0.1697 0.5783
vn -0.0975 -0.1693 0.9807
vn -0.3056 -0.1697 0.9369
vn 0.4976 -0.1693 0.8507
vn 0.3034 -0.1697 0.9376
vn 0.8568 -0.1114 0.5035
vn 0.9948 -0.0528 -0.0870
vn 0.9605 -0.2783 -0.0008
vn 0.7838 -0.2498 0.5686
vn 0.7578 -0.0506 -0.6505
vn 0.7745 -0.2908 -0.5618
vn 0.2406 -0.0985 -0.9656
vn 0.2989 -0.2741 -0.9141
vn -0.3533 -0.1877 -0.9165
vn -0.2978 -0.2501 -0.9213
vn -0.7986 -0.2917 -0.5265
vn -0.7855 -0.2380 -0.5713
vn -0.9284 -0.3673 0.0570
vn -0.9719 -0.2353 -0.0003
vn -0.6939 -0.3785 0.6125
vn -0.7871 -0.2332 0.5710
vn -0.1862 -0.3187 0.9294
vn -0.3017 -0.2295 0.9254
vn 0.4040 -0.2141 0.8894
vn 0.3003 -0.2319 0.9252
vn 0.8934 0.0528 0.4462
vn 0.9747 0.1829 -0.1286
vn 0.7165 0.1823 -0.6734
vn 0.2113 0.0498 -0.9762
vn -0.3509 -0.1632 -0.9221
vn -0.7617 -0.3793 -0.5253
vn -0.8533 -0.5160 0.0754
vn -0.5739 -0.5132 0.6382
vn -0.0446 -0.3725 0.9269
vn 0.5109 -0.1567 0.8452
vn 0.9172 0.1761 0.3575
vn 0.9248 0.3061 -0.2258
vn 0.6181 0.2659 -0.7398
vn 0.1194 0.0723 -0.9902
vn -0.3878 -0.2070 -0.8982
vn -0.7309 -0.4817 -0.4835
vn -0.7574 -0.6394 0.1325
vn -0.4248 -0.5908 0.6859
vn 0.1049 -0.3655 0.9249
vn 0.6073 -0.0754 0.7909
vn 0.1939 0.0767 -0.9780
vn 0.2438 0.1389 -0.9598
vn 0.1836 0.0640 -0.9809
vn -0.4481 -0.5168 -0.7295
vn -0.4350 -0.4674 -0.7696
vn -0.4481 -0.5167 -0.7295
vn -0.4506 -0.5266 -0.7208
vn 0.2290 -0.5167 0.8250
vn 0.2977 -0.4829 0.8235
vn 0.2290 -0.5168 0.8249
vn 0.2168 -0.5224 0.8247
vn 0.8482 0.0767 0.5240
vn 0.8905 0.1084 0.4418
vn 0.8400 0.0711 0.5379
vn 0.8109 -0.4665 -0.3533
vn -0.6362 0.7200 0.2772
vn -0.4142 0.0435 -0.9092
vn -0.5528 0.0435 -0.8321
vn -0.5528 0.0435 -0.8322
vn -0.2611 0.0420 -0.9644
vn 0.9802 0.0436 0.1932
vn 0.9961 0.0481 -0.0736
vn 0.9959 0.0464 0.0773
vn 0.9814 0.0406 0.1876
vn 0.7488 0.0473 -0.6611
vn 0.8888 0.0479 -0.4559
vn 0.2680 0.0421 -0.9625
vn 0.4205 0.0436 -0.9063
vn -0.0340 0.0400 -0.9986
vn 0.0370 0.0401 -0.9985
vn 0.2483 0.0476 -0.9675
vn -0.0311 0.0448 -0.9985
vn -0.0261 -0.0300 -0.9992
vn 0.2590 -0.0322 -0.9653
vn 0.7491 0.0563 -0.6601
vn 0.7622 -0.0358 -0.6464
vn 0.9961 0.0581 -0.0663
vn 0.9980 -0.0350 -0.0519
vn 0.9873 0.0540 0.1491
vn 0.9844 -0.0470 0.1696
vn -0.3836 0.0495 -0.9222
vn -0.5416 0.0508 -0.8391
vn -0.8597 -0.0494 -0.5084
vn -0.3728 -0.0332 -0.9273
vn 0.0250 -0.0526 -0.9983
vn 0.3700 -0.0580 -0.9272
vn 0.8676 -0.0677 -0.4926
vn 0.9966 -0.0655 0.0496
vn 0.9761 -0.0586 0.2094
vn -0.9941 -0.0654 0.0862
vn -0.9886 -0.0592 0.1384
vn -0.9826 -0.0632 0.1746
vn -0.9959 -0.0683 -0.0600
vn -0.7636 -0.0664 -0.6423
vn -0.2611 -0.0562 -0.9637
vn -0.4142 0.0433 0.9092
vn -0.2611 0.0420 0.9644
vn -0.5528 0.0435 0.8322
vn -0.5528 0.0435 0.8321
vn 0.9802 0.0436 -0.1932
vn 0.9814 0.0406 -0.1876
vn 0.9960 0.0452 -0.0773
vn 0.9962 0.0476 0.0736
vn 0.8888 0.0479 0.4559
vn 0.7488 0.0473 0.6611
vn 0.4205 0.0434 0.9063
vn 0.2680 0.0421 0.9625
vn 0.0370 0.0399 0.9985
vn -0.0340 0.0399 0.9986
vn 0.2483 0.0476 0.9675
vn 0.2590 -0.0322 0.9653
vn -0.0261 -0.0300 0.9992
vn -0.0311 0.0447 0.9985
vn 0.7491 0.0563 0.6601
vn 0.7622 -0.0358 0.6464
vn 0.9961 0.0581 0.0663
vn 0.9980 -0.0350 0.0519
vn 0.9873 0.0540 -0.1491
vn 0.9844 -0.0470 -0.1696
vn -0.9970 0.0553 -0.0538
vn -0.9980 -0.0380 -0.0505
vn -0.9896 -0.0133 -0.1430
vn -0.9859 0.0502 -0.1597
vn -0.8783 0.0577 0.4746
vn -0.8708 -0.0409 0.4900
vn -0.3836 0.0497 0.9222
vn -0.3728 -0.0332 0.9273
vn -0.0012 1.0000 -0.0003
vn -0.0028 1.0000 -0.0014
vn -0.0021 1.0000 -0.0009
vn -0.0015 1.0000 -0.0002
vn -0.0002 1.0000 -0.0004
vn 0.3700 -0.0581 0.9272
vn 0.0250 -0.0525 0.9983
vn 0.8676 -0.0677 0.4926
vn 0.9966 -0.0653 -0.0496
vn 0.9761 -0.0586 -0.2094
vn -0.9959 -0.0683 0.0600
vn -0.9826 -0.0632 -0.1746
vn -0.7636 -0.0664 0.6423
vn -0.2611 -0.0562 0.9637
vn 0.0000 -0.0030 -1.0000
vn -0.0000 -0.0025 -1.0000
vn 0.0000 -0.0007 -1.0000
vn 0.0000 -0.0006 -1.0000
vn 0.0000 -0.0023 -1.0000
vn -0.0004 1.0000 0.0003
vn -0.0014 1.0000 -0.0003
vn -0.0004 1.0000 -0.0002
vn -0.8840 0.0479 -0.4650
vn -0.7414 0.0472 -0.6694
vn -0.2612 0.0420 -0.9644
vn -0.9964 0.0464 0.0715
vn -0.9957 0.0482 -0.0790
vn -0.9792 0.0405 0.1988
vn -0.9802 0.0437 0.1932
vn 0.9802 0.0437 0.1932
vn -0.9970 0.0560 0.0538
vn -0.9859 0.0502 0.1597
vn -0.9896 -0.0133 0.1430
vn -0.9980 -0.0380 0.0505
vn -0.8782 0.0596 -0.4746
vn -0.8707 -0.0409 -0.4901
vn -0.0007 1.0000 0.0002
vn -0.0028 1.0000 0.0014
vn -0.0024 1.0000 0.0010
vn -0.0016 1.0000 0.0010
vn 0.9982 -0.0466 0.0367
vn 0.9905 -0.1367 -0.0157
vn 0.9979 0.0568 -0.0299
vn 0.9897 0.1387 0.0355
vn 0.0091 -0.0461 -0.9989
vn -0.0008 -0.1094 -0.9940
vn -0.0015 0.0639 -0.9980
vn 0.0090 0.1324 -0.9912
vn -0.0107 -0.0795 -0.9968
vn -0.0107 0.0826 -0.9965
vn 0.8978 -0.1027 -0.4282
vn 0.8975 0.1066 -0.4280
vn 0.9182 0.3960 0.0050
vn 0.9235 0.3823 0.0321
vn 0.7979 0.4675 -0.3806
vn 0.0024 0.3786 -0.9255
vn 0.0084 0.3787 -0.9255
vn -0.0099 0.3785 -0.9255
vn 0.9209 -0.3883 0.0329
vn 0.9055 -0.4190 -0.0668
vn -0.0041 -0.3786 -0.9255
vn -0.0099 -0.3785 -0.9255
vn 0.0084 -0.3787 -0.9255
vn 0.7979 -0.4675 -0.3806
vn 0.9979 -0.0466 0.0444
vn 0.9906 -0.1356 -0.0187
vn 0.9977 0.0581 -0.0353
vn 0.9895 0.1379 0.0432
vn -0.9983 0.0475 0.0328
vn -0.9899 0.1364 -0.0390
vn -0.9965 -0.0599 -0.0576
vn -0.9897 -0.1399 0.0319
vn -0.9015 0.1009 -0.4209
vn -0.9011 -0.1048 -0.4208
vn 0.9179 0.3968 0.0061
vn 0.9232 0.3823 0.0392
vn -0.9195 0.3920 0.0295
vn -0.8997 0.4248 -0.1006
vn 0.0025 0.3786 -0.9255
vn -0.8039 0.4613 -0.3754
vn 0.9211 -0.3873 0.0401
vn 0.9035 -0.4215 -0.0779
vn -0.9156 -0.4019 -0.0096
vn -0.9211 -0.3883 0.0289
vn -0.8039 -0.4612 -0.3754
vn 0.0055 -0.0000 1.0000
vn 0.0046 0.0000 1.0000
vn -0.0049 0.0000 1.0000
vn -0.0058 -0.0000 1.0000
vn 0.0599 0.0000 0.9982
vn -0.0610 0.0000 0.9981
vn 0.9982 -0.0466 -0.0367
vn 0.9897 0.1387 -0.0360
vn 0.9979 0.0568 0.0299
vn 0.9905 -0.1367 0.0157
vn 0.0091 -0.0461 0.9989
vn 0.0090 0.1324 0.9912
vn -0.0015 0.0639 0.9980
vn -0.0001 -0.1094 0.9940
vn -0.0107 0.0826 0.9965
vn -0.0107 -0.0795 0.9968
vn 0.8975 0.1066 0.4280
vn 0.8978 -0.1027 0.4282
vn 0.9235 0.3822 -0.0321
vn 0.9182 0.3960 -0.0050
vn 0.7979 0.4675 0.3805
vn 0.0084 0.3787 0.9255
vn 0.0024 0.3786 0.9255
vn -0.0099 0.3785 0.9255
vn 0.9055 -0.4190 0.0668
vn 0.9210 -0.3883 -0.0329
vn -0.0099 -0.3785 0.9255
vn -0.0041 -0.3786 0.9256
vn 0.0084 -0.3787 0.9255
vn 0.7979 -0.4674 0.3805
vn 0.0046 0.0000 -1.0000
vn 0.0055 -0.0000 -1.0000
vn -0.0049 0.0000 -1.0000
vn -0.0058 -0.0000 -1.0000
vn 0.0599 -0.0000 -0.9982
vn -0.0610 0.0000 -0.9981
vn -0.1658 -0.9862 -0.0000
vn -0.0243 -0.9997 -0.0000
vn -0.0962 -0.9954 0.0000
vn 0.0489 -0.9988 -0.0000
vn -0.0056 -0.0376 -0.9993
vn -0.0066 -0.0382 -0.9992
vn -0.0071 -0.0472 -0.9989
vn -0.0098 -0.0555 -0.9984
vn -0.0166 -0.0694 -0.9975
vn 0.0052 -0.1029 -0.9947
vn 0.0137 -0.1165 -0.9931
vn 0.0697 -0.1827 -0.9807
vn -0.0057 -0.0376 0.9993
vn -0.0079 -0.0512 0.9987
vn -0.0068 -0.0449 0.9990
vn -0.0066 -0.0381 0.9993
vn -0.0083 -0.0893 0.9960
vn -0.0162 -0.0666 0.9977
vn 0.0230 -0.1365 0.9904
vn -0.0073 -0.1004 0.9949
vn 0.9975 -0.0710 -0.0000
vn 0.8721 -0.4894 -0.0000
vn 0.9567 -0.2909 -0.0000
vn -0.9809 0.1944 0.0000
vn -0.9997 0.0260 0.0000
vn -0.9144 0.4047 0.0000
vn 0.4643 -0.8857 0.0000
vn 0.6152 -0.7883 -0.0000
vn -0.6299 0.7767 -0.0000
vn -0.4780 0.8784 -0.0000
vn 0.3076 -0.9515 -0.0000
vn -0.3466 0.9380 0.0000
vn 0.0000 0.9988 -0.0483
vn 0.0000 0.9999 0.0158
vn 0.0000 0.9999 -0.0161
vn 0.0000 -0.9972 -0.0751
vn -0.0000 -1.0000 -0.0001
vn 0.0000 0.9989 0.0472
vn 0.0000 -0.9973 0.0736
vn -0.0057 -0.0377 -0.9993
vn -0.0098 -0.0556 -0.9984
vn 0.0698 -0.1828 -0.9807
vn -0.0061 -0.0379 0.9993
vn -0.0079 -0.0511 0.9987
vn -0.0066 -0.0382 0.9992
vn -0.0166 -0.0668 0.9976
vn 0.0231 -0.1365 0.9904
vn -0.1374 -0.9905 -0.0000
vn -0.0200 -0.9998 -0.0000
vn -0.0795 -0.9968 -0.0000
vn 0.0404 -0.9992 -0.0000
vn -0.0065 -0.0492 -0.9988
vn -0.0071 -0.0496 -0.9987
vn -0.0077 -0.0615 -0.9981
vn -0.0106 -0.0724 -0.9973
vn -0.0178 -0.0902 -0.9958
vn 0.0056 -0.1334 -0.9910
vn 0.0147 -0.1509 -0.9884
vn 0.0740 -0.2351 -0.9692
vn -0.0065 -0.0492 0.9988
vn -0.0084 -0.0665 0.9978
vn -0.0073 -0.0582 0.9983
vn -0.0071 -0.0496 0.9987
vn -0.0089 -0.1159 0.9932
vn -0.0174 -0.0864 0.9961
vn 0.0246 -0.1766 0.9840
vn -0.0079 -0.1302 0.9915
vn 0.9963 -0.0859 -0.0000
vn 0.8268 -0.5625 -0.0000
vn 0.9383 -0.3458 0.0000
vn -0.9723 0.2336 0.0000
vn -0.9995 0.0315 0.0000
vn -0.8812 0.4727 -0.0000
vn 0.3970 -0.9178 0.0000
vn 0.5414 -0.8408 -0.0000
vn -0.5561 0.8311 -0.0000
vn -0.4096 0.9123 -0.0000
vn 0.2577 -0.9662 0.0000
vn -0.2916 0.9565 0.0000
vn 0.0000 0.9991 -0.0421
vn 0.0000 0.9999 0.0137
vn 0.0000 0.9999 -0.0140
vn 0.0000 -0.9979 -0.0655
vn -0.0000 -1.0000 -0.0002
vn 0.0000 -1.0000 -0.0004
vn 0.0000 0.9992 0.0411
vn 0.0000 -0.9979 0.0641
vn -0.0201 -0.9998 0.0000
vn -0.0076 -0.0614 -0.9981
vn -0.0105 -0.0723 -0.9973
vn -0.0179 -0.0900 -0.9958
vn 0.0740 -0.2350 -0.9692
vn -0.0083 -0.0662 0.9978
vn -0.0073 -0.0584 0.9983
vn -0.0174 -0.0866 0.9961
vn 0.0246 -0.1765 0.9840
vn -0.0078 -0.1302 0.9915
vn -0.5272 0.1206 -0.8411
vn -0.9353 0.1235 -0.3315
vn -0.8722 0.0150 -0.4889
vn -0.3926 0.0191 -0.9195
vn -0.9522 0.1236 0.2793
vn -0.9930 0.0140 0.1173
vn -0.6374 0.1261 0.7601
vn -0.7607 0.0231 0.6487
vn -0.0936 0.1317 0.9869
vn -0.2678 0.0357 0.9628
vn 0.5262 0.1343 0.8397
vn 0.3675 0.0370 0.9293
vn 0.9349 0.1276 0.3313
vn 0.8750 0.0234 0.4836
vn 0.3675 0.0369 0.9293
vn 0.9530 0.1170 -0.2795
vn 0.9885 0.0116 -0.1509
vn 0.6385 0.1117 -0.7614
vn 0.7300 0.0116 -0.6834
vn 0.0938 0.1144 -0.9890
vn 0.2242 0.0173 -0.9744
vn 0.6744 -0.2633 -0.6898
vn 0.9169 -0.3454 -0.2000
vn 0.8161 -0.4107 0.4065
vn 0.3225 -0.4191 0.8487
vn -0.3058 -0.3824 0.8719
vn -0.7781 -0.3259 0.5370
vn -0.9652 -0.2616 -0.0005
vn -0.7999 -0.2062 -0.5636
vn -0.3362 -0.1821 -0.9240
vn 0.2178 -0.2026 -0.9547
vn -0.1793 0.1206 0.9764
vn 0.4659 0.1235 0.8762
vn 0.3130 0.0150 0.9496
vn -0.3315 0.0191 0.9433
vn 0.8909 0.1236 0.4371
vn 0.8116 0.0140 0.5841
vn 0.9835 0.1261 -0.1301
vn 0.9991 0.0231 0.0353
vn 0.7356 0.1317 -0.6645
vn 0.8477 0.0357 -0.5292
vn 0.1790 0.1343 -0.9746
vn 0.3566 0.0370 -0.9335
vn -0.4657 0.1276 -0.8757
vn -0.3187 0.0234 -0.9476
vn 0.3566 0.0369 -0.9335
vn -0.8916 0.1170 -0.4375
vn -0.8308 0.0116 -0.5564
vn -0.9852 0.1117 0.1303
vn -0.9999 0.0116 0.0110
vn -0.7371 0.1144 0.6660
vn -0.8234 0.0173 0.5671
vn -0.9632 -0.2633 0.0533
vn -0.8113 -0.3454 -0.4717
vn -0.3273 -0.4107 -0.8510
vn 0.3354 -0.4191 -0.8437
vn 0.8144 -0.3824 -0.4365
vn 0.9365 -0.3259 0.1295
vn 0.7114 -0.2616 0.6523
vn 0.2092 -0.2062 0.9559
vn -0.3761 -0.1821 0.9085
vn -0.8054 -0.2026 0.5570
vn 0.0000 -0.1139 -0.9935
vn -0.8584 -0.4605 -0.2261
vn -0.8540 -0.4042 0.3275
vn -0.9397 -0.2542 0.2288
vn -0.8789 -0.3140 -0.3591
vn -0.5235 -0.3589 0.7728
vn -0.6416 -0.2022 0.7399
vn 0.0070 -0.3419 0.9397
vn -0.0984 -0.1778 0.9791
vn 0.5349 -0.3597 0.7645
vn 0.4824 -0.1905 0.8550
vn 0.8584 -0.4055 0.3142
vn 0.8789 -0.2352 0.4150
vn 0.8541 -0.4618 -0.2394
vn 0.9397 -0.2950 -0.1729
vn 0.5235 -0.5072 -0.6847
vn 0.6416 -0.3470 -0.6841
vn -0.0070 -0.5241 -0.8516
vn 0.0984 -0.3714 -0.9233
vn -0.5349 -0.5063 -0.6764
vn -0.4824 -0.3587 -0.7991
vn -0.0140 0.9943 -0.1062
vn -0.0143 0.9952 -0.0969
vn -0.0149 0.9949 -0.1001
vn -0.0127 0.9939 -0.1091
vn -0.0091 0.9959 -0.0895
vn -0.0114 0.9957 -0.0915
vn -0.0005 0.9963 -0.0864
vn -0.0036 0.9962 -0.0868
vn 0.0084 0.9960 -0.0889
vn 0.0056 0.9962 -0.0874
vn 0.0140 0.9953 -0.0962
vn 0.0127 0.9956 -0.0933
vn 0.0143 0.9943 -0.1055
vn 0.0149 0.9946 -0.1023
vn 0.0092 0.9936 -0.1129
vn 0.0115 0.9938 -0.1107
vn 0.0006 0.9932 -0.1160
vn 0.0036 0.9933 -0.1157
vn -0.0084 0.9935 -0.1135
vn -0.0056 0.9933 -0.1150
vn -0.0141 0.9942 -0.1062
vn 0.9495 0.0314 0.3123
vn 0.9530 -0.0290 -0.3017
vn 0.9956 -0.0089 -0.0928
vn 0.8203 0.1814 0.5424
vn 0.5954 -0.0759 -0.7998
vn 0.7514 -0.0629 -0.6568
vn 0.0135 -0.0941 -0.9955
vn 0.2234 -0.0919 -0.9704
vn -0.1928 -0.0926 -0.9769
vn -0.1927 -0.0924 -0.9769
vn -0.7885 0.0898 -0.6085
vn -0.8944 0.2866 -0.3433
vn -0.8654 0.1544 -0.4767
vn -0.8499 -0.0497 -0.5246
vn -0.8982 0.3721 0.2341
vn -0.9418 0.3331 0.0447
vn -0.5616 0.4443 0.6980
vn -0.7099 0.4144 0.5695
vn -0.0196 0.4713 0.8818
vn -0.2192 0.4649 0.8578
vn 0.5068 0.3317 0.7957
vn 0.2986 0.4606 0.8359
vn 0.9495 0.0310 0.3123
vn 0.8202 0.1820 0.5423
vn 0.6824 -0.0403 -0.7299
vn 0.1228 -0.0668 -0.9902
vn 0.2285 0.0817 -0.9701
vn 0.7473 0.1138 -0.6547
vn 0.9813 0.0144 -0.1922
vn 0.9806 0.1706 -0.0962
vn 0.9054 0.0765 0.4177
vn 0.8394 0.2305 0.4922
vn 0.4836 0.1222 0.8667
vn 0.3776 0.2705 0.8856
vn -0.1228 0.1340 0.9833
vn -0.2285 0.2754 0.9338
vn -0.6824 0.1075 0.7230
vn -0.7473 0.2433 0.6184
vn -0.9813 0.0528 0.1853
vn -0.9806 0.1865 0.0598
vn -0.9054 -0.0092 -0.4245
vn -0.8394 0.1266 -0.5285
vn -0.4837 -0.0549 -0.8735
vn -0.9054 -0.0092 -0.4246
vn -0.8395 0.1266 -0.5285
vn -0.3776 0.0866 -0.9219
vn -0.8817 -0.0000 0.4718
vn -0.8810 0.0388 0.4715
vn -0.8746 0.1265 0.4680
vn 0.8810 0.0388 -0.4715
vn 0.8746 0.1265 -0.4680
vn 0.8817 0.0000 -0.4718
vn 0.3398 -0.0000 0.9405
vn 0.4718 -0.0000 0.8817
vn 0.4714 0.0443 0.8808
vn 0.3363 0.1431 0.9308
vn -0.5134 0.0000 -0.8581
vn -0.5939 -0.0000 -0.8045
vn -0.5934 0.0440 -0.8037
vn -0.4367 0.0803 -0.8960
vn -0.7242 0.5704 0.3875
vn 0.3696 0.6216 0.6906
vn 0.2670 0.6187 0.7389
vn 0.7242 0.5705 -0.3875
vn 0.7241 0.5705 -0.3875
vn -0.4666 0.6186 -0.6321
vn -0.3345 0.6208 -0.7090
vn -0.3417 0.1425 -0.9290
vn -0.2717 0.6170 -0.7386
vn -0.3452 0.0000 -0.9385
vn 0.5893 -0.0000 0.8079
vn 0.5833 0.1425 0.7996
vn 0.4638 0.6171 0.6357
vn -0.0420 0.9991 0.0006
vn -0.0150 0.9999 0.0002
vn 0.0162 0.9999 -0.0002
vn 0.0387 0.9993 -0.0006
vn 0.0218 0.9998 -0.0003
vn -0.0003 0.9993 0.0373
vn -0.0007 0.9968 0.0801
vn -0.0004 0.9988 0.0482
vn 0.0005 0.9985 -0.0540
vn 0.0015 0.9833 -0.1818
vn 0.9794 -0.0000 0.2020
vn 0.9787 0.0388 0.2018
vn 0.9715 0.1265 0.2003
vn -0.9787 0.0388 -0.2018
vn -0.9715 0.1265 -0.2003
vn -0.9794 0.0000 -0.2020
vn 0.3410 0.0000 -0.9401
vn 0.2020 0.0000 -0.9794
vn 0.2017 0.0443 -0.9784
vn 0.3375 0.1431 -0.9304
vn -0.1549 0.0000 0.9879
vn -0.0587 0.0000 0.9983
vn -0.0587 0.0440 0.9973
vn -0.2381 0.0803 0.9679
vn 0.8044 0.5705 0.1659
vn 0.8044 0.5704 0.1659
vn 0.1582 0.6216 -0.7672
vn 0.2679 0.6187 -0.7386
vn -0.8044 0.5705 -0.1659
vn -0.0461 0.6187 0.7843
vn -0.1969 0.6208 0.7588
vn -0.3322 0.1425 0.9324
vn -0.2641 0.6170 0.7413
vn -0.3356 0.0000 0.9420
vn 0.0644 0.0000 -0.9979
vn 0.0637 0.1425 -0.9877
vn 0.0507 0.6170 -0.7854
vn 0.0549 0.9985 0.0000
vn 0.0196 0.9998 0.0000
vn -0.0211 0.9998 0.0000
vn -0.0507 0.9987 0.0000
vn -0.0284 0.9996 0.0000
vn 0.5570 0.0000 -0.8305
vn 0.5566 0.0388 -0.8299
vn 0.5525 0.1265 -0.8239
vn -0.5566 0.0388 0.8299
vn -0.5525 0.1265 0.8239
vn -0.5570 -0.0000 0.8305
vn -0.7416 0.0000 -0.6708
vn -0.8305 0.0000 -0.5570
vn -0.8297 0.0443 -0.5564
vn -0.7340 0.1431 -0.6639
vn 0.8562 0.0000 0.5166
vn 0.9021 0.0000 0.4315
vn 0.9012 0.0440 0.4311
vn 0.8062 0.0803 0.5861
vn 0.4575 0.5704 -0.6822
vn 0.4575 0.5704 -0.6821
vn -0.6506 0.6216 -0.4363
vn -0.5827 0.6186 -0.5271
vn -0.4575 0.5704 0.6822
vn 0.7088 0.6186 0.3390
vn 0.6282 0.6208 0.4690
vn 0.7378 0.1425 0.6598
vn 0.5867 0.6169 0.5246
vn 0.7454 0.0000 0.6666
vn -0.8996 0.0000 -0.4366
vn -0.8905 0.1425 -0.4322
vn -0.7080 0.6170 -0.3436
vn 0.0012 0.9974 -0.0716
vn 0.0004 0.9997 -0.0256
vn -0.0005 0.9996 0.0276
vn -0.0012 0.9978 0.0661
vn -0.0006 0.9993 0.0372
vn -0.7138 0.0000 -0.7003
vn -0.7133 0.0388 -0.6998
vn -0.7081 0.1265 -0.6947
vn 0.7133 0.0388 0.6998
vn 0.7081 0.1265 0.6947
vn 0.7138 -0.0000 0.7003
vn -0.7959 -0.0000 0.6055
vn -0.7003 -0.0000 0.7138
vn -0.6996 0.0443 0.7131
vn -0.7877 0.1431 0.5992
vn 0.6654 0.0000 -0.7465
vn 0.5902 0.0000 -0.8073
vn 0.5896 0.0440 -0.8065
vn 0.7245 0.0803 -0.6846
vn -0.5863 0.5704 -0.5752
vn -0.5863 0.5705 -0.5752
vn -0.5486 0.6216 0.5592
vn -0.6253 0.6186 0.4757
vn 0.5863 0.5705 0.5752
vn 0.5863 0.5704 0.5752
vn 0.4637 0.6186 -0.6343
vn 0.5766 0.6208 -0.5312
vn 0.7843 0.1425 -0.6038
vn 0.6236 0.6170 -0.4801
vn 0.7924 0.0000 -0.6100
vn -0.5947 -0.0000 0.8039
vn -0.5887 0.1425 0.7957
vn -0.4680 0.6170 0.6327
vn 0.1600 0.9820 0.1001
vn 0.1607 0.9864 -0.0335
vn -0.0540 0.9934 0.1012
vn 0.1600 0.9820 -0.1001
vn 0.0540 0.9934 -0.1012
vn -0.1607 0.9864 0.0335
vn -0.1600 0.9820 0.1001
vn -0.1600 0.9820 -0.1001
vn -0.2391 0.2996 -0.9236
vn -0.6532 0.2986 -0.6958
vn -0.6061 0.2735 -0.7469
vn -0.1749 0.2779 -0.9445
vn -0.8956 0.2981 -0.3302
vn -0.8849 0.2763 -0.3751
vn -0.8956 0.2981 -0.3301
vn -0.9317 0.3170 0.1774
vn -0.9534 0.2861 0.0954
vn -0.8849 0.2762 -0.3751
vn -0.6722 0.3189 0.6681
vn -0.7319 0.2780 0.6221
vn -0.1687 0.3084 0.9362
vn -0.2636 0.2627 0.9282
vn 0.1585 0.2818 0.9463
vn 0.1503 0.2728 0.9503
vn 0.5971 0.3097 0.7400
vn 0.5026 0.3106 0.8068
vn 0.9323 0.3098 0.1868
vn 0.9087 0.2975 0.2929
vn 0.8915 0.2851 -0.3521
vn 0.9206 0.2724 -0.2798
vn 0.7632 0.2661 -0.5888
vn 0.7716 0.2839 -0.5692
vn 0.3168 0.3014 -0.8994
vn 0.4231 0.2953 -0.8566
vn 0.9455 0.1532 -0.2873
vn 0.9808 0.0531 -0.1877
vn 0.8197 0.2414 0.5194
vn 0.8839 0.1072 0.4553
vn 0.2853 0.2588 0.9228
vn 0.2112 0.1251 0.9694
vn 0.2079 0.0022 0.9781
vn -0.4871 0.1720 0.8562
vn -0.7601 0.1564 0.6307
vn -0.8378 0.0824 0.5397
vn -0.9642 0.2244 -0.1413
vn -0.9106 0.1732 -0.3753
vn -0.9106 0.1732 -0.3752
vn -0.6147 0.1755 -0.7690
vn -0.1717 0.1833 -0.9679
vn -0.0558 0.1121 -0.9921
vn 0.6770 0.2955 -0.6741
vn 0.7591 0.1961 -0.6207
vn -0.5849 0.0618 0.8088
vn -0.5590 0.0199 0.8289
vn -0.6404 0.1621 0.7507
vn 0.5849 -0.0617 -0.8088
vn 0.5590 -0.0199 -0.8289
vn 0.6404 -0.1622 -0.7507
vn 0.0783 0.9954 -0.0548
vn 0.7313 0.4539 -0.5092
vn -0.5434 -0.0274 -0.8390
vn -0.5728 -0.0660 -0.8170
vn -0.4663 0.0660 -0.8822
vn 0.5434 0.0274 0.8390
vn 0.5728 0.0660 0.8170
vn 0.4663 -0.0660 0.8822
vn -0.8450 -0.2536 0.4709
vn -0.8469 -0.2532 0.4677
vn -0.9043 -0.1525 0.3988
vn -0.9250 -0.1056 0.3650
vn -0.5488 -0.7949 -0.2589
vn -0.5485 -0.7943 -0.2613
vn -0.6071 -0.7125 -0.3517
vn -0.6311 -0.6702 -0.3906
vn 0.3847 -0.7157 -0.5829
vn 0.3835 -0.7174 -0.5815
vn 0.3587 -0.6344 -0.6848
vn 0.3457 -0.5915 -0.7284
vn 0.9767 -0.1220 -0.1767
vn 0.9762 -0.1260 -0.1764
vn 0.9645 -0.0202 -0.2632
vn 0.9531 0.0286 -0.3013
vn 0.7068 0.4178 0.5709
vn 0.7076 0.4164 0.5709
vn 0.6801 0.5406 0.4952
vn 0.6634 0.5927 0.4568
vn -0.2511 0.3464 0.9039
vn -0.2528 0.3472 0.9031
vn -0.2979 0.4657 0.8333
vn -0.3171 0.5158 0.7959
vn -0.3223 0.5084 -0.7986
vn -0.2970 0.5284 -0.7954
vn -0.3042 0.5193 -0.7986
vn -0.3345 0.5074 -0.7941
vn 0.3067 -0.5162 0.7997
vn 0.3386 -0.5071 0.7926
vn 0.3263 -0.5081 0.7971
vn 0.2994 -0.5254 0.7964
vn -0.3522 0.5129 -0.7829
vn -0.3573 0.5210 -0.7751
vn 0.3590 -0.5238 0.7725
vn 0.3539 -0.5157 0.7803
vn -0.3571 0.5376 -0.7639
vn -0.3499 0.5468 -0.7606
vn 0.3475 -0.5499 0.7595
vn 0.3547 -0.5406 0.7628
vn -0.3319 0.5579 -0.7607
vn -0.3196 0.5589 -0.7652
vn 0.3154 -0.5592 0.7667
vn 0.3278 -0.5583 0.7622
vn -0.3016 0.5533 -0.7765
vn -0.2967 0.5450 -0.7842
vn 0.2950 -0.5422 0.7867
vn 0.3000 -0.5506 0.7790
vn 0.9465 0.0526 -0.3185
vn 0.9463 0.0517 -0.3191
vn 0.9467 0.0531 -0.3178
vn 0.9468 0.0544 -0.3173
vn 0.3576 -0.6043 -0.7120
vn 0.3468 -0.5886 -0.7302
vn 0.3753 -0.6361 -0.6742
vn 0.3910 -0.6514 -0.6503
vn -0.6278 -0.6844 -0.3707
vn -0.6337 -0.6671 -0.3916
vn -0.6130 -0.7166 -0.3327
vn -0.6071 -0.7344 -0.3035
vn -0.9339 -0.0821 0.3480
vn -0.9340 -0.0822 0.3477
vn -0.9336 -0.0810 0.3490
vn -0.9334 -0.0802 0.3496
vn -0.3454 0.5775 0.7398
vn -0.3348 0.5596 0.7582
vn -0.3635 0.6115 0.7028
vn -0.3796 0.6305 0.6771
vn 0.6404 0.6561 0.3992
vn 0.6463 0.6378 0.4188
vn 0.6255 0.6921 0.3602
vn 0.6193 0.7114 0.3322
vn 0.9468 0.0547 -0.3172
vn 0.9468 0.0558 -0.3169
vn 0.4053 -0.6738 -0.6178
vn 0.4101 -0.6696 -0.6193
vn -0.5945 -0.7570 -0.2712
vn -0.5986 -0.7556 -0.2660
vn -0.9334 -0.0792 0.3499
vn -0.9332 -0.0787 0.3506
vn -0.3946 0.6548 0.6446
vn -0.3999 0.6530 0.6432
vn 0.6063 0.7374 0.2979
vn 0.6109 0.7343 0.2961
vn 0.9472 0.1014 -0.3042
vn 0.9520 0.1402 -0.2720
vn 0.9528 0.1381 -0.2704
vn 0.9492 0.1092 -0.2950
vn 0.7777 -0.3671 -0.5103
vn 0.8945 -0.1114 -0.4330
vn 0.8856 -0.1717 -0.4315
vn 0.7692 -0.4167 -0.4844
vn 0.7547 -0.2633 -0.6009
vn 0.8483 -0.1068 -0.5186
vn 0.9458 0.0946 -0.3108
vn 0.9521 0.1401 -0.2720
vn 0.7022 -0.2264 -0.6751
vn 0.8892 -0.0355 -0.4562
vn 0.9497 0.1200 -0.2894
vn 0.9520 0.1402 -0.2721
vn -0.9316 -0.0327 0.3621
vn -0.9283 -0.0248 0.3709
vn -0.9193 0.0042 0.3935
vn -0.9200 0.0064 0.3918
vn -0.8681 -0.4915 0.0696
vn -0.8377 -0.5400 0.0817
vn -0.9292 -0.3036 0.2110
vn -0.9449 -0.2440 0.2184
vn -0.9220 -0.3870 -0.0105
vn -0.9637 -0.2373 0.1225
vn -0.9337 -0.0395 0.3558
vn -0.9200 0.0063 0.3918
vn -0.9329 -0.3461 -0.0998
vn -0.9651 -0.1682 0.2009
vn -0.9265 -0.0140 0.3759
vn -0.9201 0.0065 0.3917
vn 0.3440 -0.2992 0.8900
vn 0.3431 -0.1499 0.9273
vn 0.3446 -0.2233 0.9118
vn -0.2506 0.8394 -0.4823
vn -0.2757 0.7736 -0.5705
vn -0.2244 0.8910 -0.3947
vn -0.5897 0.7861 -0.1851
vn 0.0604 0.9432 -0.3267
vn -0.1817 0.9377 -0.2962
vn -0.7498 0.6522 -0.1111
vn 0.6726 0.6802 -0.2914
vn 0.4920 0.8086 -0.3225
vn 0.9703 0.2047 -0.1290
vn 0.9057 0.3772 -0.1936
vn 0.9492 -0.3015 0.0897
vn 0.9915 -0.1298 0.0107
vn 0.5995 -0.7335 0.3203
vn 0.7591 -0.6035 0.2441
vn -0.0429 -0.8850 0.4637
vn 0.1959 -0.8798 0.4331
vn -0.6504 -0.6307 0.4232
vn -0.4703 -0.7557 0.4558
vn -0.9528 -0.1635 0.2557
vn -0.8860 -0.3341 0.3216
vn -0.9381 0.3442 0.0389
vn -0.9784 0.1709 0.1165
vn 0.1122 0.3036 0.9462
vn -0.6663 0.6821 -0.3012
vn -0.0947 0.7597 -0.6433
vn -0.2017 0.8351 -0.5118
vn -0.7502 0.6395 -0.1681
vn 0.5086 0.5447 -0.6668
vn 0.4377 0.6713 -0.5981
vn 0.8932 0.1673 -0.4174
vn 0.8671 0.2854 -0.4083
vn 0.9719 -0.2355 0.0018
vn 0.9850 -0.1646 -0.0512
vn 0.7030 -0.5321 0.4718
vn 0.7504 -0.5567 0.3563
vn 0.1556 -0.5860 0.7953
vn 0.2079 -0.7264 0.6551
vn -0.4188 -0.3806 0.8245
vn -0.3950 -0.5839 0.7092
vn -0.8059 -0.0295 0.5913
vn -0.8102 -0.2267 0.5405
vn -0.9142 0.3622 0.1818
vn -0.9487 0.2188 0.2284
vn -0.9142 0.3622 0.1819
vn -0.6601 0.5907 -0.4640
vn -0.1586 0.5273 -0.8347
vn 0.4015 0.3112 -0.8613
vn 0.8240 0.0326 -0.5657
vn 0.9761 -0.2144 -0.0344
vn 0.7674 -0.3308 0.5492
vn 0.2735 -0.2639 0.9250
vn -0.2882 -0.0543 0.9560
vn -0.7227 0.2194 0.6554
vn -0.8760 0.4680 0.1165
vn -0.6898 0.3811 -0.6156
vn -0.2231 0.2085 -0.9522
vn 0.3243 0.0239 -0.9457
vn 0.7846 -0.1160 -0.6090
vn 0.9876 -0.1532 -0.0339
vn 0.8300 -0.0649 0.5540
vn 0.3844 0.1078 0.9168
vn -0.1803 0.2992 0.9370
vn -0.6729 0.4435 0.5921
vn -0.8789 0.4767 -0.0162
vn 0.7089 -0.1543 -0.6882
vn 0.6447 -0.1789 -0.7432
vn 0.7089 -0.1534 -0.6884
vn 0.7213 -0.1481 -0.6766
vn 0.9797 0.0886 0.1798
vn 0.9902 0.0484 0.1312
vn 0.9771 0.0968 0.1897
vn -0.5265 0.7037 0.4770
vn -0.5712 0.7113 0.4095
vn -0.5183 0.7019 0.4886
vn -0.7933 0.4274 -0.4336
vn -0.7513 0.4032 -0.5225
vn -0.7998 0.4312 -0.4175
vn -0.3759 -0.8584 0.3489
vn -0.5897 0.7861 0.1851
vn -0.7498 0.6522 0.1111
vn -0.1816 0.9380 0.2953
vn 0.0605 0.9433 0.3263
vn 0.4920 0.8086 0.3225
vn 0.6726 0.6802 0.2913
vn 0.9057 0.3772 0.1936
vn 0.9703 0.2047 0.1290
vn 0.9915 -0.1298 -0.0107
vn 0.9492 -0.3015 -0.0897
vn 0.7591 -0.6035 -0.2441
vn 0.5995 -0.7335 -0.3203
vn 0.1959 -0.8798 -0.4331
vn -0.0429 -0.8850 -0.4637
vn -0.4701 -0.7552 -0.4568
vn -0.6504 -0.6308 -0.4232
vn -0.8860 -0.3341 -0.3215
vn -0.9528 -0.1635 -0.2557
vn -0.9784 0.1709 -0.1164
vn -0.9381 0.3442 -0.0389
vn -0.9381 0.3442 -0.0388
vn -0.9784 0.1708 -0.1165
vn -0.6663 0.6822 0.3012
vn -0.7502 0.6395 0.1681
vn -0.2017 0.8351 0.5118
vn -0.0947 0.7597 0.6433
vn 0.4377 0.6713 0.5981
vn 0.5086 0.5447 0.6668
vn 0.8671 0.2854 0.4083
vn 0.8932 0.1673 0.4174
vn 0.9850 -0.1646 0.0512
vn 0.9719 -0.2355 -0.0018
vn 0.7504 -0.5567 -0.3563
vn 0.7030 -0.5321 -0.4718
vn 0.2079 -0.7264 -0.6551
vn 0.1556 -0.5859 -0.7953
vn -0.3950 -0.5839 -0.7092
vn -0.4188 -0.3806 -0.8245
vn -0.8102 -0.2267 -0.5406
vn -0.8059 -0.0295 -0.5913
vn -0.9487 0.2188 -0.2284
vn -0.9142 0.3622 -0.1819
vn -0.9142 0.3622 -0.1818
vn -0.1586 0.5273 0.8347
vn -0.6601 0.5907 0.4640
vn 0.4015 0.3112 0.8613
vn 0.8240 0.0326 0.5657
vn 0.9761 -0.2144 0.0344
vn 0.7674 -0.3308 -0.5492
vn 0.2735 -0.2639 -0.9250
vn -0.2882 -0.0543 -0.9560
vn -0.7227 0.2194 -0.6554
vn -0.8760 0.4680 -0.1165
vn -0.2231 0.2084 0.9522
vn -0.6898 0.3811 0.6156
vn 0.3243 0.0239 0.9457
vn 0.7846 -0.1160 0.6090
vn 0.9876 -0.1532 0.0339
vn 0.8300 -0.0649 -0.5540
vn 0.3844 0.1078 -0.9169
vn -0.1803 0.2992 -0.9370
vn -0.6729 0.4435 -0.5921
vn -0.8789 0.4768 0.0163
vn -0.8789 0.4767 0.0162
vn 0.7089 -0.1534 0.6884
vn 0.7213 -0.1481 0.6767
vn 0.7088 -0.1534 0.6885
vn 0.6446 -0.1789 0.7433
vn 0.9797 0.0886 -0.1798
vn 0.9771 0.0968 -0.1897
vn 0.9902 0.0484 -0.1313
vn -0.5265 0.7037 -0.4770
vn -0.5183 0.7019 -0.4886
vn -0.5714 0.7113 -0.4093
vn -0.7933 0.4274 0.4336
vn -0.7999 0.4312 0.4174
vn -0.7512 0.4031 0.5228
vn -0.3759 -0.8584 -0.3489
vn -0.3015 0.0003 0.9535
vn 0.3012 0.0004 -0.9535
usemtl Texture1
s off
f 1/1/1 2/2/1 3/3/1
f 4/4/1 5/5/1 1/1/1
f 1/1/1 5/5/1 2/2/1
f 6/6/2 7/7/2 8/8/2
f 9/9/2 10/10/2 11/11/2
f 12/12/2 13/13/2 14/14/2
f 15/15/1 16/16/1 17/17/1
f 18/18/1 19/19/1 20/20/1
f 21/21/3 22/22/3 23/23/3
f 24/24/4 25/25/4 26/26/4
f 27/27/2 28/28/2 29/29/2
f 30/30/2 31/31/2 32/32/2
f 33/33/2 34/34/2 35/35/2
f 36/36/2 37/37/2 38/38/2
f 39/39/2 38/38/2 40/40/2
f 41/41/5 42/42/5 43/43/5
f 44/44/5 41/41/5 45/45/5
f 46/46/2 47/47/2 48/48/2
f 49/49/2 48/48/2 50/50/2
f 51/51/5 52/52/5 53/53/5
f 54/54/5 51/51/5 55/55/5
f 56/56/2 57/57/2 58/58/2
f 59/59/2 60/60/2 57/57/2
f 61/61/5 62/62/5 63/63/5
f 64/64/5 65/65/5 61/61/5
f 66/66/6 67/67/6 68/68/6
f 69/69/7 70/70/7 71/71/7
f 72/72/6 73/73/6 74/74/6
f 75/75/7 76/76/7 77/77/7
f 78/78/6 79/79/6 80/80/6
f 81/81/7 82/82/7 83/83/7
f 84/84/6 85/85/6 86/86/6
f 87/87/7 88/88/7 89/89/7
f 90/90/8 91/91/8 92/92/8
f 93/93/9 94/94/9 95/95/9
f 96/96/10 97/97/10 98/98/10
f 99/99/11 100/100/11 101/101/11
f 102/102/12 103/103/12 104/104/12
f 105/105/13 106/106/13 107/107/13
f 108/108/14 109/109/14 110/110/14
f 111/111/15 112/112/15 113/113/15
f 114/114/16 115/115/16 116/116/16
f 114/114/16 116/116/16 117/117/16
f 118/118/17 119/119/17 120/120/17
f 118/118/17 120/120/17 121/121/17
f 122/122/18 123/123/18 124/124/18
f 122/122/18 124/124/18 125/125/18
f 126/126/1 127/127/1 128/128/1
f 126/126/1 128/128/1 129/129/1
f 130/130/1 131/131/1 132/132/1
f 130/130/1 133/133/1 134/134/1
f 130/130/1 134/134/1 135/135/1
f 136/136/1 130/130/1 135/135/1
f 136/136/1 135/135/1 137/137/1
f 129/129/1 128/128/1 138/138/1
f 128/128/1 136/136/1 137/137/1
f 128/128/1 137/137/1 138/138/1
f 139/139/6 140/140/6 141/141/6
f 139/139/6 141/141/6 142/142/6
f 143/143/6 144/144/6 145/145/6
f 143/143/6 145/145/6 146/146/6
f 146/146/6 145/145/6 147/147/6
f 146/146/6 147/147/6 148/148/6
f 148/148/6 147/147/6 149/149/6
f 148/148/6 149/149/6 150/150/6
f 150/150/6 151/151/6 152/152/6
f 153/153/19 154/154/19 155/155/19
f 153/153/19 155/155/19 156/156/19
f 157/157/20 158/158/20 159/159/20
f 157/157/20 159/159/20 160/160/20
f 161/161/21 162/162/21 163/163/21
f 161/161/22 163/163/22 164/164/22
f 161/161/22 164/164/22 165/165/22
f 166/166/23 167/167/23 168/168/23
f 169/169/24 170/170/24 171/171/24
f 172/172/25 173/173/25 174/174/25
f 172/172/25 174/174/25 175/175/25
f 176/176/26 177/177/26 178/178/26
f 176/176/26 178/178/26 179/179/26
f 180/180/27 181/181/27 182/182/27
f 183/183/28 184/184/28 185/185/28
f 186/186/29 187/187/29 188/188/29
f 186/186/29 188/188/29 189/189/29
f 190/190/30 191/191/30 192/192/30
f 190/190/30 192/192/30 193/193/30
f 194/194/31 195/195/31 196/196/31
f 194/194/32 196/196/32 197/197/32
f 198/198/33 199/199/33 200/200/33
f 198/198/33 200/200/33 201/201/33
f 202/202/34 203/203/34 204/204/34
f 202/202/34 204/204/34 205/205/34
f 206/206/34 204/204/34 203/203/34
f 206/206/34 203/203/34 207/207/34
f 208/208/35 209/209/35 210/210/35
f 208/208/36 210/210/36 211/211/36
f 212/212/37 213/213/37 214/214/37
f 212/212/38 214/214/38 215/215/38
f 208/208/35 216/216/35 209/209/35
f 215/215/39 214/214/39 217/217/39
f 215/215/40 217/217/40 218/218/40
f 219/219/35 220/220/35 221/221/35
f 219/219/36 221/221/36 216/216/36
f 222/222/41 223/223/41 224/224/41
f 225/225/35 226/226/35 227/227/35
f 225/225/42 227/227/42 228/228/42
f 224/224/43 223/223/43 229/229/43
f 224/224/38 229/229/38 230/230/38
f 226/226/35 231/231/35 232/232/35
f 230/230/39 229/229/39 233/233/39
f 230/230/44 233/233/44 234/234/44
f 231/231/36 235/235/36 236/236/36
f 231/231/35 236/236/35 232/232/35
f 212/212/44 237/237/44 238/238/44
f 212/212/39 238/238/39 213/213/39
f 239/239/45 240/240/45 241/241/45
f 242/242/46 243/243/46 244/244/46
f 242/242/46 244/244/46 245/245/46
f 246/246/47 247/247/47 248/248/47
f 246/246/47 248/248/47 249/249/47
f 250/250/48 251/251/48 252/252/48
f 250/250/48 252/252/48 253/253/48
f 254/254/49 255/255/49 256/256/49
f 257/257/50 258/258/50 259/259/50
f 260/260/51 261/261/51 262/262/51
f 260/260/51 262/262/51 263/263/51
f 264/264/52 265/265/52 266/266/52
f 267/267/53 268/268/53 269/269/53
f 267/267/53 269/269/53 270/270/53
f 271/271/54 272/272/54 273/273/54
f 271/271/55 273/273/55 274/274/55
f 275/275/56 276/276/56 277/277/57
f 278/278/1 279/279/1 280/280/1
f 281/281/58 282/282/58 283/283/58
f 281/281/58 283/283/58 284/284/58
f 285/285/59 286/286/59 287/287/59
f 285/285/59 287/287/59 288/288/59
f 289/289/60 290/290/60 291/291/60
f 289/289/60 291/291/60 292/292/60
f 293/293/1 294/294/1 295/295/1
f 293/293/1 295/295/1 296/296/1
f 297/297/61 298/298/61 299/299/61
f 297/297/61 299/299/61 300/300/61
f 301/301/62 302/302/62 303/303/62
f 301/301/62 303/303/62 304/304/62
f 305/305/63 306/306/63 307/307/63
f 305/305/63 307/307/63 308/308/63
f 309/309/64 310/310/64 311/311/64
f 312/312/65 313/313/65 314/314/65
f 312/312/65 314/314/65 315/315/65
f 316/316/66 317/317/66 318/318/66
f 316/316/66 318/318/66 319/319/66
f 320/320/1 321/321/1 322/322/1
f 320/320/1 322/322/1 323/323/1
f 323/323/1 322/322/1 324/324/1
f 323/323/1 324/324/1 325/325/1
f 326/326/1 327/327/1 328/328/1
f 327/327/1 329/329/1 330/330/1
f 331/331/1 332/332/1 333/333/1
f 331/331/1 333/333/1 334/334/1
f 335/335/67 336/336/67 337/337/67
f 335/335/67 337/337/67 338/338/67
f 339/339/68 340/340/68 341/341/68
f 339/339/68 341/341/68 342/342/68
f 343/343/69 344/344/69 345/345/69
f 343/343/69 345/345/69 346/346/69
f 347/347/70 348/348/70 349/349/70
f 347/347/70 349/349/70 350/350/70
f 8/8/2 7/7/2 351/351/2
f 8/8/2 351/351/2 352/352/2
f 353/353/6 354/354/6 355/355/6
f 353/353/6 355/355/6 356/356/6
f 357/357/6 353/353/6 356/356/6
f 357/357/6 356/356/6 358/358/6
f 359/359/6 357/357/6 358/358/6
f 359/359/6 358/358/6 360/360/6
f 361/361/7 362/362/7 363/363/7
f 361/361/7 363/363/7 364/364/7
f 362/362/7 365/365/7 366/366/7
f 362/362/7 366/366/7 363/363/7
f 365/365/7 367/367/7 366/366/7
f 6/6/2 9/9/2 11/11/2
f 368/368/2 351/351/2 13/13/2
f 368/368/2 13/13/2 12/12/2
f 369/369/71 370/370/71 371/371/71
f 369/369/71 371/371/71 372/372/71
f 373/373/1 374/374/1 375/375/1
f 373/373/1 375/375/1 376/376/1
f 13/13/2 11/11/2 10/10/2
f 13/13/2 10/10/2 14/14/2
f 377/377/72 378/378/72 379/379/72
f 377/377/72 379/379/72 380/380/72
f 381/381/1 382/382/1 383/383/1
f 381/381/1 383/383/1 384/384/1
f 385/385/73 386/386/73 387/387/73
f 385/385/73 387/387/73 388/388/73
f 389/389/74 390/390/74 391/391/74
f 389/389/74 391/391/74 392/392/74
f 393/393/75 394/394/75 395/395/75
f 393/393/75 395/395/75 396/396/75
f 397/397/1 398/398/1 399/399/1
f 397/397/1 399/399/1 400/400/1
f 401/401/76 402/402/76 403/403/76
f 401/401/76 403/403/76 404/404/76
f 405/405/77 406/406/77 407/407/77
f 405/405/77 407/407/77 408/408/77
f 409/409/1 410/410/1 411/411/1
f 409/409/1 411/411/1 412/412/1
f 15/15/1 17/17/1 410/410/1
f 15/15/1 413/413/1 414/414/1
f 15/15/1 414/414/1 16/16/1
f 16/16/1 415/415/1 416/416/1
f 417/417/1 418/418/1 419/419/1
f 417/417/1 419/419/1 420/420/1
f 18/18/1 417/417/1 420/420/1
f 18/18/1 420/420/1 19/19/1
f 18/18/1 20/20/1 421/421/1
f 20/20/1 19/19/1 422/422/1
f 20/20/1 422/422/1 423/423/1
f 412/412/1 411/411/1 424/424/1
f 419/419/1 418/418/1 425/425/1
f 419/419/1 425/425/1 424/424/1
f 426/426/78 427/427/78 428/428/78
f 426/426/78 428/428/78 429/429/78
f 430/430/79 431/431/79 432/432/79
f 430/430/79 432/432/79 433/433/79
f 434/434/80 435/435/80 436/436/80
f 434/434/80 436/436/80 437/437/80
f 438/438/81 439/439/81 440/440/81
f 438/438/81 440/440/81 441/441/81
f 442/442/82 443/443/82 444/444/82
f 442/442/82 444/444/82 445/445/82
f 446/446/83 447/447/83 448/448/83
f 446/446/83 448/448/83 449/449/83
f 450/450/84 451/451/84 452/452/84
f 450/450/84 452/452/84 453/453/84
f 454/454/85 455/455/85 456/456/85
f 454/454/85 456/456/85 457/457/85
f 458/458/86 459/459/86 460/460/86
f 458/458/87 460/460/87 461/461/87
f 462/462/88 463/463/88 464/464/88
f 462/462/88 464/464/88 465/465/88
f 466/466/89 467/467/89 468/468/89
f 466/466/89 468/468/89 469/469/89
f 467/467/89 470/470/89 468/468/89
f 471/471/90 472/472/90 473/473/90
f 471/471/90 473/473/90 474/474/90
f 475/475/91 476/476/91 477/477/91
f 475/475/91 477/477/91 478/478/91
f 479/479/92 480/480/92 481/481/92
f 479/479/92 481/481/92 482/482/92
f 483/483/93 484/484/93 485/485/93
f 483/483/93 485/485/93 486/486/93
f 487/487/4 488/488/4 489/489/4
f 489/489/3 490/490/3 491/491/3
f 489/489/4 491/491/4 487/487/4
f 492/492/4 25/25/4 24/24/4
f 492/492/3 24/24/3 488/488/3
f 490/490/4 23/23/4 22/22/4
f 490/490/3 22/22/3 491/491/3
f 493/493/5 494/494/5 495/495/5
f 493/493/5 495/495/5 496/496/5
f 497/497/5 498/498/5 499/499/5
f 497/497/5 499/499/5 500/500/5
f 501/501/2 502/502/2 503/503/2
f 501/501/2 503/503/2 504/504/2
f 501/501/2 504/504/2 505/505/2
f 501/501/2 505/505/2 506/506/2
f 507/507/2 508/508/2 509/509/2
f 507/507/2 509/509/2 510/510/2
f 507/507/2 510/510/2 511/511/2
f 507/507/2 511/511/2 512/512/2
f 513/513/94 514/514/94 515/515/94
f 513/513/95 515/515/95 516/516/95
f 517/517/96 518/518/96 519/519/96
f 517/517/97 519/519/97 520/520/97
f 518/518/96 521/521/96 522/522/96
f 518/518/96 522/522/96 519/519/96
f 520/520/96 523/523/96 524/524/96
f 525/525/96 524/524/96 523/523/96
f 522/522/97 521/521/97 526/526/97
f 522/522/97 526/526/97 527/527/97
f 528/528/98 529/529/98 530/530/98
f 531/531/99 532/532/99 533/533/99
f 531/531/99 533/533/99 534/534/99
f 535/535/100 536/536/100 537/537/100
f 535/535/100 537/537/100 538/538/100
f 539/539/101 540/540/101 541/541/101
f 539/539/102 541/541/102 542/542/102
f 543/543/103 544/544/103 545/545/103
f 543/543/103 545/545/103 546/546/103
f 547/547/104 548/548/104 549/549/104
f 547/547/104 549/549/104 550/550/104
f 547/547/104 550/550/104 551/551/104
f 547/547/104 551/551/104 552/552/104
f 553/553/105 554/554/105 555/555/105
f 553/553/105 555/555/105 556/556/105
f 557/557/106 558/558/106 559/559/106
f 560/560/107 561/561/107 562/562/107
f 560/560/107 562/562/107 563/563/107
f 564/564/108 565/565/108 566/566/108
f 564/564/109 566/566/109 567/567/109
f 568/568/110 569/569/110 570/570/110
f 568/568/110 570/570/110 571/571/110
f 572/572/110 573/573/110 574/574/110
f 572/572/110 574/574/110 575/575/110
f 576/576/108 577/577/108 578/578/108
f 576/576/108 578/578/108 579/579/108
f 580/580/107 581/581/107 582/582/107
f 580/580/107 582/582/107 583/583/107
f 584/584/111 585/585/111 586/586/111
f 584/584/111 586/586/111 587/587/111
f 588/588/108 589/589/108 590/590/108
f 588/588/108 590/590/108 591/591/108
f 592/592/112 593/593/112 594/594/112
f 592/592/112 594/594/112 595/595/112
f 596/596/105 597/597/105 598/598/105
f 596/596/105 598/598/105 599/599/105
f 600/600/110 601/601/110 602/602/110
f 600/600/110 602/602/110 603/603/110
f 604/604/108 605/605/108 606/606/108
f 604/604/108 606/606/108 607/607/108
f 608/608/113 609/609/113 610/610/113
f 608/608/114 610/610/114 611/611/114
f 612/612/115 613/613/115 614/614/115
f 612/612/115 614/614/115 615/615/115
f 616/616/116 617/617/116 618/618/116
f 616/616/116 618/618/116 619/619/116
f 620/620/2 621/621/2 622/622/2
f 620/620/2 622/622/2 623/623/2
f 624/624/117 625/625/117 626/626/117
f 627/627/105 628/628/105 629/629/105
f 627/627/105 629/629/105 630/630/105
f 631/631/107 632/632/107 633/633/107
f 631/631/107 633/633/107 634/634/107
f 635/635/110 636/636/110 637/637/110
f 638/638/2 639/639/2 640/640/2
f 638/638/2 640/640/2 641/641/2
f 642/642/108 643/643/108 644/644/108
f 642/642/108 644/644/108 645/645/108
f 646/646/118 647/647/118 648/648/118
f 646/646/118 648/648/118 649/649/118
f 650/650/107 651/651/107 652/652/107
f 650/650/107 652/652/107 653/653/107
f 654/654/119 655/655/119 656/656/119
f 654/654/119 656/656/119 657/657/119
f 658/658/120 659/659/120 660/660/120
f 660/660/121 661/661/121 658/658/121
f 662/662/121 661/661/121 663/663/121
f 664/664/121 665/665/121 666/666/121
f 664/664/121 666/666/121 659/659/121
f 667/667/2 668/668/2 669/669/2
f 667/667/2 669/669/2 670/670/2
f 668/668/2 671/671/2 672/672/2
f 668/668/2 672/672/2 669/669/2
f 671/671/2 673/673/2 674/674/2
f 671/671/2 674/674/2 672/672/2
f 673/673/2 675/675/2 676/676/2
f 673/673/2 676/676/2 674/674/2
f 675/675/2 677/677/2 678/678/2
f 675/675/2 678/678/2 676/676/2
f 677/677/2 679/679/2 680/680/2
f 677/677/2 680/680/2 678/678/2
f 681/681/2 682/682/2 683/683/2
f 681/681/2 683/683/2 684/684/2
f 682/682/2 667/667/2 670/670/2
f 682/682/2 670/670/2 683/683/2
f 685/685/122 686/686/122 687/687/122
f 685/685/122 687/687/122 688/688/122
f 689/689/123 690/690/123 691/691/123
f 689/689/123 691/691/123 692/692/123
f 693/693/124 694/694/124 695/695/124
f 693/693/125 695/695/125 696/696/125
f 697/697/126 698/698/126 699/699/126
f 697/697/126 699/699/126 700/700/126
f 701/701/127 702/702/127 703/703/127
f 701/701/127 703/703/127 704/704/127
f 705/705/128 706/706/128 707/707/128
f 705/705/128 707/707/128 708/708/128
f 709/709/129 710/710/129 711/711/129
f 709/709/129 711/711/129 712/712/129
f 713/713/130 714/714/130 715/715/130
f 713/713/130 715/715/130 716/716/130
f 717/717/131 718/718/131 719/719/131
f 717/717/131 719/719/131 720/720/131
f 721/721/132 722/722/132 723/723/132
f 721/721/132 723/723/132 724/724/132
f 725/725/133 726/726/133 727/727/133
f 725/725/133 727/727/133 728/728/133
f 729/729/134 730/730/134 731/731/134
f 729/729/134 731/731/134 732/732/134
f 733/733/135 734/734/135 735/735/135
f 733/733/135 735/735/135 736/736/135
f 737/737/136 738/738/136 739/739/136
f 737/737/136 739/739/136 740/740/136
f 741/741/137 742/742/137 743/743/137
f 741/741/137 743/743/137 744/744/137
f 745/745/138 746/746/138 747/747/138
f 745/745/138 747/747/138 748/748/138
f 749/749/139 750/750/139 751/751/139
f 749/749/139 751/751/139 752/752/139
f 753/753/2 754/754/2 755/755/2
f 753/753/2 755/755/2 756/756/2
f 756/756/2 757/757/2 758/758/2
f 756/756/2 758/758/2 753/753/2
f 759/759/2 758/758/2 757/757/2
f 759/759/2 757/757/2 760/760/2
f 754/754/2 761/761/2 762/762/2
f 754/754/2 762/762/2 755/755/2
f 763/763/140 764/764/140 765/765/140
f 763/763/140 765/765/140 766/766/140
f 767/767/141 768/768/141 769/769/141
f 767/767/141 769/769/141 770/770/141
f 771/771/142 772/772/142 773/773/142
f 771/771/142 773/773/142 774/774/142
f 775/775/143 776/776/143 777/777/143
f 778/778/144 779/779/144 780/780/144
f 778/778/145 780/780/145 781/781/145
f 782/782/146 783/783/146 784/784/146
f 785/785/147 786/786/147 787/787/147
f 785/785/147 787/787/147 788/788/147
f 789/789/148 790/790/148 791/791/148
f 789/789/148 791/791/148 792/792/148
f 793/793/149 794/794/149 795/795/149
f 793/793/150 795/795/150 796/796/150
f 797/797/151 798/798/151 799/799/151
f 800/800/152 801/801/152 802/802/152
f 800/800/152 802/802/152 803/803/152
f 804/804/153 805/805/153 806/806/153
f 804/804/153 806/806/153 807/807/153
f 808/808/154 809/809/154 810/810/154
f 808/808/155 810/810/155 811/811/155
f 812/812/156 813/813/156 814/814/156
f 812/812/156 814/814/156 815/815/156
f 816/816/157 817/817/157 818/818/157
f 819/819/158 820/820/158 821/821/158
f 819/819/158 821/821/158 822/822/158
f 823/823/149 824/824/149 825/825/149
f 823/823/159 825/825/159 826/826/159
f 827/827/160 828/828/160 829/829/160
f 827/827/160 829/829/160 830/830/160
f 831/831/152 832/832/152 833/833/152
f 831/831/161 833/833/161 834/834/161
f 835/835/162 836/836/162 837/837/162
f 838/838/2 839/839/2 840/840/2
f 838/838/2 840/840/2 841/841/2
f 841/841/2 842/842/2 843/843/2
f 841/841/2 843/843/2 838/838/2
f 844/844/2 843/843/2 842/842/2
f 844/844/2 842/842/2 845/845/2
f 839/839/2 846/846/2 847/847/2
f 839/839/2 847/847/2 840/840/2
f 848/848/145 849/849/145 850/850/145
f 848/848/163 850/850/163 851/851/163
f 852/852/146 853/853/146 854/854/146
f 852/852/146 854/854/146 855/855/146
f 856/856/147 857/857/147 858/858/147
f 859/859/148 860/860/148 861/861/148
f 859/859/164 861/861/164 862/862/164
f 863/863/165 864/864/165 865/865/165
f 863/863/166 865/865/166 866/866/166
f 867/867/167 868/868/167 869/869/167
f 870/870/142 871/871/142 872/872/142
f 870/870/142 872/872/142 873/873/142
f 874/874/168 875/875/168 876/876/168
f 874/874/168 876/876/168 877/877/168
f 878/878/155 879/879/155 880/880/155
f 878/878/169 880/880/169 881/881/169
f 882/882/156 883/883/156 884/884/156
f 882/882/156 884/884/156 885/885/156
f 886/886/157 887/887/157 888/888/157
f 886/886/157 888/888/157 889/889/157
f 890/890/170 891/891/170 892/892/170
f 890/890/171 892/892/171 893/893/171
f 894/894/172 895/895/172 896/896/172
f 894/894/172 896/896/172 897/897/172
f 898/898/173 899/899/173 900/900/173
f 898/898/173 900/900/173 901/901/173
f 902/902/2 903/903/2 904/904/2
f 902/902/2 904/904/2 905/905/2
f 905/905/2 906/906/2 907/907/2
f 908/908/2 904/904/2 903/903/2
f 908/908/2 903/903/2 909/909/2
f 906/906/2 910/910/2 911/911/2
f 906/906/2 911/911/2 907/907/2
f 912/912/5 913/913/5 914/914/5
f 912/912/5 914/914/5 915/915/5
f 916/916/5 912/912/5 915/915/5
f 916/916/5 915/915/5 917/917/5
f 918/918/5 916/916/5 917/917/5
f 918/918/5 917/917/5 919/919/5
f 913/913/5 920/920/5 921/921/5
f 913/913/5 921/921/5 914/914/5
f 922/922/174 923/923/174 924/924/174
f 925/925/175 926/926/175 927/927/175
f 925/925/175 927/927/175 928/928/175
f 929/929/176 930/930/176 931/931/176
f 929/929/176 931/931/176 932/932/176
f 933/933/177 934/934/177 932/932/177
f 933/933/177 932/932/177 931/931/177
f 935/935/178 936/936/178 937/937/178
f 935/935/179 938/938/179 939/939/179
f 935/935/180 939/939/180 940/940/180
f 941/941/2 942/942/2 943/943/2
f 941/941/2 943/943/2 944/944/2
f 944/944/2 945/945/2 946/946/2
f 944/944/2 946/946/2 941/941/2
f 947/947/2 943/943/2 942/942/2
f 947/947/2 942/942/2 948/948/2
f 945/945/2 949/949/2 950/950/2
f 945/945/2 950/950/2 946/946/2
f 951/951/5 952/952/5 953/953/5
f 954/954/5 951/951/5 953/953/5
f 954/954/5 953/953/5 955/955/5
f 956/956/5 954/954/5 955/955/5
f 957/957/5 958/958/5 959/959/5
f 957/957/5 959/959/5 952/952/5
f 960/960/181 961/961/181 962/962/181
f 960/960/182 962/962/182 963/963/182
f 964/964/183 965/965/183 966/966/183
f 964/964/183 966/966/183 967/967/183
f 968/968/184 969/969/184 970/970/184
f 968/968/185 970/970/185 971/971/185
f 972/972/186 971/971/186 970/970/186
f 973/973/187 974/974/187 975/975/187
f 976/976/2 977/977/2 978/978/2
f 979/979/2 980/980/2 981/981/2
f 979/979/2 981/981/2 982/982/2
f 983/983/2 979/979/2 982/982/2
f 983/983/2 982/982/2 984/984/2
f 985/985/2 983/983/2 984/984/2
f 985/985/2 984/984/2 986/986/2
f 987/987/2 985/985/2 986/986/2
f 987/987/2 986/986/2 988/988/2
f 977/977/2 987/987/2 988/988/2
f 977/977/2 988/988/2 978/978/2
f 989/989/2 990/990/2 991/991/2
f 989/989/2 991/991/2 992/992/2
f 993/993/2 991/991/2 990/990/2
f 993/993/2 990/990/2 994/994/2
f 28/28/2 993/993/2 994/994/2
f 28/28/2 994/994/2 29/29/2
f 995/995/2 996/996/2 997/997/2
f 998/998/2 999/999/2 1000/1000/2
f 998/998/2 1000/1000/2 1001/1001/2
f 1002/1002/2 1003/1003/2 999/999/2
f 1002/1002/2 999/999/2 998/998/2
f 1004/1004/2 1005/1005/2 1003/1003/2
f 1004/1004/2 1003/1003/2 1002/1002/2
f 997/997/2 996/996/2 1005/1005/2
f 997/997/2 1005/1005/2 1004/1004/2
f 1006/1006/188 1007/1007/188 1008/1008/188
f 1006/1006/188 1008/1008/188 1009/1009/188
f 1010/1010/2 1011/1011/2 1012/1012/2
f 1010/1010/2 1012/1012/2 1013/1013/2
f 1014/1014/2 1015/1015/2 1013/1013/2
f 1014/1014/2 1013/1013/2 1012/1012/2
f 32/32/2 31/31/2 1015/1015/2
f 32/32/2 1015/1015/2 1014/1014/2
f 1016/1016/2 1017/1017/2 1018/1018/2
f 1019/1019/2 1020/1020/2 1021/1021/2
f 1019/1019/2 1021/1021/2 1022/1022/2
f 1023/1023/2 1019/1019/2 1022/1022/2
f 1024/1024/2 1023/1023/2 1025/1025/2
f 1024/1024/2 1025/1025/2 1026/1026/2
f 1027/1027/2 1024/1024/2 1026/1026/2
f 1027/1027/2 1026/1026/2 1028/1028/2
f 1017/1017/2 1027/1027/2 1028/1028/2
f 1017/1017/2 1028/1028/2 1018/1018/2
f 1029/1029/2 1030/1030/2 1031/1031/2
f 1029/1029/2 1031/1031/2 1032/1032/2
f 1033/1033/2 1031/1031/2 1030/1030/2
f 34/34/2 1033/1033/2 1034/1034/2
f 34/34/2 1034/1034/2 35/35/2
f 1035/1035/2 36/36/2 38/38/2
f 1035/1035/2 38/38/2 1036/1036/2
f 1037/1037/5 41/41/5 44/44/5
f 1037/1037/5 44/44/5 1038/1038/5
f 1036/1036/2 38/38/2 39/39/2
f 1036/1036/2 39/39/2 1039/1039/2
f 1040/1040/5 42/42/5 41/41/5
f 1040/1040/5 41/41/5 1037/1037/5
f 1041/1041/2 46/46/2 48/48/2
f 1041/1041/2 48/48/2 1042/1042/2
f 1043/1043/5 51/51/5 54/54/5
f 1043/1043/5 54/54/5 1044/1044/5
f 1042/1042/2 48/48/2 49/49/2
f 1042/1042/2 49/49/2 1045/1045/2
f 1046/1046/5 52/52/5 51/51/5
f 1046/1046/5 51/51/5 1043/1043/5
f 1047/1047/2 1048/1048/2 57/57/2
f 1047/1047/2 57/57/2 56/56/2
f 1049/1049/5 1050/1050/5 64/64/5
f 1049/1049/5 64/64/5 61/61/5
f 1048/1048/2 1051/1051/2 59/59/2
f 1052/1052/5 1049/1049/5 61/61/5
f 1052/1052/5 61/61/5 63/63/5
f 1053/1053/6 1054/1054/6 1055/1055/6
f 1053/1053/6 1055/1055/6 1056/1056/6
f 1055/1055/6 1054/1054/6 67/67/6
f 1055/1055/6 67/67/6 66/66/6
f 68/68/6 67/67/6 1057/1057/6
f 68/68/6 1057/1057/6 1058/1058/6
f 1059/1059/7 1060/1060/7 1061/1061/7
f 1059/1059/7 1061/1061/7 1062/1062/7
f 1061/1061/7 69/69/7 71/71/7
f 1061/1061/7 71/71/7 1062/1062/7
f 70/70/7 1063/1063/7 1064/1064/7
f 70/70/7 1064/1064/7 71/71/7
f 1065/1065/189 1066/1066/189 1067/1067/189
f 1065/1065/189 1067/1067/189 1068/1068/189
f 1069/1069/190 1070/1070/190 1071/1071/190
f 1069/1069/190 1071/1071/190 1072/1072/190
f 1073/1073/5 1074/1074/5 1075/1075/5
f 1073/1073/5 1075/1075/5 1076/1076/5
f 1077/1077/1 1078/1078/1 1079/1079/1
f 1077/1077/1 1079/1079/1 1080/1080/1
f 1081/1081/71 1082/1082/71 1083/1083/71
f 1081/1081/71 1083/1083/71 1084/1084/71
f 1085/1085/6 1086/1086/6 1087/1087/6
f 1085/1085/6 1087/1087/6 1088/1088/6
f 1089/1089/7 1090/1090/7 1091/1091/7
f 1089/1089/7 1091/1091/7 1092/1092/7
f 1083/1083/71 1082/1082/71 1093/1093/71
f 1083/1083/71 1093/1093/71 1094/1094/71
f 1079/1079/1 1078/1078/1 1095/1095/1
f 1079/1079/1 1095/1095/1 1096/1096/1
f 1097/1097/6 1098/1098/6 1099/1099/6
f 1097/1097/6 1099/1099/6 1100/1100/6
f 1099/1099/6 1098/1098/6 73/73/6
f 1099/1099/6 73/73/6 72/72/6
f 74/74/6 73/73/6 1101/1101/6
f 74/74/6 1101/1101/6 1102/1102/6
f 1103/1103/7 1104/1104/7 1105/1105/7
f 1103/1103/7 1105/1105/7 1106/1106/7
f 1105/1105/7 75/75/7 77/77/7
f 1105/1105/7 77/77/7 1106/1106/7
f 76/76/7 1107/1107/7 1108/1108/7
f 76/76/7 1108/1108/7 77/77/7
f 1109/1109/189 1110/1110/189 1111/1111/189
f 1109/1109/189 1111/1111/189 1112/1112/189
f 1113/1113/190 1114/1114/190 1115/1115/190
f 1113/1113/190 1115/1115/190 1116/1116/190
f 1117/1117/5 1118/1118/5 1119/1119/5
f 1117/1117/5 1119/1119/5 1120/1120/5
f 1121/1121/6 1122/1122/6 1123/1123/6
f 1121/1121/6 1123/1123/6 1124/1124/6
f 1123/1123/6 1122/1122/6 79/79/6
f 1123/1123/6 79/79/6 78/78/6
f 80/80/6 79/79/6 1125/1125/6
f 1126/1126/7 1127/1127/7 1128/1128/7
f 1126/1126/7 1128/1128/7 1129/1129/7
f 1128/1128/7 81/81/7 83/83/7
f 1128/1128/7 83/83/7 1129/1129/7
f 82/82/7 1130/1130/7 83/83/7
f 1131/1131/191 1132/1132/191 1133/1133/191
f 1131/1131/191 1133/1133/191 1134/1134/191
f 1135/1135/192 1136/1136/192 1137/1137/192
f 1135/1135/192 1137/1137/192 1138/1138/192
f 1139/1139/5 1140/1140/5 1141/1141/5
f 1139/1139/5 1141/1141/5 1142/1142/5
f 1143/1143/1 1144/1144/1 1145/1145/1
f 1143/1143/1 1145/1145/1 1146/1146/1
f 1147/1147/71 1148/1148/71 1149/1149/71
f 1147/1147/71 1149/1149/71 1150/1150/71
f 1151/1151/6 1152/1152/6 1153/1153/6
f 1151/1151/6 1153/1153/6 1154/1154/6
f 1155/1155/7 1156/1156/7 1157/1157/7
f 1155/1155/7 1157/1157/7 1158/1158/7
f 1149/1149/71 1148/1148/71 1159/1159/71
f 1149/1149/71 1159/1159/71 1160/1160/71
f 1145/1145/1 1144/1144/1 1161/1161/1
f 1145/1145/1 1161/1161/1 1162/1162/1
f 1163/1163/6 1164/1164/6 1165/1165/6
f 1163/1163/6 1165/1165/6 1166/1166/6
f 1165/1165/6 1164/1164/6 85/85/6
f 1165/1165/6 85/85/6 84/84/6
f 86/86/6 85/85/6 1167/1167/6
f 1168/1168/7 1169/1169/7 1170/1170/7
f 1168/1168/7 1170/1170/7 1171/1171/7
f 1170/1170/7 87/87/7 89/89/7
f 1170/1170/7 89/89/7 1171/1171/7
f 88/88/7 1172/1172/7 89/89/7
f 1173/1173/192 1174/1174/192 1175/1175/192
f 1173/1173/192 1175/1175/192 1176/1176/192
f 1177/1177/5 1178/1178/5 1179/1179/5
f 1177/1177/5 1179/1179/5 1180/1180/5
f 1181/1181/193 1182/1182/193 1183/1183/193
f 1181/1181/193 1183/1183/193 1184/1184/193
f 1182/1182/193 90/90/193 92/92/193
f 1182/1182/193 92/92/193 1183/1183/193
f 95/95/193 1181/1181/193 1184/1184/193
f 95/95/193 1184/1184/193 93/93/193
f 1185/1185/194 1186/1186/194 1187/1187/194
f 1185/1185/194 1187/1187/194 1188/1188/194
f 1186/1186/194 96/96/194 98/98/194
f 1186/1186/194 98/98/194 1187/1187/194
f 101/101/194 1185/1185/194 1188/1188/194
f 101/101/11 1188/1188/11 99/99/11
f 1189/1189/1 1190/1190/1 1191/1191/1
f 1189/1189/1 1191/1191/1 1192/1192/1
f 1193/1193/195 1194/1194/195 1195/1195/195
f 1193/1193/196 1195/1195/196 1196/1196/196
f 1197/1197/197 1198/1198/197 1199/1199/197
f 1197/1197/197 1199/1199/197 1200/1200/197
f 1201/1201/1 1202/1202/1 1203/1203/1
f 1204/1204/198 1205/1205/198 1206/1206/198
f 1204/1204/199 1206/1206/199 1207/1207/199
f 1208/1208/200 1209/1209/200 1210/1210/200
f 1208/1208/200 1210/1210/200 1211/1211/200
f 1212/1212/201 1213/1213/201 1214/1214/201
f 1212/1212/201 1214/1214/201 1215/1215/201
f 1216/1216/202 1217/1217/202 1218/1218/202
f 1216/1216/202 1218/1218/202 1219/1219/202
f 1220/1220/1 1221/1221/1 1222/1222/1
f 1220/1220/1 1222/1222/1 1223/1223/1
f 1224/1224/2 1225/1225/2 1226/1226/2
f 1224/1224/2 1226/1226/2 1227/1227/2
f 1227/1227/2 1226/1226/2 1228/1228/2
f 1227/1227/2 1228/1228/2 1229/1229/2
f 1230/1230/203 1231/1231/203 1232/1232/203
f 1233/1233/204 1234/1234/204 1235/1235/204
f 1236/1236/204 1233/1233/204 1235/1235/204
f 1236/1236/204 1235/1235/204 1237/1237/204
f 1238/1238/203 1239/1239/203 1240/1240/203
f 1238/1238/203 1240/1240/203 1241/1241/203
f 1242/1242/204 1236/1236/204 1237/1237/204
f 1242/1242/204 1237/1237/204 1243/1243/204
f 1244/1244/205 1245/1245/205 1246/1246/205
f 1244/1244/205 1246/1246/205 1247/1247/205
f 1248/1248/206 1249/1249/206 1250/1250/206
f 1245/1245/205 1251/1251/205 1252/1252/205
f 1253/1253/206 1248/1248/206 1250/1250/206
f 1253/1253/206 1250/1250/206 1254/1254/206
f 1255/1255/2 1256/1256/2 1257/1257/2
f 1255/1255/2 1257/1257/2 1258/1258/2
f 1258/1258/2 1257/1257/2 1259/1259/2
f 1258/1258/2 1259/1259/2 1260/1260/2
f 1261/1261/6 1262/1262/6 1263/1263/6
f 1261/1261/6 1263/1263/6 1264/1264/6
f 1265/1265/7 1266/1266/7 1267/1267/7
f 1262/1262/6 1268/1268/6 1269/1269/6
f 1262/1262/6 1269/1269/6 1263/1263/6
f 1270/1270/7 1265/1265/7 1267/1267/7
f 1270/1270/7 1267/1267/7 1271/1271/7
f 1272/1272/2 1273/1273/2 1274/1274/2
f 1272/1272/2 1274/1274/2 1275/1275/2
f 1275/1275/2 1274/1274/2 1276/1276/2
f 1275/1275/2 1276/1276/2 1277/1277/2
f 1278/1278/207 1279/1279/207 1280/1280/207
f 1278/1278/207 1280/1280/207 1281/1281/207
f 1282/1282/208 1283/1283/208 1284/1284/208
f 1282/1282/208 1284/1284/208 1285/1285/208
f 1279/1279/207 1286/1286/207 1287/1287/207
f 1279/1279/207 1287/1287/207 1280/1280/207
f 1288/1288/208 1285/1285/208 1289/1289/208
f 1286/1286/207 1290/1290/207 1291/1291/207
f 1286/1286/207 1291/1291/207 1287/1287/207
f 1292/1292/208 1288/1288/208 1289/1289/208
f 1292/1292/208 1289/1289/208 1293/1293/208
f 1294/1294/2 1295/1295/2 1296/1296/2
f 1294/1294/2 1296/1296/2 1297/1297/2
f 1297/1297/2 1296/1296/2 1298/1298/2
f 1297/1297/2 1298/1298/2 1299/1299/2
f 1300/1300/209 1301/1301/209 1302/1302/209
f 1300/1300/209 1302/1302/209 1303/1303/209
f 1304/1304/209 1300/1300/209 1303/1303/209
f 1304/1304/209 1303/1303/209 1305/1305/209
f 1306/1306/209 1304/1304/209 1305/1305/209
f 1306/1306/209 1305/1305/209 1307/1307/209
f 1306/1306/209 1307/1307/209 1308/1308/209
f 1306/1306/209 1308/1308/209 1309/1309/209
f 1301/1301/209 1310/1310/209 1302/1302/209
f 1311/1311/210 1312/1312/210 1313/1313/210
f 1311/1311/210 1313/1313/210 1314/1314/210
f 1315/1315/211 1316/1316/211 1317/1317/211
f 1318/1318/212 1319/1319/212 1320/1320/212
f 1318/1318/212 1320/1320/212 1321/1321/212
f 1322/1322/213 1323/1323/213 1324/1324/213
f 1322/1322/214 1324/1324/214 1325/1325/214
f 1326/1326/215 1327/1327/215 1328/1328/215
f 1329/1329/216 1330/1330/216 1331/1331/216
f 1329/1329/216 1331/1331/216 1332/1332/216
f 1333/1333/217 1334/1334/217 1335/1335/217
f 1333/1333/217 1335/1335/217 1336/1336/217
f 1337/1337/218 1338/1338/218 1339/1339/218
f 1340/1340/219 1341/1341/219 1342/1342/219
f 1343/1343/220 1344/1344/220 1342/1342/220
f 1343/1343/220 1342/1342/220 1341/1341/220
f 1345/1345/221 1346/1346/221 1347/1347/221
f 1345/1345/221 1348/1348/221 1349/1349/221
f 1345/1345/221 1349/1349/221 1350/1350/221
f 1351/1351/222 1352/1352/222 1353/1353/222
f 1351/1351/222 1353/1353/222 1354/1354/222
f 1355/1355/223 1356/1356/223 1357/1357/223
f 1355/1355/224 1357/1357/224 1358/1358/224
f 1359/1359/225 1360/1360/225 1361/1361/225
f 1359/1359/226 1361/1361/226 1362/1362/226
f 1363/1363/227 1364/1364/227 1365/1365/227
f 1363/1363/228 1365/1365/228 1366/1366/228
f 1367/1367/229 1368/1368/229 1369/1369/229
f 1367/1367/230 1369/1369/230 1370/1370/230
f 1371/1371/231 1372/1372/231 1373/1373/231
f 1371/1371/232 1373/1373/232 1374/1374/232
f 1375/1375/233 1376/1376/233 1377/1377/233
f 1378/1378/234 1379/1379/234 1380/1380/234
f 1378/1378/234 1380/1380/234 1381/1381/234
f 1382/1382/235 1383/1383/235 1384/1384/235
f 1382/1382/236 1384/1384/236 1385/1385/236
f 1386/1386/237 1387/1387/237 1388/1388/237
f 1386/1386/237 1388/1388/237 1389/1389/237
f 1390/1390/238 1391/1391/238 1392/1392/238
f 1390/1390/239 1392/1392/239 1393/1393/239
f 1394/1394/240 1395/1395/240 1396/1396/240
f 1394/1394/241 1396/1396/241 1397/1397/241
f 1398/1398/242 1399/1399/242 1400/1400/242
f 1398/1398/243 1400/1400/243 1401/1401/243
f 1402/1402/242 1398/1398/242 1401/1401/242
f 1402/1402/242 1401/1401/242 1403/1403/242
f 1404/1404/242 1402/1402/242 1403/1403/242
f 1404/1404/242 1403/1403/242 1405/1405/242
f 1399/1399/242 1406/1406/242 1407/1407/242
f 1408/1408/244 1409/1409/244 1410/1410/244
f 1408/1408/245 1410/1410/245 1411/1411/245
f 1412/1412/246 1413/1413/246 1414/1414/246
f 1412/1412/247 1414/1414/247 1415/1415/247
f 1416/1416/248 1417/1417/248 1418/1418/248
f 1416/1416/249 1418/1418/249 1419/1419/249
f 1420/1420/250 1421/1421/250 1419/1419/250
f 1420/1420/251 1419/1419/251 1418/1418/251
f 1422/1422/252 1423/1423/252 1424/1424/252
f 1422/1422/252 1424/1424/252 1425/1425/252
f 1422/1422/253 1425/1425/253 1426/1426/253
f 1427/1427/254 1428/1428/254 1429/1429/254
f 1427/1427/254 1429/1429/254 1430/1430/254
f 1431/1431/255 1432/1432/255 1428/1428/255
f 1431/1431/254 1428/1428/254 1427/1427/254
f 1433/1433/254 1432/1432/254 1431/1431/254
f 1430/1430/256 1429/1429/256 1434/1434/256
f 1430/1430/254 1434/1434/254 1435/1435/254
f 1436/1436/257 1437/1437/257 1438/1438/257
f 1436/1436/258 1438/1438/258 1439/1439/258
f 1440/1440/259 1441/1441/259 1442/1442/259
f 1440/1440/260 1442/1442/260 1443/1443/260
f 1444/1444/261 1445/1445/261 1446/1446/261
f 1444/1444/262 1446/1446/262 1447/1447/262
f 1448/1448/263 1446/1446/263 1445/1445/263
f 1448/1448/262 1445/1445/262 1449/1449/262
f 1450/1450/264 1451/1451/264 1452/1452/264
f 1450/1450/265 1453/1453/265 1454/1454/265
f 1450/1450/266 1454/1454/266 1455/1455/266
f 1456/1456/267 1457/1457/267 1458/1458/267
f 1459/1459/267 1460/1460/267 1461/1461/267
f 1459/1459/268 1461/1461/268 1457/1457/268
f 1462/1462/269 1463/1463/269 1464/1464/269
f 1462/1462/269 1464/1464/269 1465/1465/269
f 1465/1465/269 1464/1464/269 1466/1466/269
f 1465/1465/269 1466/1466/269 1467/1467/269
f 1467/1467/269 1466/1466/269 1468/1468/270
f 1469/1469/271 1470/1470/271 1471/1471/271
f 1470/1470/271 1472/1472/271 1473/1473/271
f 1470/1470/271 1473/1473/271 1471/1471/271
f 1474/1474/272 1475/1475/272 1476/1476/272
f 1476/1476/273 1477/1477/273 1478/1478/273
f 1478/1478/272 1477/1477/272 1479/1479/274
f 1480/1480/13 1481/1481/13 1482/1482/13
f 1480/1480/275 1482/1482/275 1483/1483/275
f 1481/1481/276 105/105/276 107/107/276
f 1481/1481/13 107/107/13 1482/1482/13
f 1484/1484/277 1485/1485/277 1486/1486/277
f 1484/1484/277 1486/1486/277 1487/1487/277
f 1487/1487/278 1486/1486/278 1488/1488/278
f 1487/1487/279 1488/1488/279 1489/1489/279
f 1490/1490/280 1491/1491/280 1492/1492/280
f 1490/1490/281 1492/1492/281 1493/1493/281
f 1491/1491/282 108/108/282 110/110/282
f 1491/1491/283 110/110/283 1492/1492/283
f 1494/1494/284 1495/1495/284 1496/1496/284
f 1494/1494/285 1496/1496/285 1497/1497/285
f 1497/1497/284 1496/1496/284 112/112/284
f 1497/1497/286 112/112/286 111/111/286
f 1498/1498/2 1499/1499/2 1500/1500/2
f 1498/1498/2 1500/1500/2 1501/1501/2
s 1
f 1502/1502/287 1503/1503/288 1504/1504/289
f 1505/1505/290 1506/1506/291 1507/1507/292
f 1508/1508/293 1509/1509/294 1510/1510/295
f 1511/1511/296 1512/1512/297 1513/1513/298
f 1514/1514/299 1515/1515/300 1516/1516/301
f 1517/1517/302 1518/1518/303 1519/1519/302
f 1520/1520/304 1521/1521/305 1522/1522/306
f 1523/1523/307 1524/1524/308 1525/1525/309
f 1526/1526/310 1527/1527/311 1528/1528/312
f 1529/1529/313 1527/1527/311 1526/1526/310
f 1530/1530/314 1531/1531/315 1532/1532/316
f 1533/1533/317 1534/1534/318 1535/1535/319
f 1536/1536/320 1533/1533/317 1535/1535/319
f 1537/1537/321 1538/1538/322 1539/1539/323
f 352/352/2 351/351/2 368/368/2
f 1540/1540/324 1541/1541/325 1542/1542/326
f 1543/1543/327 1544/1544/328 1545/1545/329
f 1546/1546/330 1547/1547/331 1548/1548/332
f 1549/1549/333 1550/1550/334 1551/1551/335
f 1552/1552/336 1553/1553/337 1554/1554/338
f 1555/1555/339 1556/1556/340 1557/1557/341
f 1558/1558/342 1559/1559/343 1560/1560/344
f 1561/1561/345 1562/1562/346 1563/1563/347
f 1564/1564/348 1565/1565/349 1566/1566/350
f 1567/1567/351 1568/1568/352 1569/1569/353
f 1570/1570/354 1571/1571/355 1572/1572/356
f 1573/1573/357 1574/1574/358 1575/1575/359
f 1576/1576/360 1577/1577/361 1578/1578/362
f 1579/1579/363 1580/1580/364 1581/1581/365
f 1580/1580/364 1582/1582/366 1581/1581/365
f 1582/1582/366 1583/1583/367 1581/1581/365
f 1583/1583/367 1584/1584/368 1581/1581/365
f 1584/1584/368 1585/1585/369 1581/1581/365
f 1585/1585/369 1586/1586/370 1581/1581/365
f 1586/1586/370 1587/1587/371 1581/1581/365
f 1587/1587/371 1588/1588/372 1581/1581/365
f 1588/1588/372 1589/1589/373 1581/1581/365
f 1589/1589/373 1590/1590/374 1581/1581/365
f 1590/1590/374 1591/1591/375 1581/1581/365
f 1591/1591/375 1592/1592/376 1581/1581/365
f 1592/1592/376 1579/1579/363 1581/1581/365
f 1593/1593/377 1594/1594/378 1595/1595/379
f 1594/1594/378 1596/1596/380 1595/1595/379
f 1596/1596/380 1597/1597/381 1595/1595/379
f 1597/1597/381 1598/1598/382 1595/1595/379
f 1598/1598/382 1599/1599/383 1595/1595/379
f 1600/1600/384 1601/1601/385 1595/1595/379
f 1601/1601/385 1602/1602/386 1595/1595/379
f 1602/1602/386 1603/1603/387 1595/1595/379
f 1603/1603/387 1604/1604/388 1595/1595/379
f 1604/1604/388 1605/1605/389 1595/1595/379
f 1605/1605/389 1606/1606/390 1595/1595/379
f 1606/1606/390 1593/1593/377 1595/1595/379
f 1607/1607/391 1608/1608/392 1609/1609/393
f 1609/1609/393 1608/1608/392 1610/1610/394
f 1611/1611/395 1612/1612/396 1613/1613/397
f 1613/1613/397 1612/1612/396 1614/1614/398
f 1615/1615/399 1609/1609/393 1610/1610/394
f 1611/1611/395 1613/1613/397 1616/1616/400
f 1617/1617/401 1618/1618/402 1619/1619/403
f 1619/1619/403 1618/1618/402 1620/1620/404
f 1620/1620/404 1618/1618/402 1621/1621/405
f 1622/1622/406 1623/1623/407 1624/1624/408
f 1622/1622/406 1625/1625/409 1623/1623/407
f 1623/1623/407 1625/1625/409 1626/1626/410
f 1627/1627/411 1628/1628/412 1629/1629/413
f 1629/1629/413 1628/1628/412 1630/1630/414
f 1631/1631/415 1632/1632/416 1633/1633/417
f 1633/1633/417 1632/1632/416 1634/1634/418
f 1635/1635/419 1629/1629/413 1630/1630/414
f 1631/1631/415 1633/1633/417 1636/1636/420
f 1637/1637/421 1638/1638/422 1639/1639/423
f 1640/1640/424 1637/1637/421 1639/1639/423
f 1641/1641/425 1640/1640/424 1639/1639/423
f 1642/1642/426 1641/1641/425 1639/1639/423
f 1643/1643/427 1642/1642/426 1639/1639/423
f 1638/1638/422 1643/1643/427 1639/1639/423
f 1644/1644/428 1645/1645/429 1646/1646/430
f 1645/1645/429 1647/1647/431 1646/1646/430
f 1647/1647/431 1648/1648/432 1646/1646/430
f 1648/1648/432 1649/1649/433 1646/1646/430
f 1649/1649/433 1650/1650/434 1646/1646/430
f 1650/1650/434 1644/1644/428 1646/1646/430
f 1651/1651/435 1652/1652/436 1653/1653/437
f 1654/1654/438 1651/1651/435 1653/1653/437
f 1655/1655/439 1654/1654/438 1653/1653/437
f 1656/1656/440 1655/1655/439 1653/1653/437
f 1657/1657/441 1656/1656/440 1653/1653/437
f 1652/1652/436 1657/1657/441 1653/1653/437
f 1658/1658/442 1659/1659/443 1660/1660/444
f 1659/1659/443 1661/1661/445 1660/1660/444
f 1661/1661/445 1662/1662/446 1660/1660/444
f 1662/1662/446 1663/1663/447 1660/1660/444
f 1663/1663/447 1664/1664/448 1660/1660/444
f 1664/1664/448 1658/1658/442 1660/1660/444
f 1665/1665/449 1666/1666/450 1667/1667/451
f 1668/1668/452 1669/1669/453 1670/1670/454
f 1671/1671/455 1672/1672/456 1673/1673/457
f 1674/1674/458 1675/1675/459 1676/1676/2
f 1675/1675/459 1677/1677/460 1676/1676/2
f 1677/1677/460 1678/1678/461 1676/1676/2
f 1678/1678/461 1679/1679/462 1676/1676/2
f 1679/1679/462 1680/1680/463 1676/1676/2
f 1680/1680/463 1681/1681/464 1676/1676/2
f 1681/1681/464 1682/1682/465 1676/1676/2
f 1682/1682/465 1683/1683/466 1676/1676/2
f 1683/1683/466 1684/1684/467 1676/1676/2
f 1684/1684/467 1674/1674/458 1676/1676/2
f 1685/1685/468 1686/1686/469 1687/1687/2
f 1686/1686/469 1688/1688/470 1687/1687/2
f 1688/1688/470 1689/1689/471 1687/1687/2
f 1689/1689/471 1690/1690/472 1687/1687/2
f 1690/1690/472 1691/1691/473 1687/1687/2
f 1691/1691/473 1692/1692/474 1687/1687/2
f 1692/1692/474 1693/1693/475 1687/1687/2
f 1693/1693/475 1694/1694/476 1687/1687/2
f 1694/1694/476 1695/1695/477 1687/1687/2
f 1695/1695/477 1685/1685/468 1687/1687/2
f 1696/1696/478 1697/1697/479 1698/1698/480
f 1697/1697/479 1699/1699/481 1698/1698/480
f 1699/1699/481 1700/1700/482 1698/1698/480
f 1700/1700/482 1701/1701/483 1698/1698/480
f 1701/1701/483 1702/1702/484 1698/1698/480
f 1702/1702/484 1703/1703/485 1698/1698/480
f 1703/1703/485 1704/1704/486 1698/1698/480
f 1704/1704/486 1705/1705/487 1698/1698/480
f 1705/1705/487 1706/1706/488 1698/1698/480
f 1706/1706/488 1696/1696/478 1698/1698/480
f 1707/1707/489 1708/1708/489 1709/1709/489
f 1710/1710/490 1711/1711/491 1712/1712/492
f 1713/1713/493 1468/1468/494 1714/1714/495
f 1715/1715/496 1716/1716/497 1717/1717/498
f 1718/1718/499 1479/1479/500 1719/1719/501
f 1489/1489/278 1488/1488/278 1720/1720/278
f 1721/1721/502 1722/1722/502 1723/1723/502
f 1721/1721/502 1723/1723/502 1724/1724/502
f 130/130/1 132/132/1 133/133/1
f 1725/1725/2 1726/1726/2 1727/1727/2
f 1725/1725/2 1727/1727/2 1728/1728/2
f 129/129/1 138/138/1 1729/1729/1
f 1730/1730/503 1731/1731/504 1732/1732/505
f 1730/1730/503 1732/1732/505 1733/1733/506
f 1734/1734/507 1735/1735/507 1736/1736/508
f 1734/1734/507 1736/1736/508 1737/1737/509
f 1738/1738/510 1739/1739/510 1740/1740/511
f 1738/1738/510 1740/1740/511 1741/1741/512
f 1737/1737/509 1736/1736/508 1742/1742/513
f 1737/1737/509 1742/1742/513 1743/1743/514
f 1740/1740/511 1744/1744/515 1745/1745/516
f 1740/1740/511 1745/1745/516 1741/1741/512
f 1732/1732/505 1746/1746/517 1747/1747/518
f 1732/1732/505 1747/1747/518 1733/1733/506
f 1748/1748/519 1749/1749/520 1750/1750/521
f 1748/1748/519 1750/1750/521 1751/1751/522
f 1752/1752/523 1753/1753/524 1754/1754/525
f 1752/1752/523 1754/1754/525 1755/1755/526
f 1756/1756/527 1757/1757/528 1758/1758/529
f 1756/1756/527 1758/1758/529 1759/1759/530
f 1743/1743/514 1742/1742/513 1749/1749/520
f 1743/1743/514 1749/1749/520 1748/1748/519
f 1744/1744/515 1752/1752/523 1755/1755/526
f 1744/1744/515 1755/1755/526 1745/1745/516
f 1746/1746/517 1756/1756/527 1759/1759/530
f 1746/1746/517 1759/1759/530 1747/1747/518
f 1760/1760/531 1761/1761/532 1762/1762/533
f 1760/1760/531 1762/1762/533 1763/1763/531
f 1764/1764/534 1765/1765/534 1766/1766/535
f 1764/1764/534 1766/1766/535 1767/1767/536
f 1761/1761/532 1768/1768/537 1769/1769/538
f 1761/1761/532 1769/1769/538 1762/1762/533
f 1767/1767/536 1766/1766/535 1770/1770/539
f 1767/1767/536 1770/1770/539 1771/1771/540
f 1768/1768/537 1772/1772/541 1773/1773/542
f 1768/1768/537 1773/1773/542 1769/1769/538
f 1771/1771/540 1770/1770/539 1774/1774/543
f 1771/1771/540 1774/1774/543 1775/1775/544
f 1772/1772/541 1776/1776/545 1777/1777/545
f 1772/1772/541 1777/1777/545 1773/1773/542
f 1775/1775/544 1774/1774/543 1778/1778/546
f 1775/1775/544 1778/1778/546 1779/1779/546
f 150/150/6 149/149/6 151/151/6
f 1780/1780/547 1781/1781/548 1782/1782/549
f 1780/1780/547 1782/1782/549 1783/1783/550
f 1784/1784/551 1785/1785/552 1786/1786/551
f 1784/1784/551 1786/1786/551 1787/1787/553
f 1788/1788/554 1789/1789/555 1790/1790/554
f 1788/1788/554 1790/1790/554 1791/1791/556
f 1792/1792/557 1793/1793/558 1794/1794/557
f 1792/1792/557 1794/1794/557 1795/1795/559
f 161/161/21 1796/1796/21 162/162/21
f 1797/1797/560 1798/1798/561 1799/1799/562
f 1797/1797/560 1799/1799/562 1800/1800/563
f 1801/1801/564 1802/1802/565 1803/1803/566
f 1801/1801/564 1803/1803/566 1804/1804/567
f 1800/1800/563 1799/1799/562 1805/1805/568
f 1800/1800/563 1805/1805/568 1806/1806/569
f 1806/1806/569 1805/1805/568 1802/1802/565
f 1806/1806/569 1802/1802/565 1801/1801/564
f 1807/1807/570 1504/1504/289 1503/1503/288
f 1807/1807/570 1503/1503/288 1808/1808/571
f 1506/1506/291 1807/1807/570 1808/1808/571
f 1506/1506/291 1808/1808/571 1507/1507/292
f 1798/1798/561 1797/1797/560 1809/1809/572
f 1798/1798/561 1809/1809/572 1810/1810/573
f 1804/1804/567 1803/1803/566 1811/1811/574
f 1804/1804/567 1811/1811/574 1812/1812/575
f 1502/1502/287 1798/1798/561 1810/1810/573
f 1799/1799/562 1798/1798/561 1502/1502/287
f 1799/1799/562 1502/1502/287 1504/1504/289
f 1805/1805/568 1799/1799/562 1504/1504/289
f 1805/1805/568 1504/1504/289 1807/1807/570
f 1802/1802/565 1805/1805/568 1807/1807/570
f 1802/1802/565 1807/1807/570 1506/1506/291
f 1803/1803/566 1802/1802/565 1506/1506/291
f 1803/1803/566 1506/1506/291 1505/1505/290
f 1811/1811/574 1803/1803/566 1505/1505/290
f 1811/1811/574 1505/1505/290 1813/1813/576
f 1814/1814/577 1815/1815/578 1816/1816/579
f 1814/1814/577 1816/1816/579 1817/1817/580
f 1818/1818/581 1819/1819/582 1820/1820/583
f 1818/1818/581 1820/1820/583 1821/1821/584
f 1815/1815/578 1822/1822/585 1823/1823/586
f 1815/1815/578 1823/1823/586 1816/1816/579
f 1822/1822/585 1818/1818/581 1821/1821/584
f 1822/1822/585 1821/1821/584 1823/1823/586
f 1824/1824/587 1825/1825/588 1510/1510/295
f 1824/1824/587 1510/1510/295 1509/1509/294
f 1513/1513/298 1512/1512/297 1825/1825/588
f 1513/1513/298 1825/1825/588 1824/1824/587
f 1817/1817/580 1826/1826/589 1827/1827/590
f 1817/1817/580 1827/1827/590 1814/1814/577
f 1819/1819/582 1828/1828/591 1829/1829/592
f 1819/1819/582 1829/1829/592 1820/1820/583
f 1508/1508/293 1826/1826/589 1817/1817/580
f 1816/1816/579 1509/1509/294 1508/1508/293
f 1816/1816/579 1508/1508/293 1817/1817/580
f 1823/1823/586 1824/1824/587 1509/1509/294
f 1823/1823/586 1509/1509/294 1816/1816/579
f 1821/1821/584 1513/1513/298 1824/1824/587
f 1821/1821/584 1824/1824/587 1823/1823/586
f 1820/1820/583 1511/1511/296 1513/1513/298
f 1820/1820/583 1513/1513/298 1821/1821/584
f 1829/1829/592 1830/1830/593 1511/1511/296
f 1829/1829/592 1511/1511/296 1820/1820/583
f 1831/1831/594 1832/1832/595 1833/1833/595
f 1831/1831/594 1833/1833/595 1834/1834/596
f 1515/1515/300 1835/1835/597 1836/1836/598
f 1515/1515/300 1836/1836/598 1516/1516/301
f 1835/1835/597 1831/1831/594 1834/1834/596
f 1835/1835/597 1834/1834/596 1836/1836/598
f 1837/1837/302 1517/1517/302 1519/1519/302
f 1837/1837/302 1519/1519/302 1838/1838/302
f 180/180/27 182/182/27 1839/1839/27
f 183/183/28 185/185/28 1840/1840/28
f 1841/1841/599 1842/1842/600 1843/1843/601
f 1841/1841/599 1843/1843/601 1844/1844/602
f 1845/1845/603 1846/1846/604 1847/1847/605
f 1845/1845/603 1847/1847/605 1848/1848/606
f 1849/1849/607 1850/1850/608 1851/1851/609
f 1849/1849/607 1851/1851/609 1852/1852/610
f 1853/1853/611 1854/1854/612 1855/1855/613
f 1853/1853/611 1855/1855/613 1856/1856/614
f 1857/1857/615 1858/1858/616 1859/1859/617
f 1857/1857/615 1859/1859/617 1860/1860/618
f 1861/1861/619 1862/1862/620 1863/1863/621
f 1861/1861/619 1863/1863/621 1864/1864/622
f 1865/1865/623 1866/1866/624 1867/1867/625
f 1865/1865/623 1867/1867/625 1868/1868/626
f 1869/1869/627 1870/1870/628 1871/1871/629
f 1869/1869/627 1871/1871/629 1872/1872/630
f 1873/1873/631 1874/1874/632 1875/1875/633
f 1873/1873/631 1875/1875/633 1876/1876/634
f 1877/1877/635 1878/1878/636 1879/1879/637
f 1877/1877/635 1879/1879/637 1880/1880/638
f 1881/1881/639 1882/1882/640 1883/1883/641
f 1881/1881/639 1883/1883/641 1884/1884/642
f 1885/1885/643 1886/1886/644 1887/1887/645
f 1885/1885/643 1887/1887/645 1888/1888/646
f 1889/1889/647 1890/1890/648 1891/1891/649
f 1889/1889/647 1891/1891/649 1892/1892/650
f 1893/1893/651 1894/1894/652 1895/1895/653
f 1893/1893/651 1895/1895/653 1896/1896/653
f 1897/1897/654 1898/1898/655 1899/1899/656
f 1897/1897/654 1899/1899/656 1900/1900/656
f 1901/1901/657 1902/1902/658 1903/1903/659
f 1901/1901/657 1903/1903/659 1904/1904/660
f 1905/1905/661 1906/1906/662 1907/1907/663
f 1905/1905/661 1907/1907/663 1908/1908/663
f 1909/1909/664 1910/1910/665 1911/1911/666
f 1909/1909/664 1911/1911/666 1912/1912/666
f 1913/1913/667 1914/1914/668 1915/1915/669
f 1913/1913/667 1915/1915/669 1916/1916/670
f 1917/1917/671 1918/1918/672 1919/1919/673
f 1917/1917/671 1919/1919/673 1920/1920/674
f 1921/1921/675 1922/1922/676 1923/1923/677
f 1921/1921/675 1923/1923/677 1924/1924/677
f 1925/1925/678 1926/1926/679 1927/1927/680
f 1925/1925/678 1927/1927/680 1928/1928/681
f 1929/1929/682 1930/1930/683 1931/1931/684
f 1929/1929/682 1931/1931/684 1932/1932/684
f 1933/1933/685 1934/1934/686 1935/1935/687
f 1933/1933/685 1935/1935/687 1936/1936/687
f 1937/1937/688 1938/1938/689 1939/1939/690
f 1937/1937/688 1939/1939/690 1940/1940/691
f 1941/1941/692 1942/1942/693 1943/1943/694
f 1941/1941/692 1943/1943/694 1944/1944/695
f 1945/1945/696 1946/1946/697 1947/1947/698
f 1945/1945/696 1947/1947/698 1948/1948/699
f 1949/1949/700 1950/1950/701 1951/1951/702
f 1949/1949/700 1951/1951/702 1952/1952/703
f 1953/1953/704 1954/1954/705 1955/1955/706
f 1953/1953/704 1955/1955/706 1956/1956/707
f 1957/1957/708 1958/1958/709 1959/1959/710
f 1957/1957/708 1959/1959/710 1960/1960/711
f 208/208/35 219/219/35 216/216/35
f 222/222/40 1961/1961/40 223/223/40
f 226/226/35 232/232/35 227/227/35
f 1962/1962/712 1963/1963/713 1870/1870/628
f 1962/1962/712 1870/1870/628 1869/1869/627
f 1964/1964/714 1965/1965/715 1874/1874/632
f 1964/1964/714 1874/1874/632 1873/1873/631
f 1966/1966/716 1967/1967/717 1878/1878/636
f 1966/1966/716 1878/1878/636 1877/1877/635
f 1968/1968/718 1969/1969/719 1882/1882/640
f 1968/1968/718 1882/1882/640 1881/1881/639
f 1970/1970/720 1971/1971/721 1886/1886/644
f 1970/1970/720 1886/1886/644 1885/1885/643
f 1972/1972/722 1866/1866/624 1865/1865/623
f 1972/1972/722 1865/1865/623 1973/1973/723
f 1974/1974/724 1846/1846/604 1845/1845/603
f 1974/1974/724 1845/1845/603 1975/1975/725
f 1976/1976/726 1850/1850/608 1849/1849/607
f 1976/1976/726 1849/1849/607 1977/1977/727
f 1978/1978/728 1854/1854/612 1853/1853/611
f 1978/1978/728 1853/1853/611 1979/1979/729
f 1980/1980/730 1858/1858/616 1857/1857/615
f 1980/1980/730 1857/1857/615 1981/1981/731
f 1982/1982/732 1983/1983/733 1862/1862/620
f 1982/1982/732 1862/1862/620 1861/1861/619
f 1984/1984/734 1842/1842/600 1841/1841/599
f 1984/1984/734 1841/1841/599 1985/1985/735
f 239/239/45 1986/1986/45 240/240/45
f 254/254/736 1987/1987/736 255/255/736
f 257/257/737 259/259/737 1988/1988/737
f 1989/1989/738 1990/1990/739 1991/1991/740
f 1989/1989/738 1991/1991/740 1992/1992/741
f 1993/1993/742 1994/1994/743 1995/1995/744
f 1993/1993/742 1995/1995/744 1996/1996/745
f 1992/1992/741 1991/1991/740 1997/1997/746
f 1992/1992/741 1997/1997/746 1998/1998/747
f 1994/1994/743 1999/1999/748 2000/2000/749
f 1994/1994/743 2000/2000/749 1995/1995/744
f 2001/2001/747 2002/2002/746 2003/2003/750
f 2001/2001/747 2003/2003/750 2004/2004/751
f 2005/2005/748 2006/2006/752 2007/2007/753
f 2005/2005/748 2007/2007/753 2008/2008/749
f 2004/2004/751 2003/2003/750 2009/2009/754
f 2004/2004/751 2009/2009/754 2010/2010/755
f 2006/2006/752 2011/2011/756 2012/2012/757
f 2006/2006/752 2012/2012/757 2007/2007/753
f 2010/2010/755 2009/2009/754 2013/2013/758
f 2010/2010/755 2013/2013/758 2014/2014/759
f 2011/2011/756 2015/2015/760 2016/2016/761
f 2011/2011/756 2016/2016/761 2012/2012/757
f 2014/2014/759 2013/2013/758 1990/1990/739
f 2014/2014/759 1990/1990/739 1989/1989/738
f 2015/2015/760 1993/1993/742 1996/1996/745
f 2015/2015/760 1996/1996/745 2016/2016/761
f 2017/2017/762 2018/2018/763 1894/1894/652
f 2017/2017/762 1894/1894/652 1893/1893/651
f 2019/2019/764 2020/2020/765 1898/1898/655
f 2019/2019/764 1898/1898/655 1897/1897/654
f 2021/2021/766 2022/2022/767 1902/1902/658
f 2021/2021/766 1902/1902/658 1901/1901/657
f 2023/2023/768 2024/2024/769 1906/1906/662
f 2023/2023/768 1906/1906/662 1905/1905/661
f 2025/2025/770 2026/2026/771 1910/1910/665
f 2025/2025/770 1910/1910/665 1909/1909/664
f 2027/2027/772 2028/2028/773 1890/1890/648
f 2027/2027/772 1890/1890/648 1889/1889/647
f 2029/2029/774 2030/2030/775 1913/1913/667
f 2029/2029/774 1913/1913/667 1916/1916/670
f 2031/2031/776 2032/2032/777 1918/1918/672
f 2031/2031/776 1918/1918/672 1917/1917/671
f 2033/2033/778 2034/2034/779 1922/1922/676
f 2033/2033/778 1922/1922/676 1921/1921/675
f 2035/2035/780 2036/2036/781 1926/1926/679
f 2035/2035/780 1926/1926/679 1925/1925/678
f 2037/2037/782 2038/2038/783 1930/1930/683
f 2037/2037/782 1930/1930/683 1929/1929/682
f 2039/2039/784 2040/2040/785 1934/1934/686
f 2039/2039/784 1934/1934/686 1933/1933/685
f 1940/1940/691 1939/1939/690 2018/2018/763
f 1940/1940/691 2018/2018/763 2017/2017/762
f 1944/1944/695 1943/1943/694 2020/2020/765
f 1944/1944/695 2020/2020/765 2019/2019/764
f 1948/1948/699 1947/1947/698 2022/2022/767
f 1948/1948/699 2022/2022/767 2021/2021/766
f 1952/1952/703 1951/1951/702 2024/2024/769
f 1952/1952/703 2024/2024/769 2023/2023/768
f 1956/1956/707 1955/1955/706 2026/2026/771
f 1956/1956/707 2026/2026/771 2025/2025/770
f 1959/1959/710 1958/1958/709 2028/2028/773
f 1959/1959/710 2028/2028/773 2027/2027/772
f 263/263/51 2041/2041/51 2042/2042/51
f 263/263/51 2042/2042/51 260/260/51
f 2043/2043/786 1524/1524/308 1523/1523/307
f 2043/2043/786 1523/1523/307 2044/2044/787
f 2045/2045/788 2046/2046/789 2047/2047/790
f 2045/2045/788 2047/2047/790 2048/2048/791
f 2049/2049/792 1520/1520/304 1522/1522/306
f 2049/2049/792 1522/1522/306 2050/2050/793
f 2047/2047/790 2046/2046/789 2051/2051/794
f 2047/2047/790 2051/2051/794 2052/2052/795
f 1521/1521/305 2053/2053/71 2054/2054/796
f 1521/1521/305 2054/2054/796 1522/1522/306
f 1525/1525/309 1524/1524/308 2055/2055/797
f 1525/1525/309 2055/2055/797 2056/2056/798
f 2052/2052/795 2051/2051/794 2057/2057/799
f 2052/2052/795 2057/2057/799 2058/2058/800
f 264/264/52 266/266/52 2059/2059/52
f 2060/2060/801 2061/2061/802 2062/2062/803
f 2060/2060/801 2062/2062/803 2063/2063/804
f 2064/2064/805 2065/2065/806 2066/2066/807
f 2064/2064/805 2066/2066/807 2067/2067/805
f 2068/2068/808 2069/2069/809 2070/2070/809
f 2068/2068/808 2070/2070/809 2071/2071/810
f 2072/2072/811 2068/2068/808 2071/2071/810
f 2072/2072/811 2071/2071/810 2073/2073/811
f 2066/2066/807 2065/2065/806 2074/2074/812
f 2066/2066/807 2074/2074/812 2075/2075/812
f 2063/2063/804 2062/2062/803 2076/2076/813
f 2063/2063/804 2076/2076/813 2077/2077/814
f 2078/2078/815 2079/2079/816 2080/2080/817
f 2078/2078/815 2080/2080/817 2081/2081/818
f 275/275/819 2082/2082/820 276/276/819
f 2083/2083/821 2084/2084/822 2085/2085/822
f 2083/2083/821 2085/2085/822 2086/2086/821
f 2087/2087/823 2088/2088/824 2089/2089/824
f 2087/2087/823 2089/2089/824 2090/2090/825
f 2081/2081/818 2080/2080/817 2091/2091/826
f 2081/2081/818 2091/2091/826 2092/2092/827
f 2093/2093/828 2087/2087/823 2090/2090/825
f 2093/2093/828 2090/2090/825 2094/2094/828
f 2085/2085/822 2084/2084/822 2095/2095/829
f 2085/2085/822 2095/2095/829 2096/2096/829
f 2097/2097/830 2098/2098/831 2099/2099/832
f 2097/2097/830 2099/2099/832 2100/2100/833
f 2101/2101/834 2102/2102/834 2103/2103/835
f 2101/2101/834 2103/2103/835 2104/2104/836
f 2105/2105/837 2106/2106/837 2107/2107/838
f 2105/2105/837 2107/2107/838 2108/2108/839
f 2100/2100/833 2099/2099/832 2109/2109/840
f 2100/2100/833 2109/2109/840 2110/2110/840
f 2108/2108/839 2107/2107/838 2111/2111/841
f 2108/2108/839 2111/2111/841 2112/2112/841
f 2104/2104/836 2103/2103/835 2113/2113/842
f 2104/2104/836 2113/2113/842 2114/2114/842
f 278/278/1 280/280/1 2115/2115/1
f 2116/2116/843 2117/2117/843 2118/2118/843
f 2116/2116/843 2118/2118/843 2119/2119/843
f 309/309/64 2120/2120/64 310/310/64
f 2121/2121/844 2122/2122/845 2123/2123/846
f 2121/2121/844 2123/2123/846 2124/2124/847
f 2125/2125/848 2126/2126/848 2127/2127/849
f 2125/2125/848 2127/2127/849 2128/2128/850
f 2124/2124/847 2123/2123/846 2129/2129/851
f 2124/2124/847 2129/2129/851 2130/2130/851
f 2128/2128/850 2127/2127/849 2131/2131/852
f 2128/2128/850 2131/2131/852 2132/2132/852
f 2133/2133/853 2134/2134/854 2135/2135/854
f 2133/2133/853 2135/2135/854 2136/2136/855
f 2136/2136/855 2137/2137/856 2138/2138/856
f 2136/2136/855 2138/2138/856 2133/2133/853
f 2139/2139/857 2140/2140/858 2141/2141/859
f 2139/2139/857 2141/2141/859 2142/2142/860
f 2143/2143/861 2144/2144/862 2145/2145/863
f 2143/2143/861 2145/2145/863 2146/2146/864
f 2147/2147/865 2148/2148/866 2149/2149/867
f 2147/2147/865 2149/2149/867 2150/2150/868
f 2142/2142/860 2141/2141/859 2151/2151/869
f 2142/2142/860 2151/2151/869 2152/2152/870
f 2150/2150/868 2149/2149/867 2153/2153/871
f 2150/2150/868 2153/2153/871 2154/2154/872
f 2146/2146/864 2145/2145/863 2155/2155/873
f 2146/2146/864 2155/2155/873 2156/2156/874
f 2157/2157/875 2158/2158/875 2159/2159/876
f 2157/2157/875 2159/2159/876 2160/2160/877
f 2161/2161/878 2162/2162/878 2163/2163/879
f 2161/2161/878 2163/2163/879 2164/2164/880
f 2164/2164/880 2163/2163/879 2165/2165/881
f 2164/2164/880 2165/2165/881 2166/2166/881
f 2160/2160/877 2159/2159/876 2167/2167/882
f 2160/2160/877 2167/2167/882 2168/2168/882
f 326/326/1 328/328/1 2169/2169/1
f 2170/2170/883 2171/2171/884 2172/2172/885
f 2170/2170/883 2172/2172/885 2173/2173/883
f 2174/2174/886 2175/2175/887 2176/2176/888
f 2174/2174/886 2176/2176/888 2177/2177/886
f 327/327/1 330/330/1 328/328/1
f 2175/2175/887 2178/2178/889 2179/2179/889
f 2175/2175/887 2179/2179/889 2176/2176/888
f 2171/2171/884 2180/2180/890 2181/2181/890
f 2171/2171/884 2181/2181/890 2172/2172/885
f 2182/2182/891 2183/2183/892 2184/2184/893
f 2182/2182/891 2184/2184/893 2185/2185/894
f 2186/2186/895 2187/2187/896 2188/2188/897
f 2186/2186/895 2188/2188/897 2189/2189/898
f 2190/2190/899 2191/2191/900 2192/2192/901
f 2190/2190/899 2192/2192/901 2193/2193/902
f 2183/2183/892 2194/2194/903 2195/2195/904
f 2183/2183/892 2195/2195/904 2184/2184/893
f 2191/2191/900 2196/2196/905 2197/2197/906
f 2191/2191/900 2197/2197/906 2192/2192/901
f 2187/2187/896 2198/2198/907 2199/2199/908
f 2187/2187/896 2199/2199/908 2188/2188/897
f 2200/2200/909 1527/1527/311 1529/1529/313
f 2200/2200/909 1529/1529/313 2201/2201/910
f 2202/2202/911 2203/2203/912 1527/1527/311
f 2202/2202/911 1527/1527/311 2200/2200/909
f 2204/2204/913 2205/2205/914 2203/2203/912
f 2204/2204/913 2203/2203/912 2202/2202/911
f 2206/2206/915 1530/1530/314 1532/1532/316
f 2206/2206/915 1532/1532/316 2207/2207/916
f 1531/1531/315 2208/2208/917 2209/2209/918
f 1531/1531/315 2209/2209/918 1532/1532/316
f 2203/2203/912 2205/2205/914 2210/2210/919
f 2203/2203/912 2210/2210/919 2211/2211/920
f 1527/1527/311 2203/2203/912 2211/2211/920
f 1527/1527/311 2211/2211/920 2212/2212/921
f 1528/1528/312 1527/1527/311 2212/2212/921
f 1528/1528/312 2212/2212/921 2213/2213/922
f 2207/2207/916 1532/1532/316 2205/2205/914
f 2207/2207/916 2205/2205/914 2204/2204/913
f 2210/2210/919 2205/2205/914 1532/1532/316
f 2210/2210/919 1532/1532/316 2209/2209/918
f 2214/2214/923 2215/2215/910 2216/2216/924
f 2214/2214/923 2216/2216/924 1535/1535/319
f 2217/2217/925 2214/2214/923 1535/1535/319
f 2217/2217/925 1535/1535/319 2218/2218/926
f 2219/2219/927 2217/2217/925 2218/2218/926
f 2219/2219/927 2218/2218/926 2220/2220/928
f 2221/2221/929 2222/2222/930 1538/1538/322
f 2221/2221/929 1538/1538/322 1537/1537/321
f 1539/1539/323 1538/1538/322 2223/2223/931
f 1539/1539/323 2223/2223/931 2224/2224/917
f 2218/2218/926 2225/2225/920 2226/2226/919
f 2218/2218/926 2226/2226/919 2220/2220/928
f 1535/1535/319 2227/2227/921 2225/2225/920
f 1535/1535/319 2225/2225/920 2218/2218/926
f 1534/1534/318 2228/2228/922 2227/2227/921
f 1534/1534/318 2227/2227/921 1535/1535/319
f 2222/2222/930 2219/2219/927 2220/2220/928
f 2222/2222/930 2220/2220/928 1538/1538/322
f 2226/2226/919 2223/2223/931 1538/1538/322
f 2226/2226/919 1538/1538/322 2220/2220/928
f 365/365/7 2229/2229/7 367/367/7
f 6/6/2 11/11/2 7/7/2
f 15/15/1 410/410/1 409/409/1
f 16/16/1 416/416/1 17/17/1
f 18/18/1 421/421/1 2230/2230/1
f 412/412/1 424/424/1 425/425/1
f 2231/2231/932 2232/2232/933 2233/2233/933
f 2231/2231/932 2233/2233/933 2234/2234/934
f 2235/2235/935 2236/2236/936 2237/2237/937
f 2235/2235/935 2237/2237/937 2238/2238/935
f 2236/2236/936 2239/2239/938 2240/2240/938
f 2236/2236/936 2240/2240/938 2237/2237/937
f 2241/2241/939 2242/2242/940 2243/2243/941
f 2241/2241/939 2243/2243/941 2244/2244/939
f 2242/2242/940 2245/2245/942 2246/2246/942
f 2242/2242/940 2246/2246/942 2243/2243/941
f 2247/2247/943 2231/2231/932 2234/2234/934
f 2247/2247/943 2234/2234/934 2248/2248/943
f 2249/2249/944 2250/2250/945 2251/2251/946
f 2249/2249/944 2251/2251/946 2252/2252/944
f 2253/2253/947 2254/2254/948 2255/2255/948
f 2253/2253/947 2255/2255/948 2256/2256/949
f 2257/2257/950 2258/2258/950 2259/2259/950
f 2257/2257/950 2259/2259/950 2260/2260/950
f 2261/2261/951 2262/2262/952 2263/2263/952
f 2261/2261/951 2263/2263/952 2264/2264/953
f 2265/2265/954 2253/2253/947 2256/2256/949
f 2265/2265/954 2256/2256/949 2266/2266/954
f 2267/2267/955 2261/2261/951 2264/2264/953
f 2267/2267/955 2264/2264/953 2268/2268/955
f 2250/2250/945 2269/2269/956 2270/2270/956
f 2250/2250/945 2270/2270/956 2251/2251/946
f 2271/2271/957 2272/2272/957 2273/2273/957
f 2271/2271/957 2273/2273/957 2274/2274/957
f 467/467/89 2275/2275/89 470/470/89
f 2276/2276/958 2277/2277/959 2278/2278/960
f 2276/2276/958 2278/2278/960 2279/2279/961
f 2277/2277/959 2280/2280/962 2281/2281/963
f 2277/2277/959 2281/2281/963 2278/2278/960
f 2280/2280/962 2282/2282/964 2283/2283/965
f 2280/2280/962 2283/2283/965 2281/2281/963
f 2282/2282/964 2284/2284/966 2285/2285/967
f 2282/2282/964 2285/2285/967 2283/2283/965
f 2284/2284/966 2286/2286/968 2287/2287/969
f 2284/2284/966 2287/2287/969 2285/2285/967
f 2286/2286/968 2288/2288/970 2289/2289/971
f 2286/2286/968 2289/2289/971 2287/2287/969
f 2288/2288/970 2290/2290/972 2291/2291/973
f 2288/2288/970 2291/2291/973 2289/2289/971
f 2290/2290/972 2292/2292/974 2293/2293/975
f 2290/2290/972 2293/2293/975 2291/2291/973
f 2292/2292/974 2294/2294/976 2295/2295/977
f 2292/2292/974 2295/2295/977 2293/2293/975
f 2296/2296/976 2297/2297/978 2298/2298/979
f 2296/2296/976 2298/2298/979 2299/2299/977
f 2297/2297/978 2300/2300/980 2301/2301/981
f 2297/2297/978 2301/2301/981 2298/2298/979
f 2300/2300/980 2302/2302/982 2303/2303/983
f 2300/2300/980 2303/2303/983 2301/2301/981
f 2302/2302/982 2276/2276/958 2279/2279/961
f 2302/2302/982 2279/2279/961 2303/2303/983
f 2279/2279/961 2278/2278/960 2304/2304/984
f 2279/2279/961 2304/2304/984 2305/2305/985
f 2278/2278/960 2281/2281/963 2306/2306/986
f 2278/2278/960 2306/2306/986 2304/2304/984
f 2281/2281/963 2283/2283/965 2307/2307/987
f 2281/2281/963 2307/2307/987 2306/2306/986
f 2283/2283/965 2285/2285/967 2308/2308/988
f 2283/2283/965 2308/2308/988 2307/2307/987
f 2285/2285/967 2287/2287/969 2309/2309/989
f 2285/2285/967 2309/2309/989 2308/2308/988
f 2287/2287/969 2289/2289/971 2310/2310/990
f 2287/2287/969 2310/2310/990 2309/2309/989
f 2289/2289/971 2291/2291/973 2311/2311/991
f 2289/2289/971 2311/2311/991 2310/2310/990
f 2291/2291/973 2293/2293/975 2312/2312/992
f 2291/2291/973 2312/2312/992 2311/2311/991
f 2293/2293/975 2295/2295/977 2313/2313/993
f 2293/2293/975 2313/2313/993 2312/2312/992
f 2299/2299/977 2298/2298/979 2314/2314/994
f 2299/2299/977 2314/2314/994 2315/2315/995
f 2298/2298/979 2301/2301/981 2316/2316/996
f 2298/2298/979 2316/2316/996 2314/2314/994
f 2301/2301/981 2303/2303/983 2317/2317/997
f 2301/2301/981 2317/2317/997 2316/2316/996
f 2303/2303/983 2279/2279/961 2305/2305/985
f 2303/2303/983 2305/2305/985 2317/2317/997
f 2305/2305/985 2304/2304/984 2318/2318/998
f 2305/2305/985 2318/2318/998 2319/2319/999
f 2304/2304/984 2306/2306/986 2320/2320/1000
f 2304/2304/984 2320/2320/1000 2318/2318/998
f 2306/2306/986 2307/2307/987 2321/2321/1001
f 2306/2306/986 2321/2321/1001 2320/2320/1000
f 2307/2307/987 2308/2308/988 2322/2322/1002
f 2307/2307/987 2322/2322/1002 2321/2321/1001
f 2308/2308/988 2309/2309/989 2323/2323/1003
f 2308/2308/988 2323/2323/1003 2322/2322/1002
f 2309/2309/989 2310/2310/990 2324/2324/1004
f 2309/2309/989 2324/2324/1004 2323/2323/1003
f 2310/2310/990 2311/2311/991 2325/2325/1005
f 2310/2310/990 2325/2325/1005 2324/2324/1004
f 2311/2311/991 2312/2312/992 2326/2326/1006
f 2311/2311/991 2326/2326/1006 2325/2325/1005
f 2312/2312/992 2313/2313/993 2327/2327/1007
f 2312/2312/992 2327/2327/1007 2326/2326/1006
f 2315/2315/995 2314/2314/994 2328/2328/1008
f 2315/2315/995 2328/2328/1008 2329/2329/1007
f 2314/2314/994 2316/2316/996 2330/2330/1009
f 2314/2314/994 2330/2330/1009 2328/2328/1008
f 2316/2316/996 2317/2317/997 2331/2331/1010
f 2316/2316/996 2331/2331/1010 2330/2330/1009
f 2317/2317/997 2305/2305/985 2319/2319/999
f 2317/2317/997 2319/2319/999 2331/2331/1010
f 2319/2319/999 2318/2318/998 2332/2332/1011
f 2319/2319/999 2332/2332/1011 2333/2333/1012
f 2318/2318/998 2320/2320/1000 2334/2334/1013
f 2318/2318/998 2334/2334/1013 2332/2332/1011
f 2320/2320/1000 2321/2321/1001 2335/2335/1014
f 2320/2320/1000 2335/2335/1014 2334/2334/1013
f 2321/2321/1001 2322/2322/1002 2336/2336/1015
f 2321/2321/1001 2336/2336/1015 2335/2335/1014
f 2322/2322/1002 2323/2323/1003 2337/2337/1016
f 2322/2322/1002 2337/2337/1016 2336/2336/1015
f 2323/2323/1003 2324/2324/1004 2338/2338/1017
f 2323/2323/1003 2338/2338/1017 2337/2337/1016
f 2324/2324/1004 2325/2325/1005 2339/2339/1018
f 2324/2324/1004 2339/2339/1018 2338/2338/1017
f 2325/2325/1005 2326/2326/1006 2340/2340/1019
f 2325/2325/1005 2340/2340/1019 2339/2339/1018
f 2326/2326/1006 2327/2327/1007 2341/2341/1020
f 2326/2326/1006 2341/2341/1020 2340/2340/1019
f 2329/2329/1007 2328/2328/1008 2342/2342/1021
f 2329/2329/1007 2342/2342/1021 2343/2343/1022
f 2328/2328/1008 2330/2330/1009 2344/2344/1023
f 2328/2328/1008 2344/2344/1023 2342/2342/1021
f 2330/2330/1009 2331/2331/1010 2345/2345/1024
f 2330/2330/1009 2345/2345/1024 2344/2344/1023
f 2331/2331/1010 2319/2319/999 2333/2333/1012
f 2331/2331/1010 2333/2333/1012 2345/2345/1024
f 2333/2333/1012 2332/2332/1011 2346/2346/1025
f 2333/2333/1012 2346/2346/1025 2347/2347/1026
f 2332/2332/1011 2334/2334/1013 2348/2348/1027
f 2332/2332/1011 2348/2348/1027 2346/2346/1025
f 2334/2334/1013 2335/2335/1014 2349/2349/1028
f 2334/2334/1013 2349/2349/1028 2348/2348/1027
f 2335/2335/1014 2336/2336/1015 2350/2350/1029
f 2335/2335/1014 2350/2350/1029 2349/2349/1028
f 2336/2336/1015 2337/2337/1016 2351/2351/1030
f 2336/2336/1015 2351/2351/1030 2350/2350/1029
f 2337/2337/1016 2338/2338/1017 2352/2352/1031
f 2337/2337/1016 2352/2352/1031 2351/2351/1030
f 2338/2338/1017 2339/2339/1018 2353/2353/1032
f 2338/2338/1017 2353/2353/1032 2352/2352/1031
f 2339/2339/1018 2340/2340/1019 2354/2354/1033
f 2339/2339/1018 2354/2354/1033 2353/2353/1032
f 2340/2340/1019 2341/2341/1020 2355/2355/1034
f 2340/2340/1019 2355/2355/1034 2354/2354/1033
f 2343/2343/1022 2342/2342/1021 2356/2356/1035
f 2343/2343/1022 2356/2356/1035 2357/2357/1034
f 2342/2342/1021 2344/2344/1023 2358/2358/1036
f 2342/2342/1021 2358/2358/1036 2356/2356/1035
f 2344/2344/1023 2345/2345/1024 2359/2359/1037
f 2344/2344/1023 2359/2359/1037 2358/2358/1036
f 2345/2345/1024 2333/2333/1012 2347/2347/1026
f 2345/2345/1024 2347/2347/1026 2359/2359/1037
f 2360/2360/1038 2361/2361/1039 2362/2362/1039
f 2360/2360/1038 2362/2362/1039 2363/2363/1040
f 2360/2360/1038 2363/2363/1040 2364/2364/1041
f 2360/2360/1038 2364/2364/1041 2365/2365/1042
f 2365/2365/1042 2364/2364/1041 2366/2366/1043
f 2365/2365/1042 2366/2366/1043 2367/2367/1044
f 2367/2367/1044 2366/2366/1043 2368/2368/1045
f 2367/2367/1044 2368/2368/1045 2369/2369/1046
f 2369/2369/1046 2368/2368/1045 2370/2370/1047
f 2369/2369/1046 2370/2370/1047 2371/2371/1048
f 2371/2371/1048 2370/2370/1047 2372/2372/1049
f 2371/2371/1048 2372/2372/1049 2373/2373/1050
f 2373/2373/1050 2372/2372/1049 2374/2374/1051
f 2373/2373/1050 2374/2374/1051 2375/2375/1052
f 2375/2375/1052 2374/2374/1051 2376/2376/1053
f 2375/2375/1052 2376/2376/1053 2377/2377/1054
f 2377/2377/1054 2376/2376/1053 2378/2378/1055
f 2377/2377/1054 2378/2378/1055 2379/2379/1056
f 2379/2379/1056 2378/2378/1055 2380/2380/1057
f 2379/2379/1056 2380/2380/1057 2381/2381/1058
f 2381/2381/1058 2380/2380/1057 2382/2382/1059
f 2381/2381/1058 2382/2382/1059 2383/2383/1060
f 2383/2383/1060 2382/2382/1059 2384/2384/1061
f 2383/2383/1060 2384/2384/1061 2385/2385/1061
f 1543/1543/327 1546/1546/330 1548/1548/332
f 1543/1543/327 1548/1548/332 1544/1544/328
f 1549/1549/333 1540/1540/324 1542/1542/326
f 1549/1549/333 1542/1542/326 1550/1550/334
f 1546/1546/330 1552/1552/336 1554/1554/338
f 1546/1546/330 1554/1554/338 1547/1547/331
f 1555/1555/339 1549/1549/333 1551/1551/335
f 1555/1555/339 1551/1551/335 1556/1556/340
f 1552/1552/336 2386/2386/1062 2387/2387/1063
f 1552/1552/336 2387/2387/1063 1553/1553/337
f 2388/2388/1064 1555/1555/339 1557/1557/341
f 2388/2388/1064 1557/1557/341 2389/2389/1065
f 2386/2386/1062 1558/1558/342 1560/1560/344
f 2386/2386/1062 1560/1560/344 2387/2387/1063
f 1561/1561/345 2388/2388/1064 2389/2389/1065
f 1561/1561/345 2389/2389/1065 1562/1562/346
f 1558/1558/342 1564/1564/348 1566/1566/350
f 1558/1558/342 1566/1566/350 1559/1559/343
f 1567/1567/351 1561/1561/345 1563/1563/347
f 1567/1567/351 1563/1563/347 1568/1568/352
f 1564/1564/348 1570/1570/354 1572/1572/356
f 1564/1564/348 1572/1572/356 1565/1565/349
f 1573/1573/357 1567/1567/351 1569/1569/353
f 1573/1573/357 1569/1569/353 1574/1574/358
f 2390/2390/1066 2391/2391/1067 2392/2392/1068
f 2390/2390/1066 2392/2392/1068 2393/2393/1069
f 2391/2391/1067 2394/2394/1070 2395/2395/1071
f 2391/2391/1067 2395/2395/1071 2392/2392/1068
f 2394/2394/1070 2396/2396/1072 2397/2397/1073
f 2394/2394/1070 2397/2397/1073 2395/2395/1071
f 2396/2396/1072 2398/2398/1074 2399/2399/1075
f 2396/2396/1072 2399/2399/1075 2397/2397/1073
f 2400/2400/1074 2401/2401/1076 2402/2402/1077
f 2400/2400/1074 2402/2402/1077 2403/2403/1075
f 2401/2401/1076 2404/2404/1078 2405/2405/1079
f 2401/2401/1076 2405/2405/1079 2402/2402/1077
f 2404/2404/1078 2406/2406/1080 2407/2407/1081
f 2404/2404/1078 2407/2407/1081 2405/2405/1079
f 2406/2406/1080 2408/2408/1082 2409/2409/1083
f 2406/2406/1080 2409/2409/1083 2407/2407/1081
f 2408/2408/1082 2410/2410/1084 2411/2411/1085
f 2408/2408/1082 2411/2411/1085 2409/2409/1083
f 2410/2410/1084 2412/2412/1086 2413/2413/1087
f 2410/2410/1084 2413/2413/1087 2411/2411/1085
f 2412/2412/1086 2414/2414/1088 2415/2415/1089
f 2412/2412/1086 2415/2415/1089 2413/2413/1087
f 2414/2414/1088 2390/2390/1066 2393/2393/1069
f 2414/2414/1088 2393/2393/1069 2415/2415/1089
f 487/487/3 492/492/3 488/488/3
f 2416/2416/1090 2417/2417/1091 2418/2418/1092
f 2416/2416/1090 2418/2418/1092 2419/2419/1093
f 2420/2420/1094 2421/2421/1095 2417/2417/1091
f 2420/2420/1094 2417/2417/1091 2416/2416/1090
f 2422/2422/1096 2423/2423/1097 2421/2421/1095
f 2422/2422/1096 2421/2421/1095 2420/2420/1094
f 2424/2424/1098 2425/2425/1099 2423/2423/1097
f 2424/2424/1098 2423/2423/1097 2422/2422/1096
f 2426/2426/1100 2427/2427/1101 2425/2425/1099
f 2426/2426/1100 2425/2425/1099 2424/2424/1098
f 2428/2428/1102 2429/2429/1103 2427/2427/1101
f 2428/2428/1102 2427/2427/1101 2426/2426/1100
f 2430/2430/1104 2431/2431/1105 2429/2429/1103
f 2430/2430/1104 2429/2429/1103 2428/2428/1102
f 2432/2432/1106 2433/2433/1107 2431/2431/1105
f 2432/2432/1106 2431/2431/1105 2430/2430/1104
f 2419/2419/1093 2418/2418/1092 2433/2433/1107
f 2419/2419/1093 2433/2433/1107 2432/2432/1106
f 2434/2434/1108 2417/2417/1091 2435/2435/1109
f 2434/2434/1108 2435/2435/1109 2436/2436/1110
f 2417/2417/1091 2421/2421/1095 2437/2437/1111
f 2417/2417/1091 2437/2437/1111 2435/2435/1109
f 2421/2421/1095 2423/2423/1097 1576/1576/360
f 2421/2421/1095 1576/1576/360 2437/2437/1111
f 2423/2423/1097 2425/2425/1099 1577/1577/361
f 2423/2423/1097 1577/1577/361 1576/1576/360
f 2425/2425/1099 2427/2427/1101 1578/1578/362
f 2425/2425/1099 1578/1578/362 1577/1577/361
f 2427/2427/1101 2429/2429/1103 2438/2438/1112
f 2427/2427/1101 2438/2438/1112 1578/1578/362
f 2429/2429/1103 2431/2431/1105 2439/2439/1113
f 2429/2429/1103 2439/2439/1113 2438/2438/1112
f 2431/2431/1105 2440/2440/1114 2441/2441/1115
f 2431/2431/1105 2441/2441/1115 2439/2439/1113
f 2440/2440/1114 2434/2434/1108 2436/2436/1110
f 2440/2440/1114 2436/2436/1110 2441/2441/1115
f 2438/2438/1112 2439/2439/1113 2435/2435/1109
f 2438/2438/1112 2435/2435/1109 2437/2437/1111
f 2439/2439/1113 2441/2441/1115 2436/2436/1110
f 2439/2439/1113 2436/2436/1110 2435/2435/1109
f 2437/2437/1111 1576/1576/360 1578/1578/362
f 2437/2437/1111 1578/1578/362 2438/2438/1112
f 2442/2442/1116 2443/2443/1117 2444/2444/1118
f 2442/2442/1116 2444/2444/1118 2445/2445/1119
f 2443/2443/1117 2446/2446/1120 2447/2447/1121
f 2443/2443/1117 2447/2447/1121 2444/2444/1118
f 2446/2446/1120 2448/2448/1122 2449/2449/1123
f 2446/2446/1120 2449/2449/1123 2447/2447/1121
f 2450/2450/1124 2451/2451/1125 2452/2452/1126
f 2450/2450/1124 2452/2452/1126 2453/2453/1127
f 2451/2451/1125 2454/2454/1128 2455/2455/1129
f 2451/2451/1125 2455/2455/1129 2452/2452/1126
f 2456/2456/1130 2457/2457/1131 2458/2458/1132
f 2456/2456/1130 2458/2458/1132 2459/2459/1133
f 2457/2457/1131 2460/2460/1134 2461/2461/1135
f 2457/2457/1131 2461/2461/1135 2458/2458/1132
f 2460/2460/1134 2462/2462/1136 2463/2463/1137
f 2460/2460/1134 2463/2463/1137 2461/2461/1135
f 2462/2462/1136 2464/2464/1138 2465/2465/1139
f 2462/2462/1136 2465/2465/1139 2463/2463/1137
f 2464/2464/1138 2466/2466/1140 2467/2467/1141
f 2464/2464/1138 2467/2467/1141 2465/2465/1139
f 2466/2466/1140 2468/2468/1142 2469/2469/1143
f 2466/2466/1140 2469/2469/1143 2467/2467/1141
f 2468/2468/1142 2470/2470/1144 2471/2471/1145
f 2468/2468/1142 2471/2471/1145 2469/2469/1143
f 2470/2470/1144 2442/2442/1116 2445/2445/1119
f 2470/2470/1144 2445/2445/1119 2471/2471/1145
f 2472/2472/1146 2473/2473/1147 2474/2474/1148
f 2472/2472/1146 2474/2474/1148 2475/2475/1149
f 2473/2473/1147 2476/2476/1150 2477/2477/1151
f 2473/2473/1147 2477/2477/1151 2474/2474/1148
f 2476/2476/1150 2478/2478/1152 2479/2479/1153
f 2476/2476/1150 2479/2479/1153 2477/2477/1151
f 2478/2478/1152 2480/2480/1154 2481/2481/1155
f 2478/2478/1152 2481/2481/1155 2479/2479/1153
f 2480/2480/1154 2482/2482/1156 2483/2483/1157
f 2480/2480/1154 2483/2483/1157 2481/2481/1155
f 2482/2482/1156 2484/2484/1158 2485/2485/1159
f 2482/2482/1156 2485/2485/1159 2483/2483/1157
f 2484/2484/1158 2486/2486/1160 2487/2487/1161
f 2484/2484/1158 2487/2487/1161 2485/2485/1159
f 2486/2486/1160 2488/2488/1162 2489/2489/1163
f 2486/2486/1160 2489/2489/1163 2487/2487/1161
f 2488/2488/1162 2490/2490/1164 2491/2491/1165
f 2488/2488/1162 2491/2491/1165 2489/2489/1163
f 2490/2490/1164 2492/2492/1166 2493/2493/1167
f 2490/2490/1164 2493/2493/1167 2491/2491/1165
f 2492/2492/1166 2494/2494/1168 2495/2495/1169
f 2492/2492/1166 2495/2495/1169 2493/2493/1167
f 2494/2494/1168 2496/2496/1170 2497/2497/1171
f 2494/2494/1168 2497/2497/1171 2495/2495/1169
f 2496/2496/1170 2472/2472/1146 2475/2475/1149
f 2496/2496/1170 2475/2475/1149 2497/2497/1171
f 2498/2498/1172 2499/2499/1173 2500/2500/1174
f 2498/2498/1172 2500/2500/1174 2501/2501/1175
f 2499/2499/1173 2502/2502/1176 2503/2503/1177
f 2499/2499/1173 2503/2503/1177 2500/2500/1174
f 2502/2502/1176 2504/2504/1178 2505/2505/1179
f 2502/2502/1176 2505/2505/1179 2503/2503/1177
f 2506/2506/1180 2507/2507/1181 2508/2508/1182
f 2506/2506/1180 2508/2508/1182 2509/2509/1183
f 2507/2507/1181 2510/2510/1184 2511/2511/1184
f 2507/2507/1181 2511/2511/1184 2508/2508/1182
f 2512/2512/1185 2513/2513/1186 2514/2514/1187
f 2512/2512/1185 2514/2514/1187 2515/2515/1188
f 2513/2513/1186 2516/2516/1189 2517/2517/1190
f 2513/2513/1186 2517/2517/1190 2514/2514/1187
f 2516/2516/1189 2518/2518/1191 2519/2519/1192
f 2516/2516/1189 2519/2519/1192 2517/2517/1190
f 2518/2518/1191 2520/2520/1193 2521/2521/1194
f 2518/2518/1191 2521/2521/1194 2519/2519/1192
f 2520/2520/1193 2522/2522/1195 2523/2523/1196
f 2520/2520/1193 2523/2523/1196 2521/2521/1194
f 2522/2522/1195 2524/2524/1197 2525/2525/1198
f 2522/2522/1195 2525/2525/1198 2523/2523/1196
f 2524/2524/1197 2526/2526/1199 2527/2527/1200
f 2524/2524/1197 2527/2527/1200 2525/2525/1198
f 2526/2526/1199 2498/2498/1172 2501/2501/1175
f 2526/2526/1199 2501/2501/1175 2527/2527/1200
f 2528/2528/1201 2529/2529/1202 2530/2530/1203
f 2528/2528/1201 2530/2530/1203 2531/2531/1201
f 2529/2529/1202 2532/2532/1204 2533/2533/1205
f 2529/2529/1202 2533/2533/1205 2530/2530/1203
f 2532/2532/1204 2534/2534/1206 2535/2535/1207
f 2532/2532/1204 2535/2535/1207 2533/2533/1205
f 2534/2534/1206 2536/2536/1208 2537/2537/1209
f 2534/2534/1206 2537/2537/1209 2535/2535/1207
f 2538/2538/1210 2539/2539/1211 2540/2540/1212
f 2538/2538/1210 2540/2540/1212 2541/2541/1209
f 2542/2542/1213 2543/2543/1213 2544/2544/1214
f 2542/2542/1213 2544/2544/1214 2545/2545/1215
f 2546/2546/1216 2547/2547/1217 2548/2548/6
f 2546/2546/1216 2548/2548/6 2549/2549/6
f 2545/2545/1215 2544/2544/1214 2550/2550/1218
f 2545/2545/1215 2550/2550/1218 2551/2551/1219
f 2552/2552/1220 2553/2553/1221 2547/2547/1217
f 2552/2552/1220 2547/2547/1217 2546/2546/1216
f 2551/2551/1219 2550/2550/1218 2554/2554/1222
f 2551/2551/1219 2554/2554/1222 2555/2555/1223
f 2556/2556/1224 2557/2557/1225 2553/2553/1221
f 2556/2556/1224 2553/2553/1221 2552/2552/1220
f 2555/2555/1223 2554/2554/1222 2558/2558/1226
f 2555/2555/1223 2558/2558/1226 2559/2559/1227
f 2560/2560/1228 2561/2561/1229 2557/2557/1225
f 2560/2560/1228 2557/2557/1225 2556/2556/1224
f 2562/2562/1227 2563/2563/1226 2564/2564/1230
f 2562/2562/1227 2564/2564/1230 2565/2565/1231
f 2566/2566/1232 2567/2567/1233 2568/2568/1229
f 2566/2566/1232 2568/2568/1229 2569/2569/1228
f 2570/2570/1232 2571/2571/1234 2572/2572/1235
f 2570/2570/1232 2572/2572/1235 2573/2573/1236
f 2574/2574/1211 2575/2575/1 2576/2576/1
f 2574/2574/1211 2576/2576/1 2577/2577/1212
f 2578/2578/1237 2579/2579/1238 2580/2580/1239
f 2578/2578/1237 2580/2580/1239 2581/2581/1240
f 2582/2582/1201 2583/2583/1201 2584/2584/1241
f 2582/2582/1201 2584/2584/1241 2585/2585/1242
f 2585/2585/1242 2584/2584/1241 2586/2586/1243
f 2585/2585/1242 2586/2586/1243 2587/2587/1244
f 2587/2587/1244 2586/2586/1243 2588/2588/1245
f 2587/2587/1244 2588/2588/1245 2589/2589/1246
f 2589/2589/1246 2588/2588/1245 2590/2590/1247
f 2589/2589/1246 2590/2590/1247 2591/2591/1248
f 2592/2592/1248 2593/2593/1247 2594/2594/1249
f 2592/2592/1248 2594/2594/1249 2595/2595/1250
f 2596/2596/1251 2597/2597/1252 2598/2598/1253
f 2596/2596/1251 2598/2598/1253 2599/2599/1251
f 2600/2600/1254 2601/2601/7 2602/2602/7
f 2600/2600/1254 2602/2602/7 2603/2603/1255
f 2597/2597/1252 2604/2604/1256 2605/2605/1257
f 2597/2597/1252 2605/2605/1257 2598/2598/1253
f 2606/2606/1258 2600/2600/1254 2603/2603/1255
f 2606/2606/1258 2603/2603/1255 2607/2607/1259
f 2604/2604/1256 2608/2608/1260 2609/2609/1261
f 2604/2604/1256 2609/2609/1261 2605/2605/1257
f 2610/2610/1262 2606/2606/1258 2607/2607/1259
f 2610/2610/1262 2607/2607/1259 2611/2611/1263
f 2608/2608/1260 2612/2612/1264 2613/2613/1265
f 2608/2608/1260 2613/2613/1265 2609/2609/1261
f 2614/2614/1266 2610/2610/1262 2611/2611/1263
f 2614/2614/1266 2611/2611/1263 2615/2615/1267
f 2616/2616/1268 2617/2617/1269 2618/2618/1270
f 2616/2616/1268 2618/2618/1270 2619/2619/1265
f 2620/2620/1271 2621/2621/1266 2622/2622/1267
f 2620/2620/1271 2622/2622/1267 2623/2623/1272
f 2624/2624/1271 2625/2625/1272 2572/2572/1235
f 2624/2624/1271 2572/2572/1235 2571/2571/1234
f 2626/2626/1273 2627/2627/1249 2628/2628/1
f 2626/2626/1273 2628/2628/1 2575/2575/1
f 2629/2629/1270 2630/2630/1274 2580/2580/1239
f 2629/2629/1270 2580/2580/1239 2579/2579/1238
f 2631/2631/1275 2632/2632/1275 2633/2633/1276
f 2631/2631/1275 2633/2633/1276 2634/2634/1277
f 2635/2635/1278 2636/2636/1278 2637/2637/1279
f 2635/2635/1278 2637/2637/1279 2638/2638/1280
f 2639/2639/1281 2640/2640/1282 2641/2641/1283
f 2639/2639/1281 2641/2641/1283 2642/2642/1284
f 2643/2643/1285 2644/2644/1285 2645/2645/1286
f 2643/2643/1285 2645/2645/1286 2646/2646/1287
f 2647/2647/1288 2648/2648/1288 2649/2649/1289
f 2647/2647/1288 2649/2649/1289 2650/2650/1290
f 2651/2651/1291 2652/2652/1291 2653/2653/1292
f 2651/2651/1291 2653/2653/1292 2654/2654/1293
f 2646/2646/1287 2645/2645/1286 2655/2655/1294
f 2646/2646/1287 2655/2655/1294 2656/2656/1294
f 2642/2642/1284 2641/2641/1283 2657/2657/1295
f 2642/2642/1284 2657/2657/1295 2658/2658/1295
f 2638/2638/1280 2637/2637/1279 2659/2659/1296
f 2638/2638/1280 2659/2659/1296 2660/2660/1296
f 2634/2634/1277 2633/2633/1276 2661/2661/1297
f 2634/2634/1277 2661/2661/1297 2662/2662/1297
f 2654/2654/1293 2653/2653/1292 2663/2663/1298
f 2654/2654/1293 2663/2663/1298 2664/2664/1298
f 2650/2650/1290 2649/2649/1289 2665/2665/1299
f 2650/2650/1290 2665/2665/1299 2666/2666/1299
f 2667/2667/1300 2668/2668/1300 2669/2669/1301
f 2667/2667/1300 2669/2669/1301 2670/2670/1302
f 2671/2671/1303 2672/2672/1303 2673/2673/1304
f 2671/2671/1303 2673/2673/1304 2674/2674/1305
f 2675/2675/1306 2676/2676/1306 2677/2677/1307
f 2675/2675/1306 2677/2677/1307 2678/2678/1308
f 2679/2679/1309 2680/2680/1309 2681/2681/1310
f 2679/2679/1309 2681/2681/1310 2682/2682/1311
f 2683/2683/1312 2684/2684/1312 2685/2685/1313
f 2683/2683/1312 2685/2685/1313 2686/2686/1314
f 2687/2687/1315 2688/2688/1315 2689/2689/1316
f 2687/2687/1315 2689/2689/1316 2690/2690/1317
f 2682/2682/1311 2681/2681/1310 2691/2691/1318
f 2682/2682/1311 2691/2691/1318 2692/2692/1318
f 2678/2678/1308 2677/2677/1307 2693/2693/1319
f 2678/2678/1308 2693/2693/1319 2694/2694/1319
f 2674/2674/1305 2673/2673/1304 2695/2695/1320
f 2674/2674/1305 2695/2695/1320 2696/2696/1320
f 2670/2670/1302 2669/2669/1301 2697/2697/1321
f 2670/2670/1302 2697/2697/1321 2698/2698/1321
f 2690/2690/1317 2689/2689/1316 2699/2699/1322
f 2690/2690/1317 2699/2699/1322 2700/2700/1322
f 2686/2686/1314 2685/2685/1313 2701/2701/1323
f 2686/2686/1314 2701/2701/1323 2702/2702/1323
f 2703/2703/1324 2704/2704/1325 2705/2705/1326
f 2703/2703/1324 2705/2705/1326 2706/2706/1327
f 2707/2707/1328 2708/2708/1329 2703/2703/1324
f 2707/2707/1328 2703/2703/1324 2706/2706/1327
f 2709/2709/1330 2710/2710/1331 2711/2711/1332
f 2709/2709/1330 2711/2711/1332 2712/2712/1333
f 2713/2713/1334 2709/2709/1330 2712/2712/1333
f 2713/2713/1334 2712/2712/1333 2714/2714/1335
f 2715/2715/1336 2716/2716/1337 2717/2717/1338
f 2715/2715/1336 2717/2717/1338 2718/2718/1339
f 2719/2719/1340 2715/2715/1336 2718/2718/1339
f 2719/2719/1340 2718/2718/1339 2720/2720/1341
f 2721/2721/1342 2722/2722/1343 2723/2723/1344
f 2721/2721/1342 2723/2723/1344 2724/2724/1345
f 2725/2725/1346 2726/2726/1347 2721/2721/1342
f 2725/2725/1346 2721/2721/1342 2724/2724/1345
f 2727/2727/1348 2728/2728/1349 2729/2729/1350
f 2727/2727/1348 2729/2729/1350 2730/2730/1351
f 2731/2731/1352 2732/2732/1353 2727/2727/1348
f 2731/2731/1352 2727/2727/1348 2730/2730/1351
f 2733/2733/1354 2734/2734/1355 2735/2735/1356
f 2733/2733/1354 2735/2735/1356 2736/2736/1357
f 2737/2737/1358 2733/2733/1354 2736/2736/1357
f 2737/2737/1358 2736/2736/1357 2738/2738/1359
f 2739/2739/1360 2740/2740/1361 2741/2741/1362
f 2739/2739/1360 2741/2741/1362 2742/2742/1363
f 2743/2743/1364 2739/2739/1360 2742/2742/1363
f 2743/2743/1364 2742/2742/1363 2744/2744/1365
f 2745/2745/1366 2746/2746/1367 2747/2747/1368
f 2745/2745/1366 2747/2747/1368 2748/2748/1369
f 2749/2749/1370 2745/2745/1366 2748/2748/1369
f 2749/2749/1370 2748/2748/1369 2750/2750/1371
f 2736/2736/1357 2751/2751/1372 2752/2752/1373
f 2736/2736/1357 2752/2752/1373 2753/2753/1374
f 2738/2738/1359 2736/2736/1357 2753/2753/1374
f 2738/2738/1359 2753/2753/1374 2754/2754/1375
f 2755/2755/1376 2756/2756/1377 2757/2757/1378
f 2755/2755/1376 2757/2757/1378 2758/2758/1379
f 2757/2757/1378 2759/2759/1380 2760/2760/1381
f 2757/2757/1378 2760/2760/1381 2758/2758/1379
f 2748/2748/1369 2747/2747/1368 2761/2761/1382
f 2748/2748/1369 2761/2761/1382 2762/2762/1383
f 2763/2763/1384 2764/2764/1385 2748/2748/1369
f 2763/2763/1384 2748/2748/1369 2762/2762/1383
f 2765/2765/1386 2766/2766/1387 2767/2767/1388
f 2765/2765/1386 2767/2767/1388 2768/2768/1389
f 2769/2769/1390 2765/2765/1386 2768/2768/1389
f 2769/2769/1390 2768/2768/1389 2770/2770/1391
f 2771/2771/1392 2772/2772/1393 2773/2773/1394
f 2771/2771/1392 2773/2773/1394 2774/2774/1395
f 2775/2775/1396 2776/2776/1397 2771/2771/1392
f 2775/2775/1396 2771/2771/1392 2774/2774/1395
f 2777/2777/1398 2778/2778/1399 2779/2779/1400
f 2777/2777/1398 2779/2779/1400 2780/2780/1401
f 2781/2781/1402 2782/2782/1403 2777/2777/1398
f 2781/2781/1402 2777/2777/1398 2780/2780/1401
f 2783/2783/1404 2784/2784/1405 2785/2785/1406
f 2783/2783/1404 2785/2785/1406 2786/2786/1407
f 2787/2787/1408 2783/2783/1404 2786/2786/1407
f 2787/2787/1408 2786/2786/1407 2788/2788/1409
f 2789/2789/1410 2790/2790/1411 2791/2791/1410
f 2789/2789/1410 2791/2791/1410 2792/2792/1410
f 2793/2793/1412 2794/2794/1413 2795/2795/1414
f 2793/2793/1412 2795/2795/1414 2796/2796/1414
f 2797/2797/1415 2798/2798/1415 2794/2794/1413
f 2797/2797/1415 2794/2794/1413 2793/2793/1412
f 2799/2799/1416 2800/2800/1417 2801/2801/1418
f 2799/2799/1416 2801/2801/1418 2802/2802/1419
f 2803/2803/1420 2804/2804/1421 2800/2800/1417
f 2803/2803/1420 2800/2800/1417 2799/2799/1416
f 2716/2716/1337 2805/2805/1422 2806/2806/1423
f 2716/2716/1337 2806/2806/1423 2717/2717/1338
f 2802/2802/1419 2801/2801/1418 2807/2807/1424
f 2802/2802/1419 2807/2807/1424 2808/2808/1425
f 2784/2784/1405 2809/2809/1426 2810/2810/1427
f 2784/2784/1405 2810/2810/1427 2785/2785/1406
f 2766/2766/1387 2811/2811/1428 2812/2812/1429
f 2766/2766/1387 2812/2812/1429 2767/2767/1388
f 2751/2751/1372 2813/2813/1430 2814/2814/1431
f 2751/2751/1372 2814/2814/1431 2752/2752/1373
f 2734/2734/1355 2815/2815/1432 2816/2816/1433
f 2734/2734/1355 2816/2816/1433 2735/2735/1356
f 2817/2817/1434 2818/2818/1435 2819/2819/1436
f 2817/2817/1434 2819/2819/1436 2820/2820/1437
f 2821/2821/1438 2822/2822/1439 2823/2823/1440
f 2821/2821/1438 2823/2823/1440 2824/2824/1435
f 2822/2822/1439 2825/2825/1441 2826/2826/1442
f 2822/2822/1439 2826/2826/1442 2823/2823/1440
f 2827/2827/1443 2826/2826/1442 2825/2825/1441
f 2827/2827/1443 2825/2825/1441 2828/2828/1444
f 2828/2828/1444 2829/2829/1445 2830/2830/1446
f 2828/2828/1444 2830/2830/1446 2827/2827/1443
f 2829/2829/1445 2820/2820/1437 2819/2819/1436
f 2829/2829/1445 2819/2819/1436 2830/2830/1446
f 2831/2831/1447 2832/2832/1448 2833/2833/1449
f 2831/2831/1447 2833/2833/1449 2834/2834/1450
f 2835/2835/1451 2836/2836/1452 2837/2837/1453
f 2835/2835/1451 2837/2837/1453 2838/2838/1448
f 2836/2836/1452 2839/2839/1454 2840/2840/1455
f 2836/2836/1452 2840/2840/1455 2837/2837/1453
f 2839/2839/1454 2841/2841/1456 2842/2842/1457
f 2839/2839/1454 2842/2842/1457 2840/2840/1455
f 2843/2843/1458 2842/2842/1457 2841/2841/1456
f 2843/2843/1458 2841/2841/1456 2844/2844/1459
f 2844/2844/1459 2834/2834/1450 2833/2833/1449
f 2844/2844/1459 2833/2833/1449 2843/2843/1458
f 2845/2845/1460 2846/2846/1461 2847/2847/1462
f 2845/2845/1460 2847/2847/1462 2848/2848/1463
f 2849/2849/1461 2850/2850/1464 2851/2851/1465
f 2849/2849/1461 2851/2851/1465 2852/2852/1466
f 2850/2850/1464 2853/2853/1467 2854/2854/1468
f 2850/2850/1464 2854/2854/1468 2851/2851/1465
f 2853/2853/1467 2855/2855/1469 2856/2856/1470
f 2853/2853/1467 2856/2856/1470 2854/2854/1468
f 2855/2855/1469 2857/2857/1471 2858/2858/1472
f 2855/2855/1469 2858/2858/1472 2856/2856/1470
f 2857/2857/1471 2859/2859/1473 2860/2860/1474
f 2857/2857/1471 2860/2860/1474 2858/2858/1472
f 2859/2859/1473 2861/2861/1475 2862/2862/1476
f 2859/2859/1473 2862/2862/1476 2860/2860/1474
f 2861/2861/1475 2863/2863/1477 2864/2864/1478
f 2861/2861/1475 2864/2864/1478 2862/2862/1476
f 2863/2863/1477 2865/2865/1479 2866/2866/1480
f 2863/2863/1477 2866/2866/1480 2864/2864/1478
f 2865/2865/1479 2867/2867/1481 2868/2868/1482
f 2865/2865/1479 2868/2868/1482 2866/2866/1480
f 2867/2867/1481 2869/2869/1483 2870/2870/1484
f 2867/2867/1481 2870/2870/1484 2868/2868/1482
f 2869/2869/1483 2845/2845/1460 2848/2848/1463
f 2869/2869/1483 2848/2848/1463 2870/2870/1484
f 2871/2871/1485 2872/2872/1486 2873/2873/1487
f 2871/2871/1485 2873/2873/1487 2874/2874/1488
f 2875/2875/1489 2871/2871/1485 2874/2874/1488
f 2875/2875/1489 2874/2874/1488 2876/2876/1490
f 2877/2877/1491 2875/2875/1489 2876/2876/1490
f 2877/2877/1491 2876/2876/1490 2878/2878/1492
f 2879/2879/1493 2877/2877/1491 2878/2878/1492
f 2879/2879/1493 2878/2878/1492 2880/2880/1494
f 2881/2881/1495 2879/2879/1493 2880/2880/1494
f 2881/2881/1495 2880/2880/1494 2882/2882/1496
f 2883/2883/1497 2881/2881/1495 2882/2882/1496
f 2883/2883/1497 2882/2882/1496 2884/2884/1498
f 2885/2885/1499 2883/2883/1497 2884/2884/1498
f 2885/2885/1499 2884/2884/1498 2886/2886/1500
f 2887/2887/1501 2885/2885/1499 2886/2886/1500
f 2887/2887/1501 2886/2886/1500 2888/2888/1502
f 2889/2889/1503 2890/2890/1501 2891/2891/1502
f 2889/2889/1503 2891/2891/1502 2892/2892/1504
f 2893/2893/1505 2889/2889/1503 2892/2892/1504
f 2893/2893/1505 2892/2892/1504 2894/2894/1506
f 2895/2895/1507 2893/2893/1505 2894/2894/1506
f 2895/2895/1507 2894/2894/1506 2896/2896/1508
f 2872/2872/1486 2895/2895/1507 2896/2896/1508
f 2872/2872/1486 2896/2896/1508 2873/2873/1487
f 2897/2897/1509 2898/2898/1510 2899/2899/1511
f 2897/2897/1509 2899/2899/1511 2900/2900/1512
f 2901/2901/1513 2897/2897/1509 2900/2900/1512
f 2901/2901/1513 2900/2900/1512 2902/2902/1514
f 2903/2903/1515 2901/2901/1513 2902/2902/1514
f 2903/2903/1515 2902/2902/1514 2904/2904/1516
f 2905/2905/1517 2903/2903/1515 2904/2904/1516
f 2905/2905/1517 2904/2904/1516 2906/2906/1518
f 2907/2907/1519 2905/2905/1517 2906/2906/1518
f 2907/2907/1519 2906/2906/1518 2908/2908/1520
f 2909/2909/1521 2907/2907/1519 2908/2908/1520
f 2909/2909/1521 2908/2908/1520 2910/2910/1522
f 2911/2911/1523 2909/2909/1521 2910/2910/1522
f 2911/2911/1523 2910/2910/1522 2912/2912/1524
f 2913/2913/1525 2911/2911/1523 2912/2912/1524
f 2913/2913/1525 2912/2912/1524 2914/2914/1526
f 2915/2915/1527 2916/2916/1528 2917/2917/1526
f 2915/2915/1527 2917/2917/1526 2918/2918/1529
f 2919/2919/1530 2915/2915/1527 2918/2918/1529
f 2919/2919/1530 2918/2918/1529 2920/2920/1531
f 2921/2921/1532 2919/2919/1530 2920/2920/1531
f 2921/2921/1532 2920/2920/1531 2922/2922/1533
f 2898/2898/1510 2921/2921/1532 2922/2922/1533
f 2898/2898/1510 2922/2922/1533 2899/2899/1511
f 2923/2923/1534 2924/2924/1535 2925/2925/1536
f 2923/2923/1534 2925/2925/1536 2926/2926/1537
f 2927/2927/1538 2928/2928/1539 2929/2929/1537
f 2927/2927/1538 2929/2929/1537 2930/2930/1540
f 2931/2931/1541 2927/2927/1538 2930/2930/1540
f 2931/2931/1541 2930/2930/1540 2932/2932/1542
f 2933/2933/1543 2931/2931/1541 2932/2932/1542
f 2933/2933/1543 2932/2932/1542 2934/2934/1544
f 2935/2935/1545 2933/2933/1543 2934/2934/1544
f 2935/2935/1545 2934/2934/1544 2936/2936/1546
f 2937/2937/1547 2935/2935/1545 2936/2936/1546
f 2937/2937/1547 2936/2936/1546 2938/2938/1548
f 2939/2939/1549 2937/2937/1547 2938/2938/1548
f 2939/2939/1549 2938/2938/1548 2940/2940/1550
f 2941/2941/1551 2939/2939/1549 2940/2940/1550
f 2941/2941/1551 2940/2940/1550 2942/2942/1552
f 2943/2943/1553 2941/2941/1551 2942/2942/1552
f 2943/2943/1553 2942/2942/1552 2944/2944/1554
f 2945/2945/1555 2943/2943/1553 2944/2944/1554
f 2945/2945/1555 2944/2944/1554 2946/2946/1556
f 2947/2947/1557 2945/2945/1555 2946/2946/1556
f 2947/2947/1557 2946/2946/1556 2948/2948/1558
f 2924/2924/1535 2947/2947/1557 2948/2948/1558
f 2924/2924/1535 2948/2948/1558 2925/2925/1536
f 2949/2949/1559 2950/2950/1560 2951/2951/1561
f 2949/2949/1559 2951/2951/1561 2952/2952/1562
f 2953/2953/1563 2949/2949/1559 2952/2952/1562
f 2953/2953/1563 2952/2952/1562 2954/2954/1564
f 2955/2955/1565 2953/2953/1563 2954/2954/1564
f 2955/2955/1565 2954/2954/1564 2956/2956/1566
f 2957/2957/1567 2955/2955/1565 2956/2956/1566
f 2957/2957/1567 2956/2956/1566 2958/2958/1568
f 2959/2959/1569 2957/2957/1567 2958/2958/1568
f 2959/2959/1569 2958/2958/1568 2960/2960/1570
f 2961/2961/1571 2959/2959/1569 2960/2960/1570
f 2961/2961/1571 2960/2960/1570 2962/2962/1572
f 2963/2963/1573 2961/2961/1571 2962/2962/1572
f 2963/2963/1573 2962/2962/1572 2964/2964/1574
f 2965/2965/1575 2963/2963/1573 2964/2964/1574
f 2965/2965/1575 2964/2964/1574 2966/2966/1576
f 2967/2967/1577 2968/2968/1575 2969/2969/1576
f 2967/2967/1577 2969/2969/1576 2970/2970/1578
f 2971/2971/1579 2967/2967/1577 2970/2970/1578
f 2971/2971/1579 2970/2970/1578 2972/2972/1580
f 2973/2973/1581 2971/2971/1579 2972/2972/1580
f 2973/2973/1581 2972/2972/1580 2974/2974/1582
f 2950/2950/1560 2973/2973/1581 2974/2974/1582
f 2950/2950/1560 2974/2974/1582 2951/2951/1561
f 2975/2975/1583 2976/2976/1584 2977/2977/1585
f 2975/2975/1583 2977/2977/1585 2978/2978/1586
f 2979/2979/1584 2980/2980/1587 2981/2981/1588
f 2979/2979/1584 2981/2981/1588 2982/2982/1585
f 2980/2980/1587 2983/2983/1589 2984/2984/1590
f 2980/2980/1587 2984/2984/1590 2981/2981/1588
f 2983/2983/1589 2985/2985/1591 2986/2986/1592
f 2983/2983/1589 2986/2986/1592 2984/2984/1590
f 2985/2985/1591 2987/2987/1593 2988/2988/1594
f 2985/2985/1591 2988/2988/1594 2986/2986/1592
f 2987/2987/1593 2989/2989/1595 2990/2990/1596
f 2987/2987/1593 2990/2990/1596 2988/2988/1594
f 2989/2989/1595 2991/2991/1597 2992/2992/1598
f 2989/2989/1595 2992/2992/1598 2990/2990/1596
f 2991/2991/1597 2993/2993/1599 2994/2994/1600
f 2991/2991/1597 2994/2994/1600 2992/2992/1598
f 2993/2993/1599 2995/2995/1601 2996/2996/1602
f 2993/2993/1599 2996/2996/1602 2994/2994/1600
f 2995/2995/1601 2997/2997/1603 2998/2998/1604
f 2995/2995/1601 2998/2998/1604 2996/2996/1602
f 2997/2997/1603 2999/2999/1605 3000/3000/1606
f 2997/2997/1603 3000/3000/1606 2998/2998/1604
f 2999/2999/1605 2975/2975/1583 2978/2978/1586
f 2999/2999/1605 2978/2978/1586 3000/3000/1606
f 520/520/96 524/524/96 517/517/96
f 525/525/97 3001/3001/97 524/524/97
f 528/528/98 530/530/98 3002/3002/98
f 3003/3003/1607 3004/3004/1607 3005/3005/1607
f 3003/3003/1607 3005/3005/1607 3006/3006/1607
f 557/557/106 3007/3007/106 558/558/106
f 3008/3008/105 3009/3009/105 3010/3010/105
f 3008/3008/105 3010/3010/105 3011/3011/105
f 3012/3012/107 3013/3013/107 3014/3014/107
f 3012/3012/107 3014/3014/107 3015/3015/107
f 624/624/117 626/626/117 3016/3016/117
f 635/635/110 637/637/110 3017/3017/110
f 3018/3018/105 3019/3019/105 3020/3020/105
f 3018/3018/105 3020/3020/105 3021/3021/105
f 3022/3022/1608 3023/3023/1609 3024/3024/1609
f 3022/3022/1608 3024/3024/1609 3025/3025/1610
f 3026/3026/1611 3027/3027/1612 3028/3028/1612
f 3026/3026/1611 3028/3028/1612 3029/3029/1613
f 3030/3030/1614 3031/3031/1615 3032/3032/1616
f 3030/3030/1614 3032/3032/1616 3033/3033/1614
f 3034/3034/1617 3035/3035/1618 3036/3036/1618
f 3034/3034/1617 3036/3036/1618 3037/3037/1619
f 3038/3038/1620 3039/3039/1621 3040/3040/1622
f 3038/3038/1620 3040/3040/1622 3041/3041/1620
f 3042/3042/1623 3043/3043/1624 3044/3044/1625
f 3042/3042/1623 3044/3044/1625 3045/3045/1625
f 3046/3046/1626 3022/3022/1608 3025/3025/1610
f 3046/3046/1626 3025/3025/1610 3047/3047/1626
f 3048/3048/1627 3026/3026/1611 3029/3029/1613
f 3048/3048/1627 3029/3029/1613 3049/3049/1627
f 1610/1610/394 1608/1608/392 3050/3050/1628
f 1610/1610/394 3050/3050/1628 3051/3051/2
f 3052/3052/1629 3034/3034/1617 3037/3037/1619
f 3052/3052/1629 3037/3037/1619 3053/3053/1630
f 3032/3032/1616 3031/3031/1615 3054/3054/1631
f 3032/3032/1616 3054/3054/1631 3055/3055/1632
f 1611/1611/395 3051/3051/2 3050/3050/1628
f 1611/1611/395 3050/3050/1628 1612/1612/396
f 3055/3055/1632 3054/3054/1631 3043/3043/1624
f 3055/3055/1632 3043/3043/1624 3042/3042/1623
f 3040/3040/1622 3039/3039/1621 3052/3052/1629
f 3040/3040/1622 3052/3052/1629 3053/3053/1630
f 3056/3056/1633 3057/3057/1634 3058/3058/1635
f 3056/3056/1633 3058/3058/1635 3059/3059/1633
f 3060/3060/1636 3061/3061/1637 3062/3062/1638
f 3060/3060/1636 3062/3062/1638 3063/3063/1636
f 3064/3064/1639 3065/3065/1640 3066/3066/1641
f 3064/3064/1639 3066/3066/1641 3067/3067/1639
f 3068/3068/1642 3069/3069/1618 3070/3070/1618
f 3068/3068/1642 3070/3070/1618 3071/3071/1643
f 3061/3061/1637 3072/3072/1644 3073/3073/1644
f 3061/3061/1637 3073/3073/1644 3062/3062/1638
f 3058/3058/1635 3057/3057/1634 3074/3074/1645
f 3058/3058/1635 3074/3074/1645 3075/3075/1645
f 3076/3076/1646 3077/3077/1647 1619/1619/403
f 3076/3076/1646 1619/1619/403 1620/1620/404
f 3078/3078/1642 3068/3068/1642 3071/3071/1643
f 3078/3078/1642 3071/3071/1643 3079/3079/1648
f 3066/3066/1641 3065/3065/1640 3080/3080/1649
f 3066/3066/1641 3080/3080/1649 3081/3081/1650
f 3082/3082/1651 3083/3083/1652 3084/3084/1653
f 3082/3082/1651 3084/3084/1653 3085/3085/1651
f 3086/3086/1654 3087/3087/1655 3088/3088/1656
f 3086/3086/1654 3088/3088/1656 3089/3089/1656
f 3083/3083/1652 3078/3078/1642 3079/3079/1648
f 3083/3083/1652 3079/3079/1648 3084/3084/1653
f 3081/3081/1650 3080/3080/1649 3087/3087/1655
f 3081/3081/1650 3087/3087/1655 3086/3086/1654
f 1625/1625/409 1622/1622/406 3077/3077/1647
f 1625/1625/409 3077/3077/1647 3076/3076/1646
f 3090/3090/1657 3091/3091/1658 3092/3092/1658
f 3090/3090/1657 3092/3092/1658 3093/3093/1659
f 3094/3094/1660 3095/3095/1661 3096/3096/1662
f 3094/3094/1660 3096/3096/1662 3097/3097/1660
f 3098/3098/1663 3099/3099/1664 3100/3100/1665
f 3098/3098/1663 3100/3100/1665 3101/3101/1666
f 3102/3102/1667 3103/3103/1668 3104/3104/1669
f 3102/3102/1667 3104/3104/1669 3105/3105/1667
f 3106/3106/1670 3107/3107/1671 3108/3108/1672
f 3106/3106/1670 3108/3108/1672 3109/3109/1672
f 3110/3110/1664 3111/3111/1673 3112/3112/1673
f 3110/3110/1664 3112/3112/1673 3100/3100/1665
f 3113/3113/1674 3090/3090/1657 3093/3093/1659
f 3113/3113/1674 3093/3093/1659 3114/3114/1674
f 3115/3115/1675 3098/3098/1663 3101/3101/1666
f 3115/3115/1675 3101/3101/1666 3116/3116/1676
f 3096/3096/1662 3095/3095/1661 3117/3117/1677
f 3096/3096/1662 3117/3117/1677 3118/3118/1678
f 1630/1630/414 1628/1628/412 3119/3119/1679
f 1630/1630/414 3119/3119/1679 3120/3120/2
f 1631/1631/415 3120/3120/2 3119/3119/1679
f 1631/1631/415 3119/3119/1679 1632/1632/416
f 3118/3118/1678 3117/3117/1677 3107/3107/1671
f 3118/3118/1678 3107/3107/1671 3106/3106/1670
f 3104/3104/1669 3103/3103/1668 3115/3115/1675
f 3104/3104/1669 3115/3115/1675 3116/3116/1676
f 1638/1638/422 1637/1637/421 3121/3121/1680
f 1638/1638/422 3121/3121/1680 3122/3122/1681
f 1637/1637/421 1640/1640/424 3123/3123/1682
f 1637/1637/421 3123/3123/1682 3121/3121/1680
f 1640/1640/424 1641/1641/425 3124/3124/1683
f 1640/1640/424 3124/3124/1683 3123/3123/1682
f 1641/1641/425 1642/1642/426 3125/3125/1684
f 1641/1641/425 3125/3125/1684 3124/3124/1683
f 1642/1642/426 1643/1643/427 3126/3126/1685
f 1642/1642/426 3126/3126/1685 3125/3125/1684
f 1643/1643/427 1638/1638/422 3122/3122/1681
f 1643/1643/427 3122/3122/1681 3127/3127/1686
f 3122/3122/1681 3121/3121/1680 3128/3128/1687
f 3122/3122/1681 3128/3128/1687 3129/3129/1688
f 3121/3121/1680 3123/3123/1682 3130/3130/1689
f 3121/3121/1680 3130/3130/1689 3131/3131/1690
f 3123/3123/1682 3124/3124/1683 3132/3132/1691
f 3123/3123/1682 3132/3132/1691 3133/3133/1692
f 3124/3124/1683 3125/3125/1684 3134/3134/1693
f 3124/3124/1683 3134/3134/1693 3135/3135/1694
f 3125/3125/1684 3126/3126/1685 3136/3136/1695
f 3125/3125/1684 3136/3136/1695 3137/3137/1696
f 3127/3127/1686 3122/3122/1681 3138/3138/1697
f 3127/3127/1686 3138/3138/1697 3139/3139/1698
f 3129/3129/1688 3128/3128/1687 3140/3140/1699
f 3129/3129/1688 3140/3140/1699 3141/3141/1700
f 3131/3131/1690 3130/3130/1689 3142/3142/1701
f 3131/3131/1690 3142/3142/1701 3140/3140/1699
f 3133/3133/1692 3132/3132/1691 3143/3143/1702
f 3133/3133/1692 3143/3143/1702 3144/3144/1703
f 3135/3135/1694 3134/3134/1693 3145/3145/1704
f 3135/3135/1694 3145/3145/1704 3143/3143/1702
f 3137/3137/1696 3136/3136/1695 3146/3146/1705
f 3137/3137/1696 3146/3146/1705 3145/3145/1704
f 3139/3139/1698 3138/3138/1697 3141/3141/1700
f 3139/3139/1698 3141/3141/1700 3146/3146/1705
f 3141/3141/1700 3140/3140/1699 1645/1645/429
f 3141/3141/1700 1645/1645/429 1644/1644/428
f 3140/3140/1699 3142/3142/1701 1647/1647/431
f 3140/3140/1699 1647/1647/431 1645/1645/429
f 3144/3144/1703 3143/3143/1702 1648/1648/432
f 3144/3144/1703 1648/1648/432 1647/1647/431
f 3143/3143/1702 3145/3145/1704 1649/1649/433
f 3143/3143/1702 1649/1649/433 1648/1648/432
f 3145/3145/1704 3146/3146/1705 1650/1650/434
f 3145/3145/1704 1650/1650/434 1649/1649/433
f 3146/3146/1705 3141/3141/1700 1644/1644/428
f 3146/3146/1705 1644/1644/428 1650/1650/434
f 1652/1652/436 1651/1651/435 3147/3147/1706
f 1652/1652/436 3147/3147/1706 3148/3148/1707
f 1651/1651/435 1654/1654/438 3149/3149/1708
f 1651/1651/435 3149/3149/1708 3147/3147/1706
f 1654/1654/438 1655/1655/439 3150/3150/1709
f 1654/1654/438 3150/3150/1709 3149/3149/1708
f 1655/1655/439 1656/1656/440 3151/3151/1710
f 1655/1655/439 3151/3151/1710 3150/3150/1709
f 1656/1656/440 1657/1657/441 3152/3152/1711
f 1656/1656/440 3152/3152/1711 3151/3151/1710
f 1657/1657/441 1652/1652/436 3148/3148/1707
f 1657/1657/441 3148/3148/1707 3153/3153/1712
f 3148/3148/1707 3147/3147/1706 3154/3154/1713
f 3148/3148/1707 3154/3154/1713 3155/3155/1714
f 3147/3147/1706 3149/3149/1708 3156/3156/1715
f 3147/3147/1706 3156/3156/1715 3157/3157/1716
f 3149/3149/1708 3150/3150/1709 3158/3158/1717
f 3149/3149/1708 3158/3158/1717 3159/3159/1718
f 3150/3150/1709 3151/3151/1710 3160/3160/1719
f 3150/3150/1709 3160/3160/1719 3161/3161/1720
f 3151/3151/1710 3152/3152/1711 3162/3162/1721
f 3151/3151/1710 3162/3162/1721 3163/3163/1722
f 3153/3153/1712 3148/3148/1707 3164/3164/1723
f 3153/3153/1712 3164/3164/1723 3165/3165/1724
f 3155/3155/1714 3154/3154/1713 3166/3166/1725
f 3155/3155/1714 3166/3166/1725 3167/3167/1726
f 3157/3157/1716 3156/3156/1715 3168/3168/1727
f 3157/3157/1716 3168/3168/1727 3166/3166/1725
f 3159/3159/1718 3158/3158/1717 3169/3169/1728
f 3159/3159/1718 3169/3169/1728 3170/3170/1729
f 3161/3161/1720 3160/3160/1719 3171/3171/1730
f 3161/3161/1720 3171/3171/1730 3169/3169/1728
f 3163/3163/1722 3162/3162/1721 3172/3172/1731
f 3163/3163/1722 3172/3172/1731 3171/3171/1730
f 3165/3165/1724 3164/3164/1723 3167/3167/1726
f 3165/3165/1724 3167/3167/1726 3172/3172/1731
f 3167/3167/1726 3166/3166/1725 1659/1659/443
f 3167/3167/1726 1659/1659/443 1658/1658/442
f 3166/3166/1725 3168/3168/1727 1661/1661/445
f 3166/3166/1725 1661/1661/445 1659/1659/443
f 3170/3170/1729 3169/3169/1728 1662/1662/446
f 3170/3170/1729 1662/1662/446 1661/1661/445
f 3169/3169/1728 3171/3171/1730 1663/1663/447
f 3169/3169/1728 1663/1663/447 1662/1662/446
f 3171/3171/1730 3172/3172/1731 1664/1664/448
f 3171/3171/1730 1664/1664/448 1663/1663/447
f 3172/3172/1731 3167/3167/1726 1658/1658/442
f 3172/3172/1731 1658/1658/442 1664/1664/448
f 3173/3173/1732 3174/3174/1733 3175/3175/1734
f 3173/3173/1732 3175/3175/1734 3176/3176/1735
f 3174/3174/1733 3177/3177/1736 3178/3178/1737
f 3174/3174/1733 3178/3178/1737 3175/3175/1734
f 3177/3177/1736 3179/3179/1738 3180/3180/1739
f 3177/3177/1736 3180/3180/1739 3178/3178/1737
f 3179/3179/1738 3181/3181/1740 3182/3182/1741
f 3179/3179/1738 3182/3182/1741 3180/3180/1739
f 3181/3181/1740 3183/3183/1742 3184/3184/1743
f 3181/3181/1740 3184/3184/1743 3182/3182/1741
f 3183/3183/1742 3185/3185/1744 3186/3186/1745
f 3183/3183/1742 3186/3186/1745 3184/3184/1743
f 3185/3185/1744 3187/3187/1746 3188/3188/1747
f 3185/3185/1744 3188/3188/1747 3186/3186/1745
f 3187/3187/1746 3189/3189/1748 3190/3190/1749
f 3187/3187/1746 3190/3190/1749 3188/3188/1747
f 3189/3189/1748 3191/3191/1750 3192/3192/1751
f 3189/3189/1748 3192/3192/1751 3190/3190/1749
f 3191/3191/1750 3173/3173/1732 3176/3176/1735
f 3191/3191/1750 3176/3176/1735 3192/3192/1751
f 658/658/121 664/664/121 659/659/121
f 660/660/121 663/663/121 661/661/121
f 662/662/121 663/663/121 3193/3193/121
f 3194/3194/1752 3195/3195/1753 3196/3196/1754
f 3194/3194/1752 3196/3196/1754 3197/3197/1755
f 3195/3195/1753 3198/3198/1756 3199/3199/1757
f 3195/3195/1753 3199/3199/1757 3196/3196/1754
f 3198/3198/1756 3200/3200/1758 3201/3201/1759
f 3198/3198/1756 3201/3201/1759 3199/3199/1757
f 3200/3200/1758 3202/3202/1760 3203/3203/1761
f 3200/3200/1758 3203/3203/1761 3201/3201/1759
f 3202/3202/1760 3204/3204/1762 3205/3205/1763
f 3202/3202/1760 3205/3205/1763 3203/3203/1761
f 3204/3204/1762 3206/3206/1764 3207/3207/1765
f 3204/3204/1762 3207/3207/1765 3205/3205/1763
f 3208/3208/1766 3209/3209/1767 3210/3210/1768
f 3208/3208/1766 3210/3210/1768 3211/3211/1765
f 3209/3209/1767 3194/3194/1752 3197/3197/1755
f 3209/3209/1767 3197/3197/1755 3210/3210/1768
f 3212/3212/1769 3213/3213/1770 3214/3214/1771
f 3213/3213/1770 1665/1665/449 1667/1667/451
f 3213/3213/1770 1667/1667/451 3214/3214/1771
f 1666/1666/450 1668/1668/452 1670/1670/454
f 1666/1666/450 1670/1670/454 1667/1667/451
f 1669/1669/453 3215/3215/1772 3216/3216/1773
f 1669/1669/453 3216/3216/1773 1670/1670/454
f 1672/1672/456 3212/3212/1769 3214/3214/1771
f 1672/1672/456 3214/3214/1771 1673/1673/457
f 3205/3205/1763 3207/3207/1765 3217/3217/1774
f 3205/3205/1763 3217/3217/1774 3218/3218/1775
f 3203/3203/1761 3205/3205/1763 3218/3218/1775
f 3203/3203/1761 3218/3218/1775 3219/3219/1776
f 3201/3201/1759 3203/3203/1761 3219/3219/1776
f 3201/3201/1759 3219/3219/1776 3220/3220/1777
f 3199/3199/1757 3201/3201/1759 3220/3220/1777
f 3199/3199/1757 3220/3220/1777 3221/3221/1778
f 3196/3196/1754 3199/3199/1757 3221/3221/1778
f 3196/3196/1754 3221/3221/1778 3222/3222/1779
f 3197/3197/1755 3196/3196/1754 3222/3222/1779
f 3197/3197/1755 3222/3222/1779 3223/3223/1780
f 3210/3210/1768 3197/3197/1755 3223/3223/1780
f 3210/3210/1768 3223/3223/1780 3224/3224/1781
f 3211/3211/1765 3210/3210/1768 3224/3224/1781
f 3211/3211/1765 3224/3224/1781 3225/3225/1782
f 3226/3226/1783 3227/3227/1784 3228/3228/1785
f 3226/3226/1783 3228/3228/1785 3229/3229/1783
f 3230/3230/1786 3231/3231/1787 3232/3232/1788
f 3230/3230/1786 3232/3232/1788 3233/3233/1789
f 3234/3234/1790 3235/3235/1791 3236/3236/1792
f 3234/3234/1790 3236/3236/1792 3237/3237/1790
f 3238/3238/1793 3239/3239/1793 3240/3240/1793
f 3238/3238/1793 3240/3240/1793 3241/3241/1793
f 3242/3242/1794 3243/3243/1795 3244/3244/1795
f 3242/3242/1794 3244/3244/1795 3245/3245/1796
f 3246/3246/1797 3247/3247/1798 3248/3248/1799
f 3246/3246/1797 3248/3248/1799 3249/3249/1799
f 3250/3250/1800 3251/3251/1801 3252/3252/1802
f 3250/3250/1800 3252/3252/1802 3253/3253/1803
f 3235/3235/1791 3254/3254/1804 3255/3255/1805
f 3235/3235/1791 3255/3255/1805 3236/3236/1792
f 3228/3228/1785 3227/3227/1784 3256/3256/1806
f 3228/3228/1785 3256/3256/1806 3257/3257/1807
f 3232/3232/1788 3231/3231/1787 3258/3258/1808
f 3232/3232/1788 3258/3258/1808 3259/3259/1809
f 3254/3254/1804 3242/3242/1794 3245/3245/1796
f 3254/3254/1804 3245/3245/1796 3255/3255/1805
f 3257/3257/1807 3256/3256/1806 3247/3247/1798
f 3257/3257/1807 3247/3247/1798 3246/3246/1797
f 3259/3259/1809 3258/3258/1808 3251/3251/1801
f 3259/3259/1809 3251/3251/1801 3250/3250/1800
f 3260/3260/1810 3261/3261/1811 3262/3262/1812
f 3260/3260/1810 3262/3262/1812 3263/3263/1813
f 3261/3261/1811 3264/3264/1814 3265/3265/1815
f 3261/3261/1811 3265/3265/1815 3262/3262/1812
f 3264/3264/1814 3266/3266/1816 3267/3267/1817
f 3264/3264/1814 3267/3267/1817 3265/3265/1815
f 3266/3266/1816 3268/3268/1818 3269/3269/1819
f 3266/3266/1816 3269/3269/1819 3267/3267/1817
f 3268/3268/1818 3270/3270/1820 3271/3271/1821
f 3268/3268/1818 3271/3271/1821 3269/3269/1819
f 3270/3270/1820 3272/3272/1822 3273/3273/1823
f 3270/3270/1820 3273/3273/1823 3271/3271/1821
f 3272/3272/1822 3274/3274/1824 3275/3275/1825
f 3272/3272/1822 3275/3275/1825 3273/3273/1823
f 3274/3274/1824 3276/3276/1826 3277/3277/1827
f 3274/3274/1824 3277/3277/1827 3275/3275/1825
f 3276/3276/1826 3278/3278/1828 3279/3279/1829
f 3276/3276/1826 3279/3279/1829 3277/3277/1827
f 3278/3278/1828 3260/3260/1810 3263/3263/1813
f 3278/3278/1828 3263/3263/1813 3279/3279/1829
f 775/775/143 3280/3280/143 776/776/143
f 782/782/146 784/784/146 3281/3281/146
f 797/797/151 799/799/151 3282/3282/151
f 816/816/157 3283/3283/157 817/817/157
f 835/835/153 837/837/153 3284/3284/153
f 3285/3285/1810 3286/3286/1811 3287/3287/1812
f 3285/3285/1810 3287/3287/1812 3288/3288/1830
f 3286/3286/1811 3289/3289/1814 3290/3290/1815
f 3286/3286/1811 3290/3290/1815 3287/3287/1812
f 3289/3289/1814 3291/3291/1816 3292/3292/1817
f 3289/3289/1814 3292/3292/1817 3290/3290/1815
f 3291/3291/1816 3293/3293/1818 3294/3294/1819
f 3291/3291/1816 3294/3294/1819 3292/3292/1817
f 3293/3293/1818 3295/3295/1820 3296/3296/1821
f 3293/3293/1818 3296/3296/1821 3294/3294/1819
f 3295/3295/1820 3297/3297/1822 3298/3298/1823
f 3295/3295/1820 3298/3298/1823 3296/3296/1821
f 3297/3297/1822 3299/3299/1824 3300/3300/1825
f 3297/3297/1822 3300/3300/1825 3298/3298/1823
f 3299/3299/1824 3301/3301/1826 3302/3302/1827
f 3299/3299/1824 3302/3302/1827 3300/3300/1825
f 3301/3301/1826 3303/3303/1828 3304/3304/1829
f 3301/3301/1826 3304/3304/1829 3302/3302/1827
f 3303/3303/1828 3285/3285/1810 3288/3288/1830
f 3303/3303/1828 3288/3288/1830 3304/3304/1829
f 856/856/147 3305/3305/147 857/857/147
f 867/867/141 3306/3306/141 868/868/141
f 3307/3307/1831 3308/3308/1832 3309/3309/1833
f 3307/3307/1831 3309/3309/1833 3310/3310/1831
f 3311/3311/1834 3312/3312/1835 3313/3313/1836
f 3311/3311/1834 3313/3313/1836 3314/3314/1837
f 3315/3315/1838 3316/3316/1839 3317/3317/1840
f 3315/3315/1838 3317/3317/1840 3318/3318/1838
f 3319/3319/1841 3320/3320/1794 3321/3321/1794
f 3319/3319/1841 3321/3321/1794 3322/3322/1842
f 3323/3323/1843 3324/3324/1844 3325/3325/1845
f 3323/3323/1843 3325/3325/1845 3326/3326/1845
f 3327/3327/1846 3328/3328/1847 3329/3329/1848
f 3327/3327/1846 3329/3329/1848 3330/3330/1849
f 3316/3316/1839 3331/3331/1850 3332/3332/1851
f 3316/3316/1839 3332/3332/1851 3317/3317/1840
f 3309/3309/1833 3308/3308/1832 3333/3333/1852
f 3309/3309/1833 3333/3333/1852 3334/3334/1853
f 3313/3313/1836 3312/3312/1835 3335/3335/1854
f 3313/3313/1836 3335/3335/1854 3336/3336/1855
f 3331/3331/1850 3319/3319/1841 3322/3322/1842
f 3331/3331/1850 3322/3322/1842 3332/3332/1851
f 3334/3334/1853 3333/3333/1852 3324/3324/1844
f 3334/3334/1853 3324/3324/1844 3323/3323/1843
f 3336/3336/1855 3335/3335/1854 3328/3328/1847
f 3336/3336/1855 3328/3328/1847 3327/3327/1846
f 3337/3337/1856 3338/3338/1857 3339/3339/1858
f 3337/3337/1856 3339/3339/1858 3340/3340/1859
f 3338/3338/1857 3341/3341/1860 3342/3342/1861
f 3338/3338/1857 3342/3342/1861 3339/3339/1858
f 3341/3341/1860 3343/3343/1862 3344/3344/1863
f 3341/3341/1860 3344/3344/1863 3342/3342/1861
f 3343/3343/1862 3345/3345/1864 3346/3346/1865
f 3343/3343/1862 3346/3346/1865 3344/3344/1863
f 3345/3345/1864 3347/3347/1866 3348/3348/1867
f 3345/3345/1864 3348/3348/1867 3346/3346/1865
f 3347/3347/1866 3349/3349/1868 3350/3350/1869
f 3347/3347/1866 3350/3350/1869 3348/3348/1867
f 3349/3349/1868 3351/3351/1870 3352/3352/1871
f 3349/3349/1868 3352/3352/1871 3350/3350/1869
f 3351/3351/1870 3353/3353/1872 3354/3354/1873
f 3351/3351/1870 3354/3354/1873 3352/3352/1871
f 3353/3353/1872 3355/3355/1874 3356/3356/1875
f 3353/3353/1872 3356/3356/1875 3354/3354/1873
f 3357/3357/1876 3337/3337/1856 3340/3340/1859
f 3357/3357/1876 3340/3340/1859 3358/3358/1875
f 905/905/2 907/907/2 902/902/2
f 3359/3359/1877 3360/3360/1878 3361/3361/1879
f 3359/3359/1877 3361/3361/1879 3362/3362/1880
f 3360/3360/1878 3363/3363/1881 3364/3364/1882
f 3360/3360/1878 3364/3364/1882 3361/3361/1879
f 3363/3363/1881 3365/3365/1883 3366/3366/1884
f 3363/3363/1881 3366/3366/1884 3364/3364/1882
f 3365/3365/1883 3367/3367/1885 3368/3368/1886
f 3365/3365/1883 3368/3368/1886 3366/3366/1884
f 3367/3367/1885 3369/3369/1887 3370/3370/1888
f 3367/3367/1885 3370/3370/1888 3368/3368/1886
f 3369/3369/1887 3371/3371/1889 3372/3372/1890
f 3369/3369/1887 3372/3372/1890 3370/3370/1888
f 3371/3371/1889 3373/3373/1891 3374/3374/1892
f 3371/3371/1889 3374/3374/1892 3372/3372/1890
f 3373/3373/1891 3375/3375/1893 3376/3376/1894
f 3373/3373/1891 3376/3376/1894 3374/3374/1892
f 3375/3375/1893 3377/3377/1895 3378/3378/1896
f 3375/3375/1893 3378/3378/1896 3376/3376/1894
f 3377/3377/1895 3379/3379/1877 3380/3380/1880
f 3377/3377/1895 3380/3380/1880 3378/3378/1896
f 3381/3381/1897 3382/3382/1898 3383/3383/1899
f 3381/3381/1897 3383/3383/1899 3384/3384/1900
f 3382/3382/1898 3385/3385/1901 3386/3386/1902
f 3382/3382/1898 3386/3386/1902 3383/3383/1899
f 3385/3385/1901 3387/3387/1903 3388/3388/1904
f 3385/3385/1901 3388/3388/1904 3386/3386/1902
f 3387/3387/1903 3389/3389/1905 3390/3390/1906
f 3387/3387/1903 3390/3390/1906 3388/3388/1904
f 3389/3389/1905 3391/3391/1907 3392/3392/1908
f 3389/3389/1905 3392/3392/1908 3390/3390/1906
f 3391/3391/1907 3393/3393/1909 3394/3394/1910
f 3391/3391/1907 3394/3394/1910 3392/3392/1908
f 3393/3393/1909 3395/3395/1911 3396/3396/1912
f 3393/3393/1909 3396/3396/1912 3394/3394/1910
f 3395/3395/1911 3397/3397/1913 3398/3398/1914
f 3395/3395/1911 3398/3398/1914 3396/3396/1912
f 3397/3397/1913 3399/3399/1915 3400/3400/1916
f 3397/3397/1913 3400/3400/1916 3398/3398/1914
f 3399/3399/1915 3381/3381/1897 3384/3384/1900
f 3399/3399/1915 3384/3384/1900 3400/3400/1916
f 3382/3382/1898 3381/3381/1897 3401/3401/1917
f 3382/3382/1898 3401/3401/1917 3402/3402/1918
f 3385/3385/1901 3382/3382/1898 3402/3402/1918
f 3385/3385/1901 3402/3402/1918 3403/3403/1919
f 3387/3387/1903 3385/3385/1901 3403/3403/1919
f 3387/3387/1903 3403/3403/1919 3404/3404/1920
f 3389/3389/1905 3387/3387/1903 3404/3404/1920
f 3389/3389/1905 3404/3404/1920 3405/3405/1921
f 3391/3391/1907 3389/3389/1905 3405/3405/1921
f 3391/3391/1907 3405/3405/1921 3406/3406/1922
f 3393/3393/1909 3391/3391/1907 3406/3406/1922
f 3393/3393/1909 3406/3406/1922 3407/3407/1923
f 3395/3395/1911 3393/3393/1909 3407/3407/1923
f 3395/3395/1911 3407/3407/1923 3408/3408/1924
f 3397/3397/1913 3395/3395/1911 3408/3408/1924
f 3397/3397/1913 3408/3408/1924 3409/3409/1925
f 3399/3399/1915 3397/3397/1913 3409/3409/1925
f 3399/3399/1915 3409/3409/1925 3410/3410/1926
f 3381/3381/1897 3399/3399/1915 3410/3410/1926
f 3381/3381/1897 3410/3410/1926 3401/3401/1917
f 3402/3402/1918 3401/3401/1917 3411/3411/1927
f 3402/3402/1918 3411/3411/1927 3412/3412/1928
f 3403/3403/1919 3402/3402/1918 3412/3412/1928
f 3403/3403/1919 3412/3412/1928 3413/3413/1929
f 3404/3404/1920 3403/3403/1919 3413/3413/1929
f 3404/3404/1920 3413/3413/1929 3414/3414/1930
f 3405/3405/1921 3404/3404/1920 3414/3414/1930
f 3405/3405/1921 3414/3414/1930 3415/3415/1931
f 3406/3406/1922 3405/3405/1921 3415/3415/1931
f 3406/3406/1922 3415/3415/1931 3416/3416/1932
f 3407/3407/1923 3406/3406/1922 3416/3416/1932
f 3407/3407/1923 3416/3416/1932 3417/3417/1933
f 3408/3408/1924 3407/3407/1923 3417/3417/1933
f 3408/3408/1924 3417/3417/1933 3418/3418/1934
f 3409/3409/1925 3408/3408/1924 3418/3418/1934
f 3409/3409/1925 3418/3418/1934 3419/3419/1935
f 3410/3410/1926 3409/3409/1925 3419/3419/1935
f 3410/3410/1926 3419/3419/1935 3420/3420/1936
f 3401/3401/1917 3410/3410/1926 3420/3420/1936
f 3401/3401/1917 3420/3420/1936 3411/3411/1927
f 922/922/174 3421/3421/174 923/923/174
f 3422/3422/1937 3423/3423/1938 3424/3424/1937
f 3422/3422/1937 3424/3424/1937 3425/3425/1939
f 3426/3426/1940 3427/3427/1941 3428/3428/1942
f 3426/3426/1940 3428/3428/1942 3429/3429/1943
f 3430/3430/1944 3431/3431/1945 3432/3432/1946
f 3430/3430/1944 3432/3432/1946 3433/3433/1947
f 3434/3434/1948 3435/3435/1949 3436/3436/1948
f 3434/3434/1948 3436/3436/1948 3437/3437/1950
f 935/935/178 937/937/178 938/938/178
f 3438/3438/1951 3439/3439/1952 3440/3440/1953
f 3438/3438/1951 3440/3440/1953 3441/3441/1954
f 3439/3439/1952 3442/3442/1955 3443/3443/1956
f 3439/3439/1952 3443/3443/1956 3440/3440/1953
f 3442/3442/1955 3444/3444/1957 3445/3445/1958
f 3442/3442/1955 3445/3445/1958 3443/3443/1956
f 3444/3444/1957 3446/3446/1959 3447/3447/1960
f 3444/3444/1957 3447/3447/1960 3445/3445/1958
f 3446/3446/1959 3448/3448/1961 3449/3449/1962
f 3446/3446/1959 3449/3449/1962 3447/3447/1960
f 3448/3448/1961 3450/3450/1963 3451/3451/1964
f 3448/3448/1961 3451/3451/1964 3449/3449/1962
f 3450/3450/1963 3452/3452/1965 3453/3453/1966
f 3450/3450/1963 3453/3453/1966 3451/3451/1964
f 3452/3452/1965 3454/3454/1967 3455/3455/1968
f 3452/3452/1965 3455/3455/1968 3453/3453/1966
f 3454/3454/1967 3456/3456/1969 3457/3457/1970
f 3454/3454/1967 3457/3457/1970 3455/3455/1968
f 3458/3458/1969 3438/3438/1951 3441/3441/1954
f 3458/3458/1969 3441/3441/1954 3459/3459/1970
f 951/951/5 957/957/5 952/952/5
f 956/956/5 955/955/5 3460/3460/5
f 3461/3461/1971 3462/3462/1972 3463/3463/1973
f 3461/3461/1971 3463/3463/1973 3464/3464/1974
f 3462/3462/1972 3465/3465/1975 3466/3466/1976
f 3462/3462/1972 3466/3466/1976 3463/3463/1973
f 3465/3465/1975 3467/3467/1977 3468/3468/1978
f 3465/3465/1975 3468/3468/1978 3466/3466/1976
f 3467/3467/1977 3469/3469/1979 3470/3470/1980
f 3467/3467/1977 3470/3470/1980 3468/3468/1978
f 3469/3469/1979 3471/3471/1981 3472/3472/1982
f 3469/3469/1979 3472/3472/1982 3470/3470/1980
f 3471/3471/1981 3473/3473/1983 3474/3474/1984
f 3471/3471/1981 3474/3474/1984 3472/3472/1982
f 3473/3473/1983 3475/3475/1985 3476/3476/1986
f 3473/3473/1983 3476/3476/1986 3474/3474/1984
f 3475/3475/1985 3477/3477/1987 3478/3478/1988
f 3475/3475/1985 3478/3478/1988 3476/3476/1986
f 3477/3477/1987 3479/3479/1989 3480/3480/1990
f 3477/3477/1987 3480/3480/1990 3478/3478/1988
f 3479/3479/1989 3481/3481/1971 3482/3482/1974
f 3479/3479/1989 3482/3482/1974 3480/3480/1990
f 3483/3483/1991 3484/3484/1992 3485/3485/1993
f 3483/3483/1991 3485/3485/1993 3486/3486/1994
f 3484/3484/1992 3487/3487/1995 3488/3488/1996
f 3484/3484/1992 3488/3488/1996 3485/3485/1993
f 3487/3487/1995 3489/3489/1997 3490/3490/1998
f 3487/3487/1995 3490/3490/1998 3488/3488/1996
f 3489/3489/1997 3491/3491/1999 3492/3492/2000
f 3489/3489/1997 3492/3492/2000 3490/3490/1998
f 3491/3491/1999 3493/3493/2001 3494/3494/2002
f 3491/3491/1999 3494/3494/2002 3492/3492/2000
f 3493/3493/2001 3495/3495/2003 3496/3496/2004
f 3493/3493/2001 3496/3496/2004 3494/3494/2002
f 3495/3495/2003 3497/3497/2005 3498/3498/2006
f 3495/3495/2003 3498/3498/2006 3496/3496/2004
f 3497/3497/2005 3499/3499/2007 3500/3500/2008
f 3497/3497/2005 3500/3500/2008 3498/3498/2006
f 3499/3499/2007 3501/3501/2009 3502/3502/2010
f 3499/3499/2007 3502/3502/2010 3500/3500/2008
f 3501/3501/2009 3483/3483/1991 3486/3486/1994
f 3501/3501/2009 3486/3486/1994 3502/3502/2010
f 3484/3484/1992 3483/3483/1991 3503/3503/2011
f 3484/3484/1992 3503/3503/2011 3504/3504/2012
f 3487/3487/1995 3484/3484/1992 3504/3504/2012
f 3487/3487/1995 3504/3504/2012 3505/3505/2013
f 3489/3489/1997 3487/3487/1995 3505/3505/2013
f 3489/3489/1997 3505/3505/2013 3506/3506/2014
f 3491/3491/1999 3489/3489/1997 3506/3506/2014
f 3491/3491/1999 3506/3506/2014 3507/3507/2015
f 3493/3493/2001 3491/3491/1999 3507/3507/2015
f 3493/3493/2001 3507/3507/2015 3508/3508/2016
f 3495/3495/2003 3493/3493/2001 3508/3508/2016
f 3495/3495/2003 3508/3508/2016 3509/3509/2017
f 3497/3497/2005 3495/3495/2003 3509/3509/2017
f 3497/3497/2005 3509/3509/2017 3510/3510/2018
f 3499/3499/2007 3497/3497/2005 3510/3510/2018
f 3499/3499/2007 3510/3510/2018 3511/3511/2019
f 3501/3501/2009 3499/3499/2007 3511/3511/2019
f 3501/3501/2009 3511/3511/2019 3512/3512/2020
f 3483/3483/1991 3501/3501/2009 3512/3512/2020
f 3483/3483/1991 3512/3512/2020 3503/3503/2011
f 3504/3504/2012 3503/3503/2011 3513/3513/2021
f 3504/3504/2012 3513/3513/2021 3514/3514/2022
f 3505/3505/2013 3504/3504/2012 3514/3514/2022
f 3505/3505/2013 3514/3514/2022 3515/3515/2023
f 3506/3506/2014 3505/3505/2013 3515/3515/2023
f 3506/3506/2014 3515/3515/2023 3516/3516/2024
f 3507/3507/2015 3506/3506/2014 3516/3516/2024
f 3507/3507/2015 3516/3516/2024 3517/3517/2025
f 3508/3508/2016 3507/3507/2015 3517/3517/2025
f 3508/3508/2016 3517/3517/2025 3518/3518/2026
f 3509/3509/2017 3508/3508/2016 3518/3518/2026
f 3509/3509/2017 3518/3518/2026 3519/3519/2027
f 3510/3510/2018 3509/3509/2017 3519/3519/2027
f 3510/3510/2018 3519/3519/2027 3520/3520/2028
f 3511/3511/2019 3510/3510/2018 3520/3520/2028
f 3511/3511/2019 3520/3520/2028 3521/3521/2029
f 3512/3512/2020 3511/3511/2019 3521/3521/2029
f 3512/3512/2020 3521/3521/2029 3522/3522/2030
f 3503/3503/2011 3512/3512/2020 3522/3522/2030
f 3503/3503/2011 3522/3522/2030 3513/3513/2021
f 3523/3523/2031 3524/3524/2032 3525/3525/2031
f 3523/3523/2031 3525/3525/2031 3526/3526/2033
f 3527/3527/2034 3528/3528/2035 3529/3529/2036
f 3527/3527/2034 3529/3529/2036 3530/3530/2037
f 3531/3531/2038 3532/3532/2039 3533/3533/2040
f 3531/3531/2038 3533/3533/2040 3534/3534/2041
f 3535/3535/2042 3536/3536/2043 3537/3537/2042
f 3535/3535/2042 3537/3537/2042 3538/3538/2044
f 972/972/2045 3539/3539/2045 971/971/2045
f 973/973/2046 3540/3540/2046 3541/3541/2046
f 973/973/2046 3541/3541/2046 974/974/2046
f 973/973/187 975/975/187 3542/3542/187
f 3543/3543/2047 3544/3544/2048 3545/3545/2049
f 3543/3543/2047 3545/3545/2049 3546/3546/2050
f 3547/3547/2051 3548/3548/2052 3549/3549/2053
f 3547/3547/2051 3549/3549/2053 3550/3550/2054
f 3548/3548/2052 3551/3551/2055 3552/3552/2056
f 3548/3548/2052 3552/3552/2056 3549/3549/2053
f 3551/3551/2055 3553/3553/2057 3554/3554/2058
f 3551/3551/2055 3554/3554/2058 3552/3552/2056
f 3553/3553/2057 3555/3555/2059 3556/3556/2060
f 3553/3553/2057 3556/3556/2060 3554/3554/2058
f 3555/3555/2059 3543/3543/2047 3546/3546/2050
f 3555/3555/2059 3546/3546/2050 3556/3556/2060
f 3557/3557/2061 3558/3558/2062 3559/3559/2063
f 3557/3557/2061 3559/3559/2063 3560/3560/2064
f 3561/3561/2065 3557/3557/2061 3560/3560/2064
f 3561/3561/2065 3560/3560/2064 3562/3562/2066
f 3563/3563/2067 3561/3561/2065 3562/3562/2066
f 3563/3563/2067 3562/3562/2066 3564/3564/2068
f 3565/3565/2069 3563/3563/2067 3564/3564/2068
f 3565/3565/2069 3564/3564/2068 3566/3566/2070
f 3567/3567/2071 3568/3568/2072 3569/3569/2073
f 3567/3567/2071 3569/3569/2073 3570/3570/2074
f 3558/3558/2062 3567/3567/2071 3570/3570/2074
f 3558/3558/2062 3570/3570/2074 3559/3559/2063
f 976/976/2 978/978/2 3571/3571/2
f 3560/3560/2064 3559/3559/2063 3572/3572/2075
f 3560/3560/2064 3572/3572/2075 3573/3573/2076
f 3562/3562/2066 3560/3560/2064 3573/3573/2076
f 3562/3562/2066 3573/3573/2076 3574/3574/2077
f 3564/3564/2068 3562/3562/2066 3574/3574/2077
f 3564/3564/2068 3574/3574/2077 3575/3575/2078
f 3566/3566/2070 3564/3564/2068 3575/3575/2078
f 3566/3566/2070 3575/3575/2078 3576/3576/2079
f 3577/3577/2080 3578/3578/2081 3579/3579/2082
f 3577/3577/2080 3579/3579/2082 3580/3580/2083
f 3569/3569/2073 3577/3577/2080 3580/3580/2083
f 3569/3569/2073 3580/3580/2083 3581/3581/2084
f 3570/3570/2074 3569/3569/2073 3581/3581/2084
f 3570/3570/2074 3581/3581/2084 3582/3582/2085
f 3559/3559/2063 3570/3570/2074 3582/3582/2085
f 3559/3559/2063 3582/3582/2085 3572/3572/2075
f 3583/3583/2086 3584/3584/2087 3585/3585/2088
f 3583/3583/2086 3585/3585/2088 3586/3586/2089
f 3587/3587/2090 3588/3588/2091 3589/3589/2092
f 3587/3587/2090 3589/3589/2092 3590/3590/2093
f 3590/3590/2093 3589/3589/2092 3591/3591/2094
f 3590/3590/2093 3591/3591/2094 3592/3592/2095
f 3592/3592/2095 3591/3591/2094 3593/3593/2096
f 3592/3592/2095 3593/3593/2096 3594/3594/2097
f 3594/3594/2097 3593/3593/2096 3595/3595/2098
f 3594/3594/2097 3595/3595/2098 3596/3596/2099
f 3596/3596/2099 3595/3595/2098 3584/3584/2087
f 3596/3596/2099 3584/3584/2087 3583/3583/2086
f 3597/3597/2100 3598/3598/2101 3599/3599/2102
f 3597/3597/2100 3599/3599/2102 3600/3600/2103
f 3601/3601/2104 3602/3602/2105 3598/3598/2101
f 3601/3601/2104 3598/3598/2101 3597/3597/2100
f 3603/3603/2106 3604/3604/2107 3602/3602/2105
f 3603/3603/2106 3602/3602/2105 3601/3601/2104
f 3605/3605/2108 3606/3606/2109 3604/3604/2107
f 3605/3605/2108 3604/3604/2107 3603/3603/2106
f 3607/3607/2110 3608/3608/2111 3609/3609/2112
f 3607/3607/2110 3609/3609/2112 3610/3610/2113
f 3611/3611/2114 3612/3612/2115 3608/3608/2111
f 3611/3611/2114 3608/3608/2111 3607/3607/2110
f 3613/3613/2116 3614/3614/2117 3612/3612/2115
f 3613/3613/2116 3612/3612/2115 3611/3611/2114
f 3600/3600/2103 3599/3599/2102 3614/3614/2117
f 3600/3600/2103 3614/3614/2117 3613/3613/2116
f 995/995/2 3615/3615/2118 996/996/2
f 3616/3616/2119 3617/3617/2120 3615/3615/2118
f 3616/3616/2119 3615/3615/2118 995/995/2
f 3618/3618/2121 3619/3619/2 3617/3617/2120
f 3618/3618/2121 3617/3617/2120 3616/3616/2119
f 1001/1001/2 1000/1000/2 3620/3620/2122
f 1001/1001/2 3620/3620/2122 3621/3621/2
f 3598/3598/2101 3622/3622/2123 3623/3623/2124
f 3598/3598/2101 3623/3623/2124 3599/3599/2102
f 3602/3602/2105 3624/3624/2125 3622/3622/2123
f 3602/3602/2105 3622/3622/2123 3598/3598/2101
f 3604/3604/2107 3625/3625/2126 3624/3624/2125
f 3604/3604/2107 3624/3624/2125 3602/3602/2105
f 3606/3606/2109 3626/3626/2127 3625/3625/2126
f 3606/3606/2109 3625/3625/2126 3604/3604/2107
f 3608/3608/2111 3627/3627/2128 3628/3628/2129
f 3608/3608/2111 3628/3628/2129 3609/3609/2112
f 3612/3612/2115 3629/3629/2130 3627/3627/2128
f 3612/3612/2115 3627/3627/2128 3608/3608/2111
f 3614/3614/2117 3630/3630/2131 3629/3629/2130
f 3614/3614/2117 3629/3629/2130 3612/3612/2115
f 3599/3599/2102 3623/3623/2124 3630/3630/2131
f 3599/3599/2102 3630/3630/2131 3614/3614/2117
f 3631/3631/2132 3632/3632/2132 3633/3633/2133
f 3631/3631/2132 3633/3633/2133 3634/3634/2134
f 3635/3635/2135 3633/3633/2136 3636/3636/888
f 3635/3635/2135 3636/3636/888 3637/3637/888
f 3638/3638/2137 3639/3639/2138 3640/3640/2139
f 3638/3638/2137 3640/3640/2139 3641/3641/2122
f 3642/3642/2047 3643/3643/2140 3644/3644/2141
f 3642/3642/2047 3644/3644/2141 3645/3645/2142
f 3643/3643/2140 3646/3646/2143 3647/3647/2144
f 3643/3643/2140 3647/3647/2144 3644/3644/2141
f 3646/3646/2143 3648/3648/2145 3649/3649/2146
f 3646/3646/2143 3649/3649/2146 3647/3647/2144
f 3650/3650/2147 3651/3651/2052 3652/3652/2053
f 3650/3650/2147 3652/3652/2053 3653/3653/2054
f 3651/3651/2052 3654/3654/2055 3655/3655/2056
f 3651/3651/2052 3655/3655/2056 3652/3652/2053
f 3654/3654/2055 3656/3656/2057 3657/3657/2058
f 3654/3654/2055 3657/3657/2058 3655/3655/2056
f 3656/3656/2057 3658/3658/2059 3659/3659/2060
f 3656/3656/2057 3659/3659/2060 3657/3657/2058
f 3658/3658/2059 3642/3642/2047 3645/3645/2142
f 3658/3658/2059 3645/3645/2142 3659/3659/2060
f 3660/3660/2061 3661/3661/2062 3662/3662/2063
f 3660/3660/2061 3662/3662/2063 3663/3663/2064
f 3664/3664/2065 3660/3660/2061 3663/3663/2064
f 3664/3664/2065 3663/3663/2064 3665/3665/2066
f 3666/3666/2067 3664/3664/2065 3665/3665/2066
f 3666/3666/2067 3665/3665/2066 3667/3667/2068
f 3668/3668/2069 3666/3666/2067 3667/3667/2068
f 3668/3668/2069 3667/3667/2068 3669/3669/2070
f 3670/3670/2148 3671/3671/2149 3672/3672/2150
f 3670/3670/2148 3672/3672/2150 3673/3673/2151
f 3674/3674/2152 3670/3670/2148 3673/3673/2151
f 3674/3674/2152 3673/3673/2151 3675/3675/2153
f 3676/3676/2071 3674/3674/2152 3675/3675/2153
f 3676/3676/2071 3675/3675/2153 3677/3677/2074
f 3661/3661/2062 3676/3676/2071 3677/3677/2074
f 3661/3661/2062 3677/3677/2074 3662/3662/2063
f 1016/1016/2 1018/1018/2 3678/3678/2154
f 3679/3679/2155 1016/1016/2 3678/3678/2154
f 3679/3679/2155 3678/3678/2154 3680/3680/2156
f 3681/3681/2157 3679/3679/2155 3680/3680/2156
f 3681/3681/2157 3680/3680/2156 3682/3682/2
f 1023/1023/2 1022/1022/2 1025/1025/2
f 3663/3663/2064 3662/3662/2063 3683/3683/2075
f 3663/3663/2064 3683/3683/2075 3684/3684/2076
f 3665/3665/2066 3663/3663/2064 3684/3684/2076
f 3665/3665/2066 3684/3684/2076 3685/3685/2077
f 3667/3667/2068 3665/3665/2066 3685/3685/2077
f 3667/3667/2068 3685/3685/2077 3686/3686/2078
f 3669/3669/2070 3667/3667/2068 3686/3686/2078
f 3669/3669/2070 3686/3686/2078 3687/3687/2079
f 3673/3673/2151 3672/3672/2150 3688/3688/2082
f 3673/3673/2151 3688/3688/2082 3689/3689/2083
f 3675/3675/2153 3673/3673/2151 3689/3689/2083
f 3675/3675/2153 3689/3689/2083 3690/3690/2084
f 3677/3677/2074 3675/3675/2153 3690/3690/2084
f 3677/3677/2074 3690/3690/2084 3691/3691/2085
f 3662/3662/2063 3677/3677/2074 3691/3691/2085
f 3662/3662/2063 3691/3691/2085 3683/3683/2075
f 1033/1033/2 1030/1030/2 1034/1034/2
f 3692/3692/2158 3693/3693/2159 3694/3694/2160
f 3692/3692/2158 3694/3694/2160 3695/3695/2161
f 3696/3696/2162 3697/3697/2163 3698/3698/2164
f 3696/3696/2162 3698/3698/2164 3699/3699/2165
f 3698/3698/2164 3697/3697/2163 3700/3700/2166
f 3698/3698/2164 3700/3700/2166 3701/3701/2167
f 3694/3694/2160 3693/3693/2159 3702/3702/2168
f 3694/3694/2160 3702/3702/2168 3703/3703/2169
f 3695/3695/2161 3694/3694/2160 3704/3704/2170
f 3695/3695/2161 3704/3704/2170 3705/3705/2171
f 3694/3694/2160 3703/3703/2169 3706/3706/2172
f 3694/3694/2160 3706/3706/2172 3704/3704/2170
f 3699/3699/2165 3698/3698/2164 3707/3707/2173
f 3699/3699/2165 3707/3707/2173 3708/3708/2174
f 3698/3698/2164 3701/3701/2167 3709/3709/2175
f 3698/3698/2164 3709/3709/2175 3707/3707/2173
f 3693/3693/2159 3692/3692/2158 3710/3710/2176
f 3693/3693/2159 3710/3710/2176 3711/3711/2177
f 3700/3700/2166 3697/3697/2163 3712/3712/2178
f 3700/3700/2166 3712/3712/2178 3713/3713/2179
f 3697/3697/2163 3696/3696/2162 3714/3714/2180
f 3697/3697/2163 3714/3714/2180 3712/3712/2178
f 3702/3702/2168 3693/3693/2159 3711/3711/2177
f 3702/3702/2168 3711/3711/2177 3715/3715/2181
f 3716/3716/2182 3717/3717/2183 3718/3718/2184
f 3716/3716/2182 3718/3718/2184 3719/3719/2185
f 3720/3720/2186 3721/3721/2187 3722/3722/2188
f 3720/3720/2186 3722/3722/2188 3723/3723/2189
f 3724/3724/2162 3725/3725/2163 3726/3726/2164
f 3724/3724/2162 3726/3726/2164 3727/3727/2165
f 3726/3726/2164 3725/3725/2163 3728/3728/2166
f 3726/3726/2164 3728/3728/2166 3729/3729/2167
f 3722/3722/2188 3721/3721/2187 3730/3730/2190
f 3722/3722/2188 3730/3730/2190 3731/3731/2191
f 3718/3718/2184 3717/3717/2183 3732/3732/2168
f 3718/3718/2184 3732/3732/2168 3733/3733/2169
f 3719/3719/2185 3718/3718/2184 3734/3734/2192
f 3719/3719/2185 3734/3734/2192 3735/3735/2193
f 3721/3721/2187 3720/3720/2186 3736/3736/2194
f 3721/3721/2187 3736/3736/2194 3737/3737/2195
f 3718/3718/2184 3733/3733/2169 3738/3738/2172
f 3718/3718/2184 3738/3738/2172 3734/3734/2192
f 3727/3727/2165 3726/3726/2164 3739/3739/2196
f 3727/3727/2165 3739/3739/2196 3740/3740/2174
f 3726/3726/2164 3729/3729/2167 3741/3741/2175
f 3726/3726/2164 3741/3741/2175 3739/3739/2196
f 3730/3730/2190 3721/3721/2187 3737/3737/2195
f 3730/3730/2190 3737/3737/2195 3742/3742/2197
f 3717/3717/2183 3716/3716/2182 3743/3743/2198
f 3717/3717/2183 3743/3743/2198 3744/3744/2199
f 3723/3723/2189 3722/3722/2188 3745/3745/2200
f 3723/3723/2189 3745/3745/2200 3746/3746/2201
f 3722/3722/2188 3731/3731/2191 3747/3747/2202
f 3722/3722/2188 3747/3747/2202 3745/3745/2200
f 3728/3728/2166 3725/3725/2163 3748/3748/2178
f 3728/3728/2166 3748/3748/2178 3749/3749/2179
f 3725/3725/2163 3724/3724/2162 3750/3750/2180
f 3725/3725/2163 3750/3750/2180 3748/3748/2178
f 3732/3732/2168 3717/3717/2183 3744/3744/2199
f 3732/3732/2168 3744/3744/2199 3751/3751/2181
f 3752/3752/7 3753/3753/2203 3754/3754/2204
f 3752/3752/7 3754/3754/2204 3755/3755/7
f 3756/3756/2205 3752/3752/7 3755/3755/7
f 3756/3756/2205 3755/3755/7 3757/3757/2206
f 3758/3758/2207 3759/3759/2207 3754/3754/2204
f 3758/3758/2207 3754/3754/2204 3753/3753/2203
f 3756/3756/2205 3757/3757/2206 3760/3760/2208
f 3756/3756/2205 3760/3760/2208 3761/3761/2208
f 3762/3762/2209 3763/3763/2210 3764/3764/2211
f 3762/3762/2209 3764/3764/2211 3765/3765/2212
f 3766/3766/2213 3767/3767/2214 3768/3768/2215
f 3766/3766/2213 3768/3768/2215 3769/3769/2216
f 1048/1048/2 59/59/2 57/57/2
f 3768/3768/2215 3770/3770/2217 3771/3771/2218
f 3768/3768/2215 3771/3771/2218 3769/3769/2216
f 3764/3764/2211 3772/3772/2219 3773/3773/2220
f 3764/3764/2211 3773/3773/2220 3765/3765/2212
f 3763/3763/2210 3774/3774/2221 3775/3775/2222
f 3763/3763/2210 3775/3775/2222 3764/3764/2211
f 3764/3764/2211 3775/3775/2222 3776/3776/2223
f 3764/3764/2211 3776/3776/2223 3772/3772/2219
f 3767/3767/2214 3777/3777/2224 3778/3778/2225
f 3767/3767/2214 3778/3778/2225 3768/3768/2215
f 3768/3768/2215 3778/3778/2225 3779/3779/2226
f 3768/3768/2215 3779/3779/2226 3770/3770/2217
f 3765/3765/2212 3780/3780/2227 3781/3781/2228
f 3765/3765/2212 3781/3781/2228 3762/3762/2209
f 3771/3771/2218 3782/3782/2229 3783/3783/2230
f 3771/3771/2218 3783/3783/2230 3769/3769/2216
f 3769/3769/2216 3783/3783/2230 3784/3784/2231
f 3769/3769/2216 3784/3784/2231 3766/3766/2213
f 3773/3773/2220 3785/3785/2232 3780/3780/2227
f 3773/3773/2220 3780/3780/2227 3765/3765/2212
f 3786/3786/6 3787/3787/6 3788/3788/2233
f 3786/3786/6 3788/3788/2233 3789/3789/2234
f 3790/3790/2235 3791/3791/2236 3787/3787/6
f 3790/3790/2235 3787/3787/6 3786/3786/6
f 3792/3792/2237 3789/3789/2234 3788/3788/2233
f 3792/3792/2237 3788/3788/2233 3793/3793/2237
f 3790/3790/2235 3794/3794/2238 3795/3795/2238
f 3790/3790/2235 3795/3795/2238 3791/3791/2236
f 3796/3796/2239 3797/3797/2240 3798/3798/2241
f 3796/3796/2239 3798/3798/2241 3799/3799/2239
f 3797/3797/2240 3800/3800/2242 3801/3801/2242
f 3797/3797/2240 3801/3801/2242 3798/3798/2241
f 3802/3802/2243 3803/3803/2244 3804/3804/2245
f 3802/3802/2243 3804/3804/2245 3805/3805/2246
f 3805/3805/2246 3804/3804/2245 3806/3806/2247
f 3805/3805/2246 3806/3806/2247 3807/3807/2248
f 3807/3807/2248 3806/3806/2247 3808/3808/2249
f 3807/3807/2248 3808/3808/2249 3809/3809/2250
f 3810/3810/2251 3811/3811/2252 3812/3812/2253
f 3810/3810/2251 3812/3812/2253 3813/3813/2254
f 3811/3811/2252 3814/3814/2255 3815/3815/2256
f 3811/3811/2252 3815/3815/2256 3812/3812/2253
f 3814/3814/2255 3816/3816/2257 3817/3817/2258
f 3814/3814/2255 3817/3817/2258 3815/3815/2256
f 3818/3818/2259 3819/3819/2260 3820/3820/2261
f 3818/3818/2259 3820/3820/2261 3821/3821/2259
f 3822/3822/2262 3823/3823/2263 3824/3824/2263
f 3822/3822/2262 3824/3824/2263 3825/3825/2264
f 3819/3819/2260 3826/3826/2265 3827/3827/2266
f 3819/3819/2260 3827/3827/2266 3820/3820/2261
f 3828/3828/2267 3822/3822/2262 3825/3825/2264
f 3828/3828/2267 3825/3825/2264 3829/3829/2268
f 3826/3826/2265 3830/3830/2269 3831/3831/2269
f 3826/3826/2265 3831/3831/2269 3827/3827/2266
f 3832/3832/2270 3828/3828/2267 3829/3829/2268
f 3832/3832/2270 3829/3829/2268 3833/3833/2270
f 3834/3834/2271 3835/3835/2272 3836/3836/2273
f 3834/3834/2271 3836/3836/2273 3837/3837/2271
f 3838/3838/2274 3839/3839/2275 3840/3840/5
f 3838/3838/2274 3840/3840/5 3841/3841/2274
f 3835/3835/2272 3842/3842/2276 3843/3843/2276
f 3835/3835/2272 3843/3843/2276 3836/3836/2273
f 3840/3840/5 3839/3839/2275 3844/3844/2277
f 3840/3840/5 3844/3844/2277 3845/3845/2277
f 3846/3846/2239 3847/3847/2240 3848/3848/2241
f 3846/3846/2239 3848/3848/2241 3849/3849/2239
f 3847/3847/2240 3850/3850/2242 3851/3851/2242
f 3847/3847/2240 3851/3851/2242 3848/3848/2241
f 3852/3852/2278 3853/3853/2244 3854/3854/2245
f 3852/3852/2278 3854/3854/2245 3855/3855/2279
f 3855/3855/2279 3854/3854/2245 3856/3856/2247
f 3855/3855/2279 3856/3856/2247 3857/3857/2248
f 3857/3857/2248 3856/3856/2247 3858/3858/2249
f 3857/3857/2248 3858/3858/2249 3859/3859/2280
f 3860/3860/2281 3861/3861/2282 3862/3862/2253
f 3860/3860/2281 3862/3862/2253 3863/3863/2283
f 3861/3861/2282 3864/3864/2255 3865/3865/2284
f 3861/3861/2282 3865/3865/2284 3862/3862/2253
f 3864/3864/2255 3866/3866/2285 3867/3867/2258
f 3864/3864/2255 3867/3867/2258 3865/3865/2284
f 3868/3868/2259 3869/3869/2260 3870/3870/2261
f 3868/3868/2259 3870/3870/2261 3871/3871/2259
f 3872/3872/2262 3873/3873/2263 3874/3874/2263
f 3872/3872/2262 3874/3874/2263 3875/3875/2264
f 3869/3869/2260 3876/3876/2265 3877/3877/2266
f 3869/3869/2260 3877/3877/2266 3870/3870/2261
f 3878/3878/2267 3872/3872/2262 3875/3875/2264
f 3878/3878/2267 3875/3875/2264 3879/3879/2268
f 3876/3876/2265 3880/3880/2269 3881/3881/2269
f 3876/3876/2265 3881/3881/2269 3877/3877/2266
f 3882/3882/2270 3878/3878/2267 3879/3879/2268
f 3882/3882/2270 3879/3879/2268 3883/3883/2270
f 80/80/6 1125/1125/6 3884/3884/6
f 82/82/7 3885/3885/7 1130/1130/7
f 3886/3886/2286 3887/3887/2287 3888/3888/2288
f 3886/3886/2286 3888/3888/2288 3889/3889/2286
f 3887/3887/2287 3890/3890/2289 3891/3891/2289
f 3887/3887/2287 3891/3891/2289 3888/3888/2288
f 3892/3892/2290 3893/3893/2291 3894/3894/2292
f 3892/3892/2290 3894/3894/2292 3895/3895/2293
f 3895/3895/2293 3894/3894/2292 3896/3896/2294
f 3895/3895/2293 3896/3896/2294 3897/3897/2295
f 3897/3897/2295 3896/3896/2294 3898/3898/2296
f 3897/3897/2295 3898/3898/2296 3899/3899/2297
f 3900/3900/2298 3901/3901/2299 3902/3902/2300
f 3900/3900/2298 3902/3902/2300 3903/3903/2301
f 3901/3901/2299 3904/3904/2302 3905/3905/2303
f 3901/3901/2299 3905/3905/2303 3902/3902/2300
f 3904/3904/2302 3906/3906/2304 3907/3907/2305
f 3904/3904/2302 3907/3907/2305 3905/3905/2303
f 3908/3908/2306 3909/3909/2307 3910/3910/2308
f 3908/3908/2306 3910/3910/2308 3911/3911/2306
f 3912/3912/2309 3913/3913/2310 3914/3914/2310
f 3912/3912/2309 3914/3914/2310 3915/3915/2311
f 3909/3909/2307 3916/3916/2312 3917/3917/2313
f 3909/3909/2307 3917/3917/2313 3910/3910/2308
f 3918/3918/2314 3912/3912/2309 3915/3915/2311
f 3918/3918/2314 3915/3915/2311 3919/3919/2315
f 3916/3916/2312 3920/3920/2316 3921/3921/2316
f 3916/3916/2312 3921/3921/2316 3917/3917/2313
f 3922/3922/2317 3918/3918/2314 3919/3919/2315
f 3922/3922/2317 3919/3919/2315 3923/3923/2317
f 3924/3924/2318 3925/3925/2319 3926/3926/2320
f 3924/3924/2318 3926/3926/2320 3927/3927/2318
f 3928/3928/2321 3929/3929/2322 3930/3930/2323
f 3928/3928/2321 3930/3930/2323 3931/3931/2321
f 3925/3925/2319 3932/3932/2324 3933/3933/2324
f 3925/3925/2319 3933/3933/2324 3926/3926/2320
f 3930/3930/2323 3929/3929/2322 3934/3934/2325
f 3930/3930/2323 3934/3934/2325 3935/3935/2325
f 86/86/6 1167/1167/6 3936/3936/6
f 88/88/7 3937/3937/7 1172/1172/7
f 3938/3938/2286 3939/3939/2326 3940/3940/2288
f 3938/3938/2286 3940/3940/2288 3941/3941/2286
f 3942/3942/191 3943/3943/191 3944/3944/191
f 3942/3942/191 3944/3944/191 3945/3945/191
f 3939/3939/2326 3946/3946/2289 3947/3947/2289
f 3939/3939/2326 3947/3947/2289 3940/3940/2288
f 3948/3948/2290 3949/3949/2291 3950/3950/2327
f 3948/3948/2290 3950/3950/2327 3951/3951/2328
f 3951/3951/2328 3950/3950/2327 3952/3952/2329
f 3951/3951/2328 3952/3952/2329 3953/3953/2295
f 3953/3953/2295 3952/3952/2329 3954/3954/2296
f 3953/3953/2295 3954/3954/2296 3955/3955/2330
f 3956/3956/2298 3957/3957/2331 3958/3958/2332
f 3956/3956/2298 3958/3958/2332 3959/3959/2301
f 3957/3957/2331 3960/3960/2302 3961/3961/2333
f 3957/3957/2331 3961/3961/2333 3958/3958/2332
f 3960/3960/2302 3962/3962/2334 3963/3963/2335
f 3960/3960/2302 3963/3963/2335 3961/3961/2333
f 3964/3964/2306 3965/3965/2307 3966/3966/2308
f 3964/3964/2306 3966/3966/2308 3967/3967/2306
f 3968/3968/2309 3969/3969/2310 3970/3970/2310
f 3968/3968/2309 3970/3970/2310 3971/3971/2311
f 3965/3965/2307 3972/3972/2312 3973/3973/2313
f 3965/3965/2307 3973/3973/2313 3966/3966/2308
f 3974/3974/2314 3968/3968/2309 3971/3971/2311
f 3974/3974/2314 3971/3971/2311 3975/3975/2315
f 3972/3972/2312 3976/3976/2316 3977/3977/2316
f 3972/3972/2312 3977/3977/2316 3973/3973/2313
f 3978/3978/2317 3974/3974/2314 3975/3975/2315
f 3978/3978/2317 3975/3975/2315 3979/3979/2317
f 3980/3980/2336 3981/3981/2337 3982/3982/2338
f 3980/3980/2336 3982/3982/2338 3983/3983/2339
f 3981/3981/2337 3984/3984/2340 3985/3985/2341
f 3981/3981/2337 3985/3985/2341 3982/3982/2338
f 3984/3984/2340 3986/3986/2342 3987/3987/2343
f 3984/3984/2340 3987/3987/2343 3985/3985/2341
f 3986/3986/2342 3988/3988/2344 3989/3989/2345
f 3986/3986/2342 3989/3989/2345 3987/3987/2343
f 3988/3988/2344 3990/3990/2346 3991/3991/2347
f 3988/3988/2344 3991/3991/2347 3989/3989/2345
f 3992/3992/2346 3993/3993/2348 3994/3994/2349
f 3992/3992/2346 3994/3994/2349 3995/3995/2350
f 3993/3993/2348 3996/3996/2351 3997/3997/2352
f 3993/3993/2348 3997/3997/2352 3994/3994/2349
f 3996/3996/2351 3998/3998/2353 3999/3999/2354
f 3996/3996/2351 3999/3999/2354 3997/3997/2352
f 3998/3998/2353 4000/4000/2355 4001/4001/2356
f 3998/3998/2353 4001/4001/2356 3999/3999/2354
f 4000/4000/2355 3980/3980/2336 3983/3983/2339
f 4000/4000/2355 3983/3983/2339 4001/4001/2356
f 3997/3997/2352 3999/3999/2354 4002/4002/2357
f 3997/3997/2352 4002/4002/2357 4003/4003/2358
f 3994/3994/2349 3997/3997/2352 4003/4003/2358
f 3994/3994/2349 4003/4003/2358 4004/4004/2359
f 3995/3995/2350 3994/3994/2349 4004/4004/2359
f 3995/3995/2350 4004/4004/2359 4005/4005/2360
f 3989/3989/2345 3991/3991/2347 4006/4006/2360
f 3989/3989/2345 4006/4006/2360 4007/4007/2361
f 3987/3987/2343 3989/3989/2345 4007/4007/2361
f 3987/3987/2343 4007/4007/2361 4008/4008/2362
f 3985/3985/2341 3987/3987/2343 4008/4008/2362
f 3985/3985/2341 4008/4008/2362 4009/4009/2363
f 3982/3982/2338 3985/3985/2341 4009/4009/2363
f 3982/3982/2338 4009/4009/2363 4010/4010/2364
f 3983/3983/2339 3982/3982/2338 4010/4010/2364
f 3983/3983/2339 4010/4010/2364 4011/4011/2365
f 4001/4001/2356 3983/3983/2339 4011/4011/2365
f 4001/4001/2356 4011/4011/2365 4012/4012/2366
f 3999/3999/2354 4001/4001/2356 4012/4012/2366
f 3999/3999/2354 4012/4012/2366 4002/4002/2357
f 4013/4013/2367 4014/4014/2368 4015/4015/2369
f 4013/4013/2367 4015/4015/2369 4016/4016/2370
f 4014/4014/2368 4017/4017/2371 4018/4018/2372
f 4014/4014/2368 4018/4018/2372 4015/4015/2369
f 4017/4017/2371 4019/4019/2373 4020/4020/2374
f 4017/4017/2371 4020/4020/2374 4018/4018/2372
f 4019/4019/2373 4021/4021/2375 4022/4022/2376
f 4019/4019/2373 4022/4022/2376 4020/4020/2374
f 4021/4021/2375 4023/4023/2377 4024/4024/2378
f 4021/4021/2375 4024/4024/2378 4022/4022/2376
f 4025/4025/2377 4026/4026/2379 4027/4027/2380
f 4025/4025/2377 4027/4027/2380 4028/4028/2381
f 4026/4026/2379 4029/4029/2382 4030/4030/2383
f 4026/4026/2379 4030/4030/2383 4027/4027/2380
f 4029/4029/2382 4031/4031/2384 4032/4032/2385
f 4029/4029/2382 4032/4032/2385 4030/4030/2383
f 4031/4031/2384 4033/4033/2386 4034/4034/2387
f 4031/4031/2384 4034/4034/2387 4032/4032/2385
f 4033/4033/2386 4013/4013/2367 4016/4016/2370
f 4033/4033/2386 4016/4016/2370 4034/4034/2387
f 4030/4030/2383 4032/4032/2385 4035/4035/2388
f 4030/4030/2383 4035/4035/2388 4036/4036/2389
f 4027/4027/2380 4030/4030/2383 4036/4036/2389
f 4027/4027/2380 4036/4036/2389 4037/4037/2390
f 4028/4028/2381 4027/4027/2380 4037/4037/2390
f 4028/4028/2381 4037/4037/2390 4038/4038/2391
f 4022/4022/2376 4024/4024/2378 4039/4039/2391
f 4022/4022/2376 4039/4039/2391 4040/4040/2392
f 4020/4020/2374 4022/4022/2376 4040/4040/2392
f 4020/4020/2374 4040/4040/2392 4041/4041/2393
f 4018/4018/2372 4020/4020/2374 4041/4041/2393
f 4018/4018/2372 4041/4041/2393 4042/4042/2394
f 4015/4015/2369 4018/4018/2372 4042/4042/2394
f 4015/4015/2369 4042/4042/2394 4043/4043/2395
f 4016/4016/2370 4015/4015/2369 4043/4043/2395
f 4016/4016/2370 4043/4043/2395 4044/4044/2396
f 4034/4034/2387 4016/4016/2370 4044/4044/2396
f 4034/4034/2387 4044/4044/2396 4045/4045/2397
f 4032/4032/2385 4034/4034/2387 4045/4045/2397
f 4032/4032/2385 4045/4045/2397 4035/4035/2388
f 4046/4046/2398 4047/4047/2398 4048/4048/2398
f 4046/4046/2398 4048/4048/2398 4049/4049/2398
f 1201/1201/1 1203/1203/1 4050/4050/1
f 4051/4051/2399 4052/4052/2400 4053/4053/2401
f 4051/4051/2399 4053/4053/2401 4054/4054/2402
f 4052/4052/2400 4055/4055/2403 4056/4056/2404
f 4052/4052/2400 4056/4056/2404 4053/4053/2401
f 4055/4055/2403 4057/4057/2405 4058/4058/2406
f 4055/4055/2403 4058/4058/2406 4056/4056/2404
f 4057/4057/2405 4059/4059/2407 4060/4060/2408
f 4057/4057/2405 4060/4060/2408 4058/4058/2406
f 4059/4059/2407 4061/4061/2409 4062/4062/2410
f 4059/4059/2407 4062/4062/2410 4060/4060/2408
f 4061/4061/2409 4063/4063/2411 4064/4064/2412
f 4061/4061/2409 4064/4064/2412 4062/4062/2410
f 4063/4063/2411 4065/4065/2413 4066/4066/2414
f 4063/4063/2411 4066/4066/2414 4064/4064/2412
f 4065/4065/2413 4067/4067/2415 4068/4068/2416
f 4065/4065/2413 4068/4068/2416 4066/4066/2414
f 4067/4067/2415 4069/4069/2417 4070/4070/2418
f 4067/4067/2415 4070/4070/2418 4068/4068/2416
f 4069/4069/2417 4071/4071/2399 4072/4072/2402
f 4069/4069/2417 4072/4072/2402 4070/4070/2418
f 4073/4073/2419 4074/4074/2420 4075/4075/2421
f 4073/4073/2419 4075/4075/2421 4076/4076/2422
f 4074/4074/2420 4077/4077/2423 4078/4078/2424
f 4074/4074/2420 4078/4078/2424 4075/4075/2421
f 4077/4077/2423 4079/4079/2425 4080/4080/2426
f 4077/4077/2423 4080/4080/2426 4078/4078/2424
f 4079/4079/2425 4081/4081/2427 4082/4082/2428
f 4079/4079/2425 4082/4082/2428 4080/4080/2426
f 4081/4081/2427 4083/4083/2429 4084/4084/2430
f 4081/4081/2427 4084/4084/2430 4082/4082/2428
f 4083/4083/2429 4085/4085/2431 4086/4086/2432
f 4083/4083/2429 4086/4086/2432 4084/4084/2430
f 4085/4085/2431 4087/4087/2433 4088/4088/2434
f 4085/4085/2431 4088/4088/2434 4086/4086/2432
f 4087/4087/2433 4089/4089/2435 4090/4090/2436
f 4087/4087/2433 4090/4090/2436 4088/4088/2434
f 4089/4089/2435 4091/4091/2437 4092/4092/2438
f 4089/4089/2435 4092/4092/2438 4090/4090/2436
f 4091/4091/2437 4093/4093/2439 4094/4094/2422
f 4091/4091/2437 4094/4094/2422 4092/4092/2438
f 4095/4095/2440 4096/4096/2441 4097/4097/2442
f 4095/4095/2440 4097/4097/2442 4098/4098/2443
f 4096/4096/2441 4099/4099/2444 4100/4100/2445
f 4096/4096/2441 4100/4100/2445 4097/4097/2442
f 4099/4099/2444 4101/4101/2446 4102/4102/2447
f 4099/4099/2444 4102/4102/2447 4100/4100/2445
f 4101/4101/2446 4103/4103/2448 4104/4104/2449
f 4101/4101/2446 4104/4104/2449 4102/4102/2447
f 4105/4105/2450 4106/4106/2451 4107/4107/2452
f 4105/4105/2450 4107/4107/2452 4108/4108/2453
f 4106/4106/2451 4109/4109/2454 4110/4110/2455
f 4106/4106/2451 4110/4110/2455 4107/4107/2452
f 4109/4109/2454 4111/4111/2456 4112/4112/2457
f 4109/4109/2454 4112/4112/2457 4110/4110/2455
f 4111/4111/2456 4113/4113/2458 4114/4114/2459
f 4111/4111/2456 4114/4114/2459 4112/4112/2457
f 4113/4113/2458 4115/4115/2460 4116/4116/2461
f 4113/4113/2458 4116/4116/2461 4114/4114/2459
f 4115/4115/2460 4117/4117/2462 4118/4118/2463
f 4115/4115/2460 4118/4118/2463 4116/4116/2461
f 4119/4119/2464 4120/4120/2465 4121/4121/2466
f 4119/4119/2464 4121/4121/2466 4122/4122/2467
f 4123/4123/2468 4119/4119/2464 4122/4122/2467
f 4123/4123/2468 4122/4122/2467 4124/4124/2469
f 4125/4125/2470 4123/4123/2468 4124/4124/2469
f 4125/4125/2470 4124/4124/2469 4126/4126/2471
f 4127/4127/2472 4125/4125/2470 4126/4126/2471
f 4127/4127/2472 4126/4126/2471 4128/4128/2473
f 4129/4129/2474 4127/4127/2472 4128/4128/2473
f 4129/4129/2474 4128/4128/2473 4130/4130/2475
f 4131/4131/2476 4129/4129/2474 4130/4130/2475
f 4131/4131/2476 4130/4130/2475 4132/4132/2477
f 4133/4133/2478 4131/4131/2476 4132/4132/2477
f 4133/4133/2478 4132/4132/2477 4134/4134/2479
f 4135/4135/2480 4133/4133/2478 4134/4134/2479
f 4135/4135/2480 4134/4134/2479 4136/4136/2481
f 4137/4137/2482 4138/4138/2483 4139/4139/2484
f 4137/4137/2482 4139/4139/2484 4140/4140/2485
f 4120/4120/2465 4137/4137/2482 4140/4140/2485
f 4120/4120/2465 4140/4140/2485 4121/4121/2466
f 4066/4066/2414 4068/4068/2416 4120/4120/2465
f 4066/4066/2414 4120/4120/2465 4119/4119/2464
f 4064/4064/2412 4066/4066/2414 4119/4119/2464
f 4064/4064/2412 4119/4119/2464 4123/4123/2468
f 4062/4062/2410 4064/4064/2412 4123/4123/2468
f 4062/4062/2410 4123/4123/2468 4125/4125/2470
f 4060/4060/2408 4062/4062/2410 4125/4125/2470
f 4060/4060/2408 4125/4125/2470 4127/4127/2472
f 4058/4058/2406 4060/4060/2408 4127/4127/2472
f 4058/4058/2406 4127/4127/2472 4129/4129/2474
f 4056/4056/2404 4058/4058/2406 4129/4129/2474
f 4056/4056/2404 4129/4129/2474 4131/4131/2476
f 4053/4053/2401 4056/4056/2404 4131/4131/2476
f 4053/4053/2401 4131/4131/2476 4133/4133/2478
f 4054/4054/2402 4053/4053/2401 4133/4133/2478
f 4054/4054/2402 4133/4133/2478 4135/4135/2480
f 4070/4070/2418 4072/4072/2402 4138/4138/2483
f 4070/4070/2418 4138/4138/2483 4137/4137/2482
f 4068/4068/2416 4070/4070/2418 4137/4137/2482
f 4068/4068/2416 4137/4137/2482 4120/4120/2465
f 4141/4141/2486 4142/4142/2486 4143/4143/2487
f 4141/4141/2486 4143/4143/2487 4144/4144/2488
f 4145/4145/2489 4146/4146/2490 4147/4147/2491
f 4145/4145/2489 4147/4147/2491 4148/4148/2491
f 4149/4149/2492 4150/4150/2493 4151/4151/2494
f 4149/4149/2492 4151/4151/2494 4152/4152/2495
f 4153/4153/2496 4154/4154/2497 4155/4155/2498
f 4153/4153/2496 4155/4155/2498 4156/4156/2499
f 4144/4144/2488 4143/4143/2487 4157/4157/2500
f 4144/4144/2488 4157/4157/2500 4158/4158/2500
f 4152/4152/2495 4151/4151/2494 4159/4159/2501
f 4152/4152/2495 4159/4159/2501 4160/4160/2502
f 4146/4146/2490 4145/4145/2489 4161/4161/2503
f 4146/4146/2490 4161/4161/2503 4162/4162/2504
f 4156/4156/2499 4155/4155/2498 4163/4163/2505
f 4156/4156/2499 4163/4163/2505 4164/4164/2506
f 4165/4165/2507 4156/4156/2499 4164/4164/2506
f 4165/4165/2507 4164/4164/2506 4166/4166/2508
f 4167/4167/2509 4153/4153/2496 4156/4156/2499
f 4167/4167/2509 4156/4156/2499 4165/4165/2507
f 4151/4151/2494 4150/4150/2493 4168/4168/2510
f 4151/4151/2494 4168/4168/2510 4169/4169/2511
f 4159/4159/2501 4151/4151/2494 4169/4169/2511
f 4159/4159/2501 4169/4169/2511 4170/4170/2512
f 4171/4171/2513 4172/4172/2513 4173/4173/2514
f 4171/4171/2513 4173/4173/2514 4174/4174/2515
f 1230/1230/203 1232/1232/203 4175/4175/203
f 1233/1233/204 4176/4176/204 1234/1234/204
f 1231/1231/203 1238/1238/203 1241/1241/203
f 1231/1231/203 1241/1241/203 1232/1232/203
f 4174/4174/2515 4173/4173/2514 4177/4177/2516
f 4174/4174/2515 4177/4177/2516 4178/4178/2517
f 4178/4178/2517 4177/4177/2516 4179/4179/2
f 4178/4178/2517 4179/4179/2 4180/4180/2
f 4181/4181/2 4182/4182/2 4183/4183/2518
f 4181/4181/2 4183/4183/2518 4184/4184/2519
f 4185/4185/205 1244/1244/205 1247/1247/205
f 4185/4185/205 1247/1247/205 4186/4186/205
f 4187/4187/206 4188/4188/206 4189/4189/206
f 4187/4187/206 4189/4189/206 1249/1249/206
f 4184/4184/2519 4183/4183/2518 4190/4190/2520
f 4184/4184/2519 4190/4190/2520 4191/4191/2521
f 1248/1248/206 4187/4187/206 1249/1249/206
f 1245/1245/205 1252/1252/205 1246/1246/205
f 4191/4191/2521 4190/4190/2520 4192/4192/2522
f 4191/4191/2521 4192/4192/2522 4193/4193/2522
f 4194/4194/2523 4195/4195/2523 4196/4196/2524
f 4194/4194/2523 4196/4196/2524 4197/4197/2525
f 4198/4198/2526 4199/4199/2527 4200/4200/2528
f 4198/4198/2526 4200/4200/2528 4201/4201/2528
f 4202/4202/2529 4203/4203/2530 4204/4204/2531
f 4202/4202/2529 4204/4204/2531 4205/4205/2532
f 4206/4206/2533 4207/4207/2534 4208/4208/2535
f 4206/4206/2533 4208/4208/2535 4209/4209/2536
f 4197/4197/2525 4196/4196/2524 4210/4210/2537
f 4197/4197/2525 4210/4210/2537 4211/4211/2538
f 4205/4205/2532 4204/4204/2531 4212/4212/2539
f 4205/4205/2532 4212/4212/2539 4213/4213/2540
f 4199/4199/2527 4198/4198/2526 4214/4214/2541
f 4199/4199/2527 4214/4214/2541 4215/4215/2541
f 4209/4209/2536 4208/4208/2535 4216/4216/2542
f 4209/4209/2536 4216/4216/2542 4217/4217/2543
f 4218/4218/2544 4209/4209/2536 4217/4217/2543
f 4218/4218/2544 4217/4217/2543 4219/4219/2545
f 4220/4220/2546 4206/4206/2533 4209/4209/2536
f 4220/4220/2546 4209/4209/2536 4218/4218/2544
f 4204/4204/2531 4203/4203/2530 4221/4221/2547
f 4204/4204/2531 4221/4221/2547 4222/4222/2548
f 4212/4212/2539 4204/4204/2531 4222/4222/2548
f 4212/4212/2539 4222/4222/2548 4223/4223/2549
f 4224/4224/2550 4225/4225/2550 4226/4226/2551
f 4224/4224/2550 4226/4226/2551 4227/4227/2552
f 1265/1265/7 4228/4228/7 1266/1266/7
f 4227/4227/2552 4226/4226/2551 4229/4229/2553
f 4227/4227/2552 4229/4229/2553 4230/4230/2554
f 1268/1268/6 4231/4231/6 4232/4232/6
f 1268/1268/6 4232/4232/6 1269/1269/6
f 4230/4230/2554 4229/4229/2553 4233/4233/2
f 4230/4230/2554 4233/4233/2 4234/4234/2
f 4235/4235/7 1270/1270/7 1271/1271/7
f 4235/4235/7 1271/1271/7 4236/4236/7
f 4237/4237/2555 4238/4238/2555 4239/4239/2556
f 4237/4237/2555 4239/4239/2556 4240/4240/2557
f 4241/4241/2558 4242/4242/2559 4243/4243/2560
f 4241/4241/2558 4243/4243/2560 4244/4244/2560
f 4245/4245/2561 4246/4246/2562 4247/4247/2563
f 4245/4245/2561 4247/4247/2563 4248/4248/2564
f 4249/4249/2565 4250/4250/2566 4251/4251/2567
f 4249/4249/2565 4251/4251/2567 4252/4252/2568
f 4240/4240/2557 4239/4239/2556 4253/4253/2569
f 4240/4240/2557 4253/4253/2569 4254/4254/2570
f 4248/4248/2564 4247/4247/2563 4255/4255/2571
f 4248/4248/2564 4255/4255/2571 4256/4256/2572
f 4242/4242/2559 4241/4241/2558 4257/4257/2573
f 4242/4242/2559 4257/4257/2573 4258/4258/2573
f 4252/4252/2568 4251/4251/2567 4259/4259/2574
f 4252/4252/2568 4259/4259/2574 4260/4260/2575
f 4261/4261/2576 4252/4252/2568 4260/4260/2575
f 4261/4261/2576 4260/4260/2575 4262/4262/2577
f 4263/4263/2578 4249/4249/2565 4252/4252/2568
f 4263/4263/2578 4252/4252/2568 4261/4261/2576
f 4247/4247/2563 4246/4246/2562 4264/4264/2579
f 4247/4247/2563 4264/4264/2579 4265/4265/2580
f 4255/4255/2571 4247/4247/2563 4265/4265/2580
f 4255/4255/2571 4265/4265/2580 4266/4266/2581
f 4267/4267/2582 4268/4268/2582 4269/4269/2583
f 4267/4267/2582 4269/4269/2583 4270/4270/2584
f 4270/4270/2584 4269/4269/2583 4271/4271/2585
f 4270/4270/2584 4271/4271/2585 4272/4272/2586
f 1288/1288/208 1282/1282/208 1285/1285/208
f 4272/4272/2586 4271/4271/2585 4273/4273/2
f 4272/4272/2586 4273/4273/2 4274/4274/2
f 4275/4275/2587 4276/4276/2587 4277/4277/2588
f 4275/4275/2587 4277/4277/2588 4278/4278/2589
f 4279/4279/2590 4280/4280/2591 4281/4281/2592
f 4279/4279/2590 4281/4281/2592 4282/4282/2592
f 4283/4283/2593 4284/4284/2594 4285/4285/2595
f 4283/4283/2593 4285/4285/2595 4286/4286/2596
f 4287/4287/2597 4288/4288/2598 4289/4289/2599
f 4287/4287/2597 4289/4289/2599 4290/4290/2600
f 4278/4278/2589 4277/4277/2588 4291/4291/2601
f 4278/4278/2589 4291/4291/2601 4292/4292/2602
f 4286/4286/2596 4285/4285/2595 4293/4293/2603
f 4286/4286/2596 4293/4293/2603 4294/4294/2604
f 4280/4280/2591 4279/4279/2590 4295/4295/2605
f 4280/4280/2591 4295/4295/2605 4296/4296/2606
f 4290/4290/2600 4289/4289/2599 4297/4297/2607
f 4290/4290/2600 4297/4297/2607 4298/4298/2608
f 4299/4299/2609 4290/4290/2600 4298/4298/2608
f 4299/4299/2609 4298/4298/2608 4300/4300/2610
f 4301/4301/2611 4287/4287/2597 4290/4290/2600
f 4301/4301/2611 4290/4290/2600 4299/4299/2609
f 4285/4285/2595 4284/4284/2594 4302/4302/2612
f 4285/4285/2595 4302/4302/2612 4303/4303/2613
f 4293/4293/2603 4285/4285/2595 4303/4303/2613
f 4293/4293/2603 4303/4303/2613 4304/4304/2614
f 4305/4305/2615 4306/4306/2616 4307/4307/2
f 4305/4305/2615 4307/4307/2 4308/4308/2617
f 4306/4306/2616 4309/4309/2618 4310/4310/2619
f 4306/4306/2616 4310/4310/2619 4307/4307/2
f 4308/4308/2617 4307/4307/2 4311/4311/2620
f 4308/4308/2617 4311/4311/2620 4312/4312/2621
f 4307/4307/2 4310/4310/2619 4313/4313/2622
f 4307/4307/2 4313/4313/2622 4311/4311/2620
f 4314/4314/2623 4315/4315/2624 4316/4316/2625
f 4314/4314/2623 4316/4316/2625 4317/4317/2626
f 4315/4315/2624 4318/4318/2627 4319/4319/2628
f 4315/4315/2624 4319/4319/2628 4316/4316/2625
f 4320/4320/2629 4321/4321/2630 4322/4322/2631
f 4320/4320/2629 4322/4322/2631 4323/4323/2632
f 4321/4321/2630 4324/4324/2633 4325/4325/2634
f 4321/4321/2630 4325/4325/2634 4322/4322/2631
f 4324/4324/2633 4326/4326/2635 4327/4327/2636
f 4324/4324/2633 4327/4327/2636 4325/4325/2634
f 4326/4326/2635 4328/4328/2637 4329/4329/2638
f 4326/4326/2635 4329/4329/2638 4327/4327/2636
f 4328/4328/2637 4330/4330/2639 4331/4331/2640
f 4328/4328/2637 4331/4331/2640 4329/4329/2638
f 4330/4330/2639 4332/4332/2641 4333/4333/2642
f 4330/4330/2639 4333/4333/2642 4331/4331/2640
f 4332/4332/2641 4334/4334/2643 4335/4335/2644
f 4332/4332/2641 4335/4335/2644 4333/4333/2642
f 4334/4334/2643 4336/4336/2645 4337/4337/2646
f 4334/4334/2643 4337/4337/2646 4335/4335/2644
f 4336/4336/2645 4338/4338/2647 4339/4339/2648
f 4336/4336/2645 4339/4339/2648 4337/4337/2646
f 4338/4338/2647 4314/4314/2623 4317/4317/2626
f 4338/4338/2647 4317/4317/2626 4339/4339/2648
f 4333/4333/2642 4335/4335/2644 4340/4340/2649
f 4333/4333/2642 4340/4340/2649 4341/4341/2650
f 4331/4331/2640 4333/4333/2642 4342/4342/2651
f 4331/4331/2640 4342/4342/2651 4343/4343/2652
f 4329/4329/2638 4331/4331/2640 4344/4344/2653
f 4329/4329/2638 4344/4344/2653 4345/4345/2654
f 4327/4327/2636 4329/4329/2638 4345/4345/2654
f 4327/4327/2636 4345/4345/2654 4346/4346/2655
f 4325/4325/2634 4327/4327/2636 4347/4347/2656
f 4325/4325/2634 4347/4347/2656 4348/4348/2657
f 4322/4322/2631 4325/4325/2634 4348/4348/2657
f 4322/4322/2631 4348/4348/2657 4349/4349/2658
f 4323/4323/2632 4322/4322/2631 4350/4350/2659
f 4323/4323/2632 4350/4350/2659 4351/4351/2660
f 4316/4316/2625 4319/4319/2628 4352/4352/2661
f 4316/4316/2625 4352/4352/2661 4353/4353/2662
f 4317/4317/2626 4316/4316/2625 4353/4353/2662
f 4317/4317/2626 4353/4353/2662 4354/4354/2663
f 4339/4339/2648 4317/4317/2626 4354/4354/2663
f 4339/4339/2648 4354/4354/2663 4355/4355/2664
f 4337/4337/2646 4339/4339/2648 4356/4356/2665
f 4337/4337/2646 4356/4356/2665 4357/4357/2666
f 4335/4335/2644 4337/4337/2646 4357/4357/2666
f 4335/4335/2644 4357/4357/2666 4340/4340/2649
f 1301/1301/209 4358/4358/209 1310/1310/209
f 1315/1315/211 4359/4359/211 1316/1316/211
f 4360/4360/2667 4361/4361/2668 4362/4362/2667
f 4360/4360/2667 4362/4362/2667 4363/4363/2669
f 4364/4364/2670 4365/4365/2671 4366/4366/2670
f 4364/4364/2670 4366/4366/2670 4367/4367/2672
f 1326/1326/2673 1328/1328/2673 4368/4368/2673
f 1337/1337/2674 4369/4369/2674 1338/1338/2674
f 4370/4370/2675 4371/4371/2676 4372/4372/2675
f 4370/4370/2675 4372/4372/2675 4373/4373/2677
f 4374/4374/2678 4375/4375/2679 4376/4376/2678
f 4374/4374/2678 4376/4376/2678 4377/4377/2680
f 4378/4378/2681 4379/4379/2682 4380/4380/2683
f 4378/4378/2681 4380/4380/2683 4381/4381/2684
f 4382/4382/2685 4383/4383/2686 4384/4384/2687
f 4382/4382/2685 4384/4384/2687 4385/4385/2688
f 4386/4386/2689 4387/4387/2690 4388/4388/2691
f 4386/4386/2689 4388/4388/2691 4389/4389/2692
f 4390/4390/2693 4391/4391/2694 4392/4392/2695
f 4390/4390/2693 4392/4392/2695 4393/4393/2696
f 4394/4394/2697 4395/4395/2698 4396/4396/2699
f 4394/4394/2697 4396/4396/2699 4397/4397/2700
f 4398/4398/2701 4399/4399/2702 4400/4400/2703
f 4398/4398/2701 4400/4400/2703 4401/4401/2704
f 1340/1340/219 1342/1342/219 4402/4402/219
f 1345/1345/221 1347/1347/221 1348/1348/221
f 1375/1375/233 4403/4403/233 1376/1376/233
f 4404/4404/2705 4405/4405/2706 4406/4406/2707
f 4404/4404/2705 4406/4406/2707 4407/4407/2708
f 4408/4408/2709 4409/4409/2710 4410/4410/2711
f 4408/4408/2709 4410/4410/2711 4411/4411/2712
f 4412/4412/2713 4413/4413/2705 4414/4414/2708
f 4412/4412/2713 4414/4414/2708 4415/4415/2714
f 4416/4416/2710 4417/4417/2715 4418/4418/2716
f 4416/4416/2710 4418/4418/2716 4419/4419/2711
f 4420/4420/2717 4412/4412/2713 4415/4415/2714
f 4420/4420/2717 4415/4415/2714 4421/4421/2718
f 4417/4417/2715 4422/4422/2719 4423/4423/2720
f 4417/4417/2715 4423/4423/2720 4418/4418/2716
f 4424/4424/2721 4420/4420/2717 4421/4421/2718
f 4424/4424/2721 4421/4421/2718 4425/4425/2722
f 4422/4422/2719 4426/4426/2723 4427/4427/2724
f 4422/4422/2719 4427/4427/2724 4423/4423/2720
f 4428/4428/2725 4424/4424/2721 4425/4425/2722
f 4428/4428/2725 4425/4425/2722 4429/4429/2726
f 4426/4426/2723 4430/4430/2727 4431/4431/2728
f 4426/4426/2723 4431/4431/2728 4427/4427/2724
f 4405/4405/2706 4428/4428/2725 4429/4429/2726
f 4405/4405/2706 4429/4429/2726 4406/4406/2707
f 4430/4430/2727 4408/4408/2709 4411/4411/2712
f 4430/4430/2727 4411/4411/2712 4431/4431/2728
f 4432/4432/2729 4433/4433/2730 4434/4434/2731
f 4432/4432/2729 4434/4434/2731 4435/4435/2732
f 4436/4436/2733 4437/4437/2734 4438/4438/2735
f 4436/4436/2733 4438/4438/2735 4439/4439/2736
f 4440/4440/2737 4441/4441/2738 4442/4442/2739
f 4440/4440/2737 4442/4442/2739 4443/4443/2740
f 4444/4444/2741 4445/4445/2742 4446/4446/2743
f 4444/4444/2741 4446/4446/2743 4447/4447/2744
f 4448/4448/2745 4449/4449/2746 4450/4450/2747
f 4448/4448/2745 4450/4450/2747 4451/4451/2748
f 4452/4452/2749 4453/4453/2750 4454/4454/2751
f 4452/4452/2749 4454/4454/2751 4455/4455/2752
f 4435/4435/2732 4434/4434/2731 4456/4456/2753
f 4435/4435/2732 4456/4456/2753 4457/4457/2754
f 4439/4439/2736 4438/4438/2735 4458/4458/2755
f 4439/4439/2736 4458/4458/2755 4459/4459/2756
f 4443/4443/2740 4442/4442/2739 4460/4460/2757
f 4443/4443/2740 4460/4460/2757 4461/4461/2758
f 4447/4447/2744 4446/4446/2743 4462/4462/2759
f 4447/4447/2744 4462/4462/2759 4463/4463/2760
f 4451/4451/2748 4450/4450/2747 4464/4464/2761
f 4451/4451/2748 4464/4464/2761 4465/4465/2762
f 4455/4455/2752 4454/4454/2751 4466/4466/2763
f 4455/4455/2752 4466/4466/2763 4467/4467/2764
f 4393/4393/2696 4392/4392/2695 4433/4433/2730
f 4393/4393/2696 4433/4433/2730 4432/4432/2729
f 4389/4389/2692 4388/4388/2691 4437/4437/2734
f 4389/4389/2692 4437/4437/2734 4436/4436/2733
f 4385/4385/2688 4384/4384/2687 4441/4441/2738
f 4385/4385/2688 4441/4441/2738 4440/4440/2737
f 4381/4381/2684 4380/4380/2683 4445/4445/2742
f 4381/4381/2684 4445/4445/2742 4444/4444/2741
f 4401/4401/2704 4400/4400/2703 4449/4449/2746
f 4401/4401/2704 4449/4449/2746 4448/4448/2745
f 4397/4397/2700 4396/4396/2699 4453/4453/2750
f 4397/4397/2700 4453/4453/2750 4452/4452/2749
f 4468/4468/2765 4469/4469/2766 4470/4470/2767
f 4468/4468/2765 4470/4470/2767 4471/4471/2768
f 4472/4472/2769 4473/4473/2770 4474/4474/2771
f 4472/4472/2769 4474/4474/2771 4475/4475/2772
f 4476/4476/2773 4477/4477/2774 4473/4473/2770
f 4476/4476/2773 4473/4473/2770 4472/4472/2769
f 4478/4478/2775 4479/4479/2776 4469/4469/2766
f 4478/4478/2775 4469/4469/2766 4468/4468/2765
f 4480/4480/2777 4481/4481/2778 4477/4477/2774
f 4480/4480/2777 4477/4477/2774 4476/4476/2773
f 4482/4482/2779 4483/4483/2780 4479/4479/2776
f 4482/4482/2779 4479/4479/2776 4478/4478/2775
f 4481/4481/2778 4482/4482/2779 4478/4478/2775
f 4481/4481/2778 4478/4478/2775 4477/4477/2774
f 4473/4473/2770 4477/4477/2774 4478/4478/2775
f 4473/4473/2770 4478/4478/2775 4468/4468/2765
f 4474/4474/2771 4473/4473/2770 4468/4468/2765
f 4474/4474/2771 4468/4468/2765 4471/4471/2768
f 4484/4484/2781 4485/4485/2782 4486/4486/2783
f 4484/4484/2781 4486/4486/2783 4487/4487/2784
f 4488/4488/2785 4489/4489/2786 4490/4490/2787
f 4488/4488/2785 4490/4490/2787 4491/4491/2788
f 4492/4492/2789 4488/4488/2785 4491/4491/2788
f 4492/4492/2789 4491/4491/2788 4493/4493/2790
f 4494/4494/2791 4484/4484/2781 4487/4487/2784
f 4494/4494/2791 4487/4487/2784 4495/4495/2792
f 4496/4496/2793 4492/4492/2789 4493/4493/2790
f 4496/4496/2793 4493/4493/2790 4497/4497/2794
f 4498/4498/2795 4494/4494/2791 4495/4495/2792
f 4498/4498/2795 4495/4495/2792 4499/4499/2796
f 4497/4497/2794 4493/4493/2790 4494/4494/2791
f 4497/4497/2794 4494/4494/2791 4498/4498/2795
f 4491/4491/2788 4484/4484/2781 4494/4494/2791
f 4491/4491/2788 4494/4494/2791 4493/4493/2790
f 4490/4490/2787 4485/4485/2782 4484/4484/2781
f 4490/4490/2787 4484/4484/2781 4491/4491/2788
f 4500/4500/2797 4501/4501/2798 4502/4502/2799
f 4500/4500/2797 4502/4502/2799 4503/4503/2797
f 4504/4504/2800 4505/4505/2801 4506/4506/2801
f 4504/4504/2800 4506/4506/2801 4507/4507/2802
f 103/103/12 4504/4504/2800 4507/4507/2802
f 103/103/12 4507/4507/2802 104/104/12
f 4501/4501/2798 1707/1707/489 1709/1709/489
f 4501/4501/2798 1709/1709/489 4502/4502/2799
f 4508/4508/2803 4509/4509/2804 4510/4510/2805
f 4508/4508/2803 4510/4510/2805 4511/4511/2806
f 4509/4509/2804 4512/4512/2807 4513/4513/2808
f 4509/4509/2804 4513/4513/2808 4510/4510/2805
f 4512/4512/2807 4514/4514/2809 4515/4515/2810
f 4512/4512/2807 4515/4515/2810 4513/4513/2808
f 4514/4514/2809 4516/4516/2811 4517/4517/2812
f 4514/4514/2809 4517/4517/2812 4515/4515/2810
f 4516/4516/2811 4518/4518/2813 4519/4519/2814
f 4516/4516/2811 4519/4519/2814 4517/4517/2812
f 4518/4518/2813 4520/4520/2815 4521/4521/2816
f 4518/4518/2813 4521/4521/2816 4519/4519/2814
f 4520/4520/2815 4522/4522/2817 4523/4523/2818
f 4520/4520/2815 4523/4523/2818 4521/4521/2816
f 4522/4522/2817 4524/4524/2819 4525/4525/2820
f 4522/4522/2817 4525/4525/2820 4523/4523/2818
f 4524/4524/2819 4526/4526/2821 4527/4527/2822
f 4524/4524/2819 4527/4527/2822 4525/4525/2820
f 4528/4528/2821 4508/4508/2803 4511/4511/2806
f 4528/4528/2821 4511/4511/2806 4529/4529/2822
f 1399/1399/2823 1407/1407/2823 1400/1400/2823
f 4530/4530/2824 4531/4531/2825 4532/4532/2826
f 4530/4530/2824 4532/4532/2826 4533/4533/2827
f 4531/4531/2825 4534/4534/2828 4535/4535/2829
f 4531/4531/2825 4535/4535/2829 4532/4532/2826
f 4534/4534/2828 4536/4536/2830 4537/4537/2831
f 4534/4534/2828 4537/4537/2831 4535/4535/2829
f 4536/4536/2830 4538/4538/2832 4539/4539/2833
f 4536/4536/2830 4539/4539/2833 4537/4537/2831
f 4538/4538/2832 4540/4540/2834 4541/4541/2835
f 4538/4538/2832 4541/4541/2835 4539/4539/2833
f 4540/4540/2834 4542/4542/2836 4543/4543/2837
f 4540/4540/2834 4543/4543/2837 4541/4541/2835
f 4542/4542/2836 4544/4544/2838 4545/4545/2839
f 4542/4542/2836 4545/4545/2839 4543/4543/2837
f 4544/4544/2838 4546/4546/2840 4547/4547/2841
f 4544/4544/2838 4547/4547/2841 4545/4545/2839
f 4546/4546/2840 4548/4548/2842 4549/4549/2843
f 4546/4546/2840 4549/4549/2843 4547/4547/2841
f 4550/4550/2844 4530/4530/2824 4533/4533/2827
f 4550/4550/2844 4533/4533/2827 4551/4551/2843
f 4531/4531/2825 4530/4530/2824 4552/4552/2845
f 4531/4531/2825 4552/4552/2845 4553/4553/2846
f 4534/4534/2828 4531/4531/2825 4553/4553/2846
f 4534/4534/2828 4553/4553/2846 4554/4554/2847
f 4536/4536/2830 4534/4534/2828 4554/4554/2847
f 4536/4536/2830 4554/4554/2847 4555/4555/2848
f 4538/4538/2832 4536/4536/2830 4555/4555/2848
f 4538/4538/2832 4555/4555/2848 4556/4556/2849
f 4540/4540/2834 4538/4538/2832 4556/4556/2849
f 4540/4540/2834 4556/4556/2849 4557/4557/2850
f 4542/4542/2836 4540/4540/2834 4557/4557/2850
f 4542/4542/2836 4557/4557/2850 4558/4558/2851
f 4544/4544/2838 4542/4542/2836 4558/4558/2851
f 4544/4544/2838 4558/4558/2851 4559/4559/2852
f 4546/4546/2840 4544/4544/2838 4559/4559/2852
f 4546/4546/2840 4559/4559/2852 4560/4560/2853
f 4548/4548/2842 4546/4546/2840 4560/4560/2853
f 4548/4548/2842 4560/4560/2853 4561/4561/2854
f 4530/4530/2824 4550/4550/2844 4562/4562/2854
f 4530/4530/2824 4562/4562/2854 4552/4552/2845
f 4553/4553/2846 4552/4552/2845 4563/4563/2855
f 4553/4553/2846 4563/4563/2855 4564/4564/2856
f 4554/4554/2847 4553/4553/2846 4564/4564/2856
f 4554/4554/2847 4564/4564/2856 4565/4565/2857
f 4555/4555/2848 4554/4554/2847 4565/4565/2857
f 4555/4555/2848 4565/4565/2857 4566/4566/2858
f 4556/4556/2849 4555/4555/2848 4566/4566/2858
f 4556/4556/2849 4566/4566/2858 4567/4567/2859
f 4557/4557/2850 4556/4556/2849 4567/4567/2859
f 4557/4557/2850 4567/4567/2859 4568/4568/2860
f 4558/4558/2851 4557/4557/2850 4568/4568/2860
f 4558/4558/2851 4568/4568/2860 4569/4569/2861
f 4559/4559/2852 4558/4558/2851 4569/4569/2861
f 4559/4559/2852 4569/4569/2861 4570/4570/2862
f 4560/4560/2853 4559/4559/2852 4570/4570/2862
f 4560/4560/2853 4570/4570/2862 4571/4571/2863
f 4561/4561/2854 4560/4560/2853 4571/4571/2863
f 4561/4561/2854 4571/4571/2863 4572/4572/2864
f 4552/4552/2845 4562/4562/2854 4573/4573/2864
f 4552/4552/2845 4573/4573/2864 4563/4563/2855
f 4574/4574/2865 4575/4575/2866 4576/4576/2867
f 4574/4574/2865 4576/4576/2867 4577/4577/2868
f 4578/4578/2869 4579/4579/2870 4580/4580/2869
f 4578/4578/2869 4580/4580/2869 4581/4581/2871
f 4582/4582/2872 4583/4583/2873 4584/4584/2872
f 4582/4582/2872 4584/4584/2872 4585/4585/2874
f 4586/4586/2875 4587/4587/2876 4588/4588/2875
f 4586/4586/2875 4588/4588/2875 4589/4589/2877
f 1422/1422/2878 4590/4590/2878 1423/1423/2878
f 4591/4591/2879 4592/4592/2880 4593/4593/2881
f 4591/4591/2879 4593/4593/2881 4594/4594/2882
f 4594/4594/2882 4593/4593/2881 4595/4595/2883
f 4594/4594/2882 4595/4595/2883 4596/4596/2884
f 4596/4596/2884 4595/4595/2883 4597/4597/2885
f 4596/4596/2884 4597/4597/2885 4598/4598/2886
f 4598/4598/2886 4597/4597/2885 4599/4599/2887
f 4598/4598/2886 4599/4599/2887 4600/4600/2888
f 4600/4600/2888 4599/4599/2887 4601/4601/2889
f 4600/4600/2888 4601/4601/2889 4602/4602/2890
f 4602/4602/2890 4601/4601/2889 4603/4603/2891
f 4602/4602/2890 4603/4603/2891 4604/4604/2892
f 4604/4604/2892 4603/4603/2891 4605/4605/2893
f 4604/4604/2892 4605/4605/2893 4606/4606/2894
f 4606/4606/2894 4605/4605/2893 4607/4607/2895
f 4606/4606/2894 4607/4607/2895 4608/4608/2896
f 4608/4608/2896 4607/4607/2895 4609/4609/2897
f 4608/4608/2896 4609/4609/2897 4610/4610/2898
f 4611/4611/2899 4612/4612/2900 4592/4592/2880
f 4611/4611/2899 4592/4592/2880 4591/4591/2879
f 1433/1433/254 4613/4613/254 1432/1432/254
f 4614/4614/2901 4615/4615/2902 4616/4616/2903
f 4614/4614/2901 4616/4616/2903 4617/4617/2904
f 4617/4617/2904 4616/4616/2903 4618/4618/2905
f 4617/4617/2904 4618/4618/2905 4619/4619/2906
f 4619/4619/2906 4618/4618/2905 4620/4620/2907
f 4619/4619/2906 4620/4620/2907 4621/4621/2908
f 4621/4621/2908 4620/4620/2907 4622/4622/2909
f 4621/4621/2908 4622/4622/2909 4623/4623/2910
f 4623/4623/2910 4622/4622/2909 4624/4624/2911
f 4623/4623/2910 4624/4624/2911 4625/4625/2912
f 4625/4625/2912 4624/4624/2911 4626/4626/2913
f 4625/4625/2912 4626/4626/2913 4627/4627/2914
f 4627/4627/2914 4626/4626/2913 4628/4628/2915
f 4627/4627/2914 4628/4628/2915 4629/4629/2916
f 4629/4629/2916 4628/4628/2915 4630/4630/2917
f 4629/4629/2916 4630/4630/2917 4631/4631/2918
f 4631/4631/2918 4630/4630/2917 4632/4632/2919
f 4631/4631/2918 4632/4632/2919 4633/4633/2920
f 4634/4634/2921 4635/4635/2919 4615/4615/2902
f 4634/4634/2921 4615/4615/2902 4614/4614/2901
f 4617/4617/2904 4636/4636/2922 4637/4637/2923
f 4617/4617/2904 4637/4637/2923 4614/4614/2901
f 4619/4619/2906 4638/4638/2924 4636/4636/2922
f 4619/4619/2906 4636/4636/2922 4617/4617/2904
f 4621/4621/2908 4639/4639/2925 4638/4638/2924
f 4621/4621/2908 4638/4638/2924 4619/4619/2906
f 4623/4623/2910 4640/4640/2926 4639/4639/2925
f 4623/4623/2910 4639/4639/2925 4621/4621/2908
f 4625/4625/2912 4641/4641/2927 4640/4640/2926
f 4625/4625/2912 4640/4640/2926 4623/4623/2910
f 4627/4627/2914 4642/4642/2928 4641/4641/2927
f 4627/4627/2914 4641/4641/2927 4625/4625/2912
f 4629/4629/2916 4643/4643/2929 4642/4642/2928
f 4629/4629/2916 4642/4642/2928 4627/4627/2914
f 4631/4631/2918 4644/4644/2930 4643/4643/2929
f 4631/4631/2918 4643/4643/2929 4629/4629/2916
f 4633/4633/2920 4645/4645/2931 4644/4644/2930
f 4633/4633/2920 4644/4644/2930 4631/4631/2918
f 4614/4614/2901 4637/4637/2923 4646/4646/2931
f 4614/4614/2901 4646/4646/2931 4634/4634/2921
f 4636/4636/2922 4647/4647/2932 4648/4648/2933
f 4636/4636/2922 4648/4648/2933 4637/4637/2923
f 4638/4638/2924 4649/4649/2934 4647/4647/2932
f 4638/4638/2924 4647/4647/2932 4636/4636/2922
f 4639/4639/2925 4650/4650/2935 4649/4649/2934
f 4639/4639/2925 4649/4649/2934 4638/4638/2924
f 4640/4640/2926 4651/4651/2936 4650/4650/2935
f 4640/4640/2926 4650/4650/2935 4639/4639/2925
f 4641/4641/2927 4652/4652/2937 4651/4651/2936
f 4641/4641/2927 4651/4651/2936 4640/4640/2926
f 4642/4642/2928 4653/4653/2938 4652/4652/2937
f 4642/4642/2928 4652/4652/2937 4641/4641/2927
f 4643/4643/2929 4654/4654/2939 4653/4653/2938
f 4643/4643/2929 4653/4653/2938 4642/4642/2928
f 4644/4644/2930 4655/4655/2940 4654/4654/2939
f 4644/4644/2930 4654/4654/2939 4643/4643/2929
f 4645/4645/2931 4656/4656/2941 4655/4655/2940
f 4645/4645/2931 4655/4655/2940 4644/4644/2930
f 4637/4637/2923 4648/4648/2933 4657/4657/2942
f 4637/4637/2923 4657/4657/2942 4646/4646/2931
f 4658/4658/2943 4659/4659/2944 4660/4660/2945
f 4658/4658/2943 4660/4660/2945 4661/4661/2946
f 4662/4662/2947 4663/4663/2948 4664/4664/2947
f 4662/4662/2947 4664/4664/2947 4665/4665/2949
f 4666/4666/2950 4667/4667/2951 4668/4668/2950
f 4666/4666/2950 4668/4668/2950 4669/4669/2952
f 4670/4670/2953 4671/4671/2954 4672/4672/2953
f 4670/4670/2953 4672/4672/2953 4673/4673/2955
f 1450/1450/2956 1455/1455/2956 1451/1451/2956
f 1456/1456/267 1459/1459/267 1457/1457/267
f 1460/1460/268 1710/1710/490 1712/1712/492
f 1460/1460/268 1712/1712/492 1461/1461/268
f 1467/1467/269 1468/1468/494 1713/1713/493
f 1469/1469/271 1471/1471/271 4674/4674/271
f 1472/1472/2957 1715/1715/496 1717/1717/498
f 1472/1472/2957 1717/1717/498 1473/1473/2957
f 1474/1474/272 4675/4675/272 1475/1475/272
f 1476/1476/2958 1475/1475/2958 1477/1477/2958
f 1478/1478/272 1479/1479/500 1718/1718/499
